longitude,latitude,scientificName,ID,elevacao,coberturaSolo,regiao,uc_id,nome_uc,EM_UC,classificacaoFormiga
"-43,5966","-22,994",Neivamyrmex dorbignii,GABI_00518060,"6,819620132",Área Urbanizada,Região Metropolitana,1777,APA DA ORLA MARÍTIMA DA BAÍA DE SEPETIBA,Sim,Generalista
"-43,5966","-22,994",Pseudomyrmex elongatus,GABI_00872753,"6,819620132",Área Urbanizada,Região Metropolitana,1777,APA DA ORLA MARÍTIMA DA BAÍA DE SEPETIBA,Sim,Generalista
"-43,5966","-22,994",Pseudomyrmex kuenckeli,GABI_00844350,"6,819620132",Área Urbanizada,Região Metropolitana,1777,APA DA ORLA MARÍTIMA DA BAÍA DE SEPETIBA,Sim,Generalista
"-43,5966","-22,994",Pseudomyrmex kuenckeli,GABI_00509867,"6,819620132",Área Urbanizada,Região Metropolitana,1777,APA DA ORLA MARÍTIMA DA BAÍA DE SEPETIBA,Sim,Generalista
"-43,4461","-22,9567",Acanthoponera mucronata,GABI_01716969,"451,2109985",Formação Florestal,Região Metropolitana,1795,APA DA PEDRA BRANCA,Sim,Generalista
"-43,44936111","-22,95661111",Hypoponera parva,580,"461,8280029",Formação Florestal,Região Metropolitana,1795,APA DA PEDRA BRANCA,Sim,Sem Classificação
"-43,44936111","-22,95661111",Hypoponera parva,581,"461,8280029",Formação Florestal,Região Metropolitana,1795,APA DA PEDRA BRANCA,Sim,Sem Classificação
"-43,44936111","-22,95661111",Hypoponera parva,582,"461,8280029",Formação Florestal,Região Metropolitana,1795,APA DA PEDRA BRANCA,Sim,Sem Classificação
"-43,44936111","-22,95661111",Hypoponera parva,583,"461,8280029",Formação Florestal,Região Metropolitana,1795,APA DA PEDRA BRANCA,Sim,Sem Classificação
"-43,44936111","-22,95661111",Hypoponera parva,584,"461,8280029",Formação Florestal,Região Metropolitana,1795,APA DA PEDRA BRANCA,Sim,Sem Classificação
"-43,44936111","-22,95661111",Hypoponera parva,585,"461,8280029",Formação Florestal,Região Metropolitana,1795,APA DA PEDRA BRANCA,Sim,Sem Classificação
"-43,5398","-23,0508",Atta robusta,GABI_00591986,"6,293690205",Restinga Arbórea,Região Metropolitana,1823,APA DE GRUMARI,Sim,Sem Classificação
"-43,4357","-22,6035",Acromyrmex disciger,GABI_00547782,"99,40969849",Mosaico de usos,Região Metropolitana,1879,ÀREA DE PROTEÇÃO AMBIENTAL DE TINGUÁ,Sim,Especialista de Área Aberta
"-42,1667","-22,3167",Neoponera apicalis,GABI_01858184,"623,2999878",Formação Florestal,Região Norte Fluminense,2047,ÀREA DE PROTEÇÃO AMBIENTAL DO SANA,Sim,Especialista de Floresta
"-42,1667","-22,3167",Acromyrmex coronatus,GABI_01858701,"623,2999878",Formação Florestal,Região Norte Fluminense,2047,ÀREA DE PROTEÇÃO AMBIENTAL DO SANA,Sim,Especialista de Floresta
"-42,1667","-22,3167",Acromyrmex coronatus,GABI_01858703,"623,2999878",Formação Florestal,Região Norte Fluminense,2047,ÀREA DE PROTEÇÃO AMBIENTAL DO SANA,Sim,Especialista de Floresta
"-42,1667","-22,3167",Procryptocerus convergens,GABI_01858269,"623,2999878",Formação Florestal,Região Norte Fluminense,2047,ÀREA DE PROTEÇÃO AMBIENTAL DO SANA,Sim,Especialista de Floresta
"-42,774","-22,438",Dolichoderus attelaboides,GABI_02300510,"62,72200012",Formação Florestal,Região Metropolitana,2899,RESERVA PARTICULAR DO PATRIMÔNIO NATURAL RESERVA ECOLÓGICA DE GUAPIAÇU,Sim,Especialista de Floresta
"-43,1754","-22,9541",Procryptocerus convergens,GABI_00860569,"13,95860004",Área Urbanizada,Região Metropolitana,2903,ÁREA DE PROTEÇÃO AMBIENTAL PAISAGEM CARIOCA,Sim,Especialista de Floresta
"-44,2988","-23,0062",Basiceros convexiceps,GABI_01717075,"1,687090039",Área Urbanizada,Região da Costa Verde,14523,ÁREA DE PROTEÇÃO AMBIENTAL ESTADUAL DE TAMOIOS,Sim,Especialista de Floresta
"-44,2988","-23,0062",Basiceros convexiceps,GABI_01658177,"1,687090039",Área Urbanizada,Região da Costa Verde,14523,ÁREA DE PROTEÇÃO AMBIENTAL ESTADUAL DE TAMOIOS,Sim,Especialista de Floresta
"-44,2988","-23,0062",Heteroponera dolo,GABI_01717368,"1,687090039",Área Urbanizada,Região da Costa Verde,14523,ÁREA DE PROTEÇÃO AMBIENTAL ESTADUAL DE TAMOIOS,Sim,Especialista de Floresta
"-44,2998","-22,968",Procryptocerus goeldii,GABI_00846692,"3,554100037",Área Urbanizada,Região da Costa Verde,14523,ÁREA DE PROTEÇÃO AMBIENTAL ESTADUAL DE TAMOIOS,Sim,Especialista de Floresta
"-44,2333","-23,15",Pseudomyrmex longus,GABI_01816529,"939,8530273",Formação Florestal,Região da Costa Verde,14523,ÁREA DE PROTEÇÃO AMBIENTAL ESTADUAL DE TAMOIOS,Sim,Sem Classificação
"-44,3517","-23,1811",Gnamptogenys mordax,GABI_02461156,"153,7709961",Formação Florestal,Região da Costa Verde,14523,ÁREA DE PROTEÇÃO AMBIENTAL ESTADUAL DE TAMOIOS,Sim,Especialista de Floresta
"-44,2998","-22,968",Procryptocerus goeldii,GABI_00291281,"3,554100037",Área Urbanizada,Região da Costa Verde,14523,ÁREA DE PROTEÇÃO AMBIENTAL ESTADUAL DE TAMOIOS,Sim,Especialista de Floresta
"-44,2289","-23,1521",Neoponera apicalis,GABI_00875794,"984,8900146",Formação Florestal,Região da Costa Verde,14523,ÁREA DE PROTEÇÃO AMBIENTAL ESTADUAL DE TAMOIOS,Sim,Especialista de Floresta
"-44,2289","-23,1521",Centromyrmex gigas,GABI_00509016,"984,8900146",Formação Florestal,Região da Costa Verde,14523,ÁREA DE PROTEÇÃO AMBIENTAL ESTADUAL DE TAMOIOS,Sim,Especialista de Área Aberta
"-44,2289","-23,1521",Eciton burchellii,GABI_00517550,"984,8900146",Formação Florestal,Região da Costa Verde,14523,ÁREA DE PROTEÇÃO AMBIENTAL ESTADUAL DE TAMOIOS,Sim,Generalista
"-44,2998","-22,968",Procryptocerus goeldii,GABI_01853410,"3,554100037",Área Urbanizada,Região da Costa Verde,14523,ÁREA DE PROTEÇÃO AMBIENTAL ESTADUAL DE TAMOIOS,Sim,Especialista de Floresta
"-44,3591","-23,0426",Pseudomyrmex schuppi,GABI_00873179,"155,8170013",Formação Florestal,Região da Costa Verde,14523,ÁREA DE PROTEÇÃO AMBIENTAL ESTADUAL DE TAMOIOS,Sim,Especialista de Floresta
"-44,3517","-23,1811",Alfaria minuta,GABI_02368356,"153,7709961",Formação Florestal,Região da Costa Verde,14523,ÁREA DE PROTEÇÃO AMBIENTAL ESTADUAL DE TAMOIOS,Sim,Especialista de Floresta
"-43,2095","-22,9476",Neoponera inversa,GABI_00098270,"385,7879944",Formação Florestal,Região Metropolitana,16050,PARQUE NACIONAL DA TIJUCA,Sim,Generalista
"-43,2114","-22,9524",Gnamptogenys rimulosa,GABI_00515965,"456,8039856",Formação Florestal,Região Metropolitana,16050,PARQUE NACIONAL DA TIJUCA,Sim,Sem Classificação
"-43,2095","-22,9476",Acanthoponera mucronata,GABI_01716972,"385,7879944",Formação Florestal,Região Metropolitana,16050,PARQUE NACIONAL DA TIJUCA,Sim,Generalista
"-43,2114","-22,9524",Pseudomyrmex adustus,GABI_00509832,"456,8039856",Formação Florestal,Região Metropolitana,16050,PARQUE NACIONAL DA TIJUCA,Sim,Generalista
"-43,2812","-22,9573",Acromyrmex coronatus,GABI_00547709,"528,5180054",Formação Florestal,Região Metropolitana,16050,PARQUE NACIONAL DA TIJUCA,Sim,Especialista de Floresta
"-43,2114","-22,9524",Procryptocerus regularis,GABI_00289360,"456,8039856",Formação Florestal,Região Metropolitana,16050,PARQUE NACIONAL DA TIJUCA,Sim,Especialista de Floresta
"-43,2812","-22,9573",Megalomyrmex drifti,GABI_00845822,"528,5180054",Formação Florestal,Região Metropolitana,16050,PARQUE NACIONAL DA TIJUCA,Sim,Especialista de Floresta
"-43,2114","-22,9524",Pseudomyrmex phyllophilus,GABI_00499277,"456,8039856",Formação Florestal,Região Metropolitana,16050,PARQUE NACIONAL DA TIJUCA,Sim,Generalista
"-43,2812","-22,9573",Linepithema micans,GABI_00875249,"528,5180054",Formação Florestal,Região Metropolitana,16050,PARQUE NACIONAL DA TIJUCA,Sim,Generalista
"-43,2174","-22,9462",Strumigenys saliens,GABI_01648419,"486,6109924",Formação Florestal,Região Metropolitana,16050,PARQUE NACIONAL DA TIJUCA,Sim,Especialista de Floresta
"-43,2873","-22,9493",Camponotus paradoxus,GABI_00507970,"614,625",Formação Florestal,Região Metropolitana,16050,PARQUE NACIONAL DA TIJUCA,Sim,Especialista de Floresta
"-43,2114","-22,9524",Pachycondyla impressa,GABI_00508383,"456,8039856",Formação Florestal,Região Metropolitana,16050,PARQUE NACIONAL DA TIJUCA,Sim,Especialista de Floresta
"-43,2105","-22,9519",Procryptocerus goeldii,GABI_00846675,"392,2650146",Formação Campestre,Região Metropolitana,16050,PARQUE NACIONAL DA TIJUCA,Sim,Especialista de Floresta
"-43,2338","-22,9524",Strumigenys elongata,GABI_01648296,"700,6290283",Formação Florestal,Região Metropolitana,16050,PARQUE NACIONAL DA TIJUCA,Sim,Generalista
"-43,2833","-22,95",Procryptocerus seabrai,GABI_01851105,"524,9829712",Formação Florestal,Região Metropolitana,16050,PARQUE NACIONAL DA TIJUCA,Sim,Especialista de Floresta
"-43,2494","-22,9732",Heteroponera mayri,GABI_01717591,"369,9460144",Formação Florestal,Região Metropolitana,16050,PARQUE NACIONAL DA TIJUCA,Sim,Especialista de Floresta
"-43,2114","-22,9524",Procryptocerus adlerzi,GABI_00860544,"456,8039856",Formação Florestal,Região Metropolitana,16050,PARQUE NACIONAL DA TIJUCA,Sim,Especialista de Floresta
"-43,2114","-22,9524",Camponotus blandus,GABI_00498641,"456,8039856",Formação Florestal,Região Metropolitana,16050,PARQUE NACIONAL DA TIJUCA,Sim,Generalista
"-43,2833","-22,95",Procryptocerus seabrai,GABI_00289263,"524,9829712",Formação Florestal,Região Metropolitana,16050,PARQUE NACIONAL DA TIJUCA,Sim,Especialista de Floresta
"-43,2833","-22,95",Procryptocerus seabrai,GABI_00289264,"524,9829712",Formação Florestal,Região Metropolitana,16050,PARQUE NACIONAL DA TIJUCA,Sim,Especialista de Floresta
"-43,2833","-22,95",Procryptocerus convergens,GABI_00289300,"524,9829712",Formação Florestal,Região Metropolitana,16050,PARQUE NACIONAL DA TIJUCA,Sim,Especialista de Floresta
"-43,2114","-22,9524",Camponotus crassus,GABI_00498651,"456,8039856",Formação Florestal,Região Metropolitana,16050,PARQUE NACIONAL DA TIJUCA,Sim,Generalista
"-43,2873","-22,9493",Hylomyrma reitteri,GABI_00510747,"614,625",Formação Florestal,Região Metropolitana,16050,PARQUE NACIONAL DA TIJUCA,Sim,Especialista de Floresta
"-43,2114","-22,9524",Myrmelachista arthuri,GABI_00509491,"456,8039856",Formação Florestal,Região Metropolitana,16050,PARQUE NACIONAL DA TIJUCA,Sim,Sem Classificação
"-43,2338","-22,9524",Strumigenys louisianae,GABI_01648344,"700,6290283",Formação Florestal,Região Metropolitana,16050,PARQUE NACIONAL DA TIJUCA,Sim,Especialista de Floresta
"-43,2812","-22,9573",Brachymyrmex feitosai,GABI_00578989,"528,5180054",Formação Florestal,Região Metropolitana,16050,PARQUE NACIONAL DA TIJUCA,Sim,Especialista de Floresta
"-43,2114","-22,9524",Cephalotes depressus,GABI_00498918,"456,8039856",Formação Florestal,Região Metropolitana,16050,PARQUE NACIONAL DA TIJUCA,Sim,Generalista
"-43,2812","-22,9573",Megalomyrmex symmetochus,GABI_00845809,"528,5180054",Formação Florestal,Região Metropolitana,16050,PARQUE NACIONAL DA TIJUCA,Sim,Especialista de Floresta
"-43,2812","-22,9573",Heteroponera dentinodis,GABI_01717299,"528,5180054",Formação Florestal,Região Metropolitana,16050,PARQUE NACIONAL DA TIJUCA,Sim,Generalista
"-43,2114","-22,9524",Cephalotes notatus,GABI_00509040,"456,8039856",Formação Florestal,Região Metropolitana,16050,PARQUE NACIONAL DA TIJUCA,Sim,Generalista
"-43,2114","-22,9524",Linepithema iniquum,GABI_00431359,"456,8039856",Formação Florestal,Região Metropolitana,16050,PARQUE NACIONAL DA TIJUCA,Sim,Generalista
"-43,2812","-22,9573",Linepithema neotropicum,GABI_00875326,"528,5180054",Formação Florestal,Região Metropolitana,16050,PARQUE NACIONAL DA TIJUCA,Sim,Generalista
"-43,2114","-22,9524",Myrmelachista bettinae,GABI_00513578,"456,8039856",Formação Florestal,Região Metropolitana,16050,PARQUE NACIONAL DA TIJUCA,Sim,Sem Classificação
"-43,2873","-22,9493",Hylomyrma balzani,GABI_00510726,"614,625",Formação Florestal,Região Metropolitana,16050,PARQUE NACIONAL DA TIJUCA,Sim,Especialista de Floresta
"-43,2833","-22,95",Procryptocerus adlerzi,GABI_01851112,"524,9829712",Formação Florestal,Região Metropolitana,16050,PARQUE NACIONAL DA TIJUCA,Sim,Especialista de Floresta
"-43,2333","-22,95",Procryptocerus gibbosus,GABI_01851165,"667,0700073",Formação Florestal,Região Metropolitana,16050,PARQUE NACIONAL DA TIJUCA,Sim,Sem Classificação
"-43,2114","-22,9524",Pheidole angusta,GABI_01819498,"456,8039856",Formação Florestal,Região Metropolitana,16050,PARQUE NACIONAL DA TIJUCA,Sim,Sem Classificação
"-43,2114","-22,9524",Procryptocerus goeldii,GABI_00860481,"456,8039856",Formação Florestal,Região Metropolitana,16050,PARQUE NACIONAL DA TIJUCA,Sim,Especialista de Floresta
"-43,2114","-22,9524",Acanthoponera mucronata,GABI_00515893,"456,8039856",Formação Florestal,Região Metropolitana,16050,PARQUE NACIONAL DA TIJUCA,Sim,Generalista
"-43,2114","-22,9524",Linepithema iniquum,GABI_00516294,"456,8039856",Formação Florestal,Região Metropolitana,16050,PARQUE NACIONAL DA TIJUCA,Sim,Generalista
"-43,2114","-22,9524",Acanthoponera mucronata,GABI_01716967,"456,8039856",Formação Florestal,Região Metropolitana,16050,PARQUE NACIONAL DA TIJUCA,Sim,Generalista
"-43,2114","-22,9524",Pheidole angusta,GABI_00499117,"456,8039856",Formação Florestal,Região Metropolitana,16050,PARQUE NACIONAL DA TIJUCA,Sim,Sem Classificação
"-43,2267","-22,9436",Procryptocerus gibbosus,GABI_00509382,"609,8040161",Formação Florestal,Região Metropolitana,16050,PARQUE NACIONAL DA TIJUCA,Sim,Sem Classificação
"-43,2833","-22,95",Procryptocerus seabrai,GABI_01851107,"524,9829712",Formação Florestal,Região Metropolitana,16050,PARQUE NACIONAL DA TIJUCA,Sim,Especialista de Floresta
"-43,2333","-22,95",Procryptocerus gibbosus,GABI_00289308,"667,0700073",Formação Florestal,Região Metropolitana,16050,PARQUE NACIONAL DA TIJUCA,Sim,Sem Classificação
"-43,2873","-22,9493",Camponotus hedwigae,GABI_00509306,"614,625",Formação Florestal,Região Metropolitana,16050,PARQUE NACIONAL DA TIJUCA,Sim,Especialista de Floresta
"-43,2812","-22,9573",Pheidole dyctiota,GABI_01658300,"528,5180054",Formação Florestal,Região Metropolitana,16050,PARQUE NACIONAL DA TIJUCA,Sim,Especialista de Floresta
"-43,2873","-22,9493",Pheidole dyctiota,GABI_00510559,"614,625",Formação Florestal,Região Metropolitana,16050,PARQUE NACIONAL DA TIJUCA,Sim,Especialista de Floresta
"-43,2873","-22,9493",Neocerapachys splendens,GABI_00508803,"614,625",Formação Florestal,Região Metropolitana,16050,PARQUE NACIONAL DA TIJUCA,Sim,Especialista de Floresta
"-43,2105","-22,9519",Procryptocerus goeldii,GABI_01819962,"392,2650146",Formação Campestre,Região Metropolitana,16050,PARQUE NACIONAL DA TIJUCA,Sim,Especialista de Floresta
"-43,25","-22,9667",Fulakora elongata,GABI_00500801,"296,3840027",Formação Florestal,Região Metropolitana,16050,PARQUE NACIONAL DA TIJUCA,Sim,Especialista de Floresta
"-43,2167","-22,95",Poneracantha menozzii,GABI_01003588,"462,368988",Formação Florestal,Região Metropolitana,16050,PARQUE NACIONAL DA TIJUCA,Sim,Sem Classificação
"-43,2873","-22,9493",Pseudomyrmex adustus,GABI_00509833,"614,625",Formação Florestal,Região Metropolitana,16050,PARQUE NACIONAL DA TIJUCA,Sim,Generalista
"-43,2114","-22,9524",Neoponera moesta,GABI_00498773,"456,8039856",Formação Florestal,Região Metropolitana,16050,PARQUE NACIONAL DA TIJUCA,Sim,Especialista de Floresta
"-43,2114","-22,9524",Myrmelachista arthuri,GABI_00414310,"456,8039856",Formação Florestal,Região Metropolitana,16050,PARQUE NACIONAL DA TIJUCA,Sim,Sem Classificação
"-43,2114","-22,9524",Myrmelachista bambusarum,GABI_00414312,"456,8039856",Formação Florestal,Região Metropolitana,16050,PARQUE NACIONAL DA TIJUCA,Sim,Generalista
"-43,2864","-22,9431",Strumigenys saliens,GABI_00479386,"948,0139771",Afloramento Rochoso,Região Metropolitana,16050,PARQUE NACIONAL DA TIJUCA,Sim,Especialista de Floresta
"-43,2114","-22,9524",Cephalotes membranaceus,GABI_00509663,"456,8039856",Formação Florestal,Região Metropolitana,16050,PARQUE NACIONAL DA TIJUCA,Sim,Especialista de Floresta
"-43,2833","-22,95",Procryptocerus convergens,GABI_00289297,"524,9829712",Formação Florestal,Região Metropolitana,16050,PARQUE NACIONAL DA TIJUCA,Sim,Especialista de Floresta
"-43,2833","-22,95",Procryptocerus gibbosus,GABI_00289309,"524,9829712",Formação Florestal,Região Metropolitana,16050,PARQUE NACIONAL DA TIJUCA,Sim,Sem Classificação
"-43,2833","-22,95",Procryptocerus convergens,GABI_00289299,"524,9829712",Formação Florestal,Região Metropolitana,16050,PARQUE NACIONAL DA TIJUCA,Sim,Especialista de Floresta
"-43,2833","-22,95",Procryptocerus lepidus,GABI_00289317,"524,9829712",Formação Florestal,Região Metropolitana,16050,PARQUE NACIONAL DA TIJUCA,Sim,Especialista de Área Aberta
"-43,2114","-22,9524",Crematogaster limata,GABI_00499007,"456,8039856",Formação Florestal,Região Metropolitana,16050,PARQUE NACIONAL DA TIJUCA,Sim,Generalista
"-43,2114","-22,9524",Procryptocerus regularis,GABI_00498962,"456,8039856",Formação Florestal,Região Metropolitana,16050,PARQUE NACIONAL DA TIJUCA,Sim,Especialista de Floresta
"-43,2114","-22,9524",Myrmelachista bambusarum,GABI_00504956,"456,8039856",Formação Florestal,Região Metropolitana,16050,PARQUE NACIONAL DA TIJUCA,Sim,Generalista
"-43,2114","-22,9524",Myrmelachista arthuri,GABI_01820619,"456,8039856",Formação Florestal,Região Metropolitana,16050,PARQUE NACIONAL DA TIJUCA,Sim,Sem Classificação
"-43,2567","-22,9617",Cephalotes pinelii,GABI_00507069,"673,1329956",Formação Florestal,Região Metropolitana,16050,PARQUE NACIONAL DA TIJUCA,Sim,Especialista de Área Aberta
"-43,2873","-22,9493",Hylomyrma reitteri,GABI_00507921,"614,625",Formação Florestal,Região Metropolitana,16050,PARQUE NACIONAL DA TIJUCA,Sim,Especialista de Floresta
"-43,2114","-22,9524",Pseudomyrmex schuppi,GABI_00499285,"456,8039856",Formação Florestal,Região Metropolitana,16050,PARQUE NACIONAL DA TIJUCA,Sim,Especialista de Floresta
"-43,2873","-22,9493",Megalomyrmex drifti,GABI_00510599,"614,625",Formação Florestal,Região Metropolitana,16050,PARQUE NACIONAL DA TIJUCA,Sim,Especialista de Floresta
"-43,2114","-22,9524",Acanthoponera mucronata,GABI_00448619,"456,8039856",Formação Florestal,Região Metropolitana,16050,PARQUE NACIONAL DA TIJUCA,Sim,Generalista
"-43,2833","-22,95",Procryptocerus seabrai,GABI_01851108,"524,9829712",Formação Florestal,Região Metropolitana,16050,PARQUE NACIONAL DA TIJUCA,Sim,Especialista de Floresta
"-43,2114","-22,9524",Hylomyrma reitteri,GABI_00507910,"456,8039856",Formação Florestal,Região Metropolitana,16050,PARQUE NACIONAL DA TIJUCA,Sim,Especialista de Floresta
"-43,2114","-22,9524",Procryptocerus adlerzi,GABI_01836127,"456,8039856",Formação Florestal,Região Metropolitana,16050,PARQUE NACIONAL DA TIJUCA,Sim,Especialista de Floresta
"-43,2338","-22,9524",Strumigenys crassicornis,GABI_01648192,"700,6290283",Formação Florestal,Região Metropolitana,16050,PARQUE NACIONAL DA TIJUCA,Sim,Especialista de Floresta
"-43,2873","-22,9493",Procryptocerus seabrai,GABI_00508764,"614,625",Formação Florestal,Região Metropolitana,16050,PARQUE NACIONAL DA TIJUCA,Sim,Especialista de Floresta
"-43,2873","-22,9493",Dolichoderus lobicornis,GABI_00509437,"614,625",Formação Florestal,Região Metropolitana,16050,PARQUE NACIONAL DA TIJUCA,Sim,Especialista de Área Aberta
"-43,2338","-22,9524",Strumigenys denticulata,GABI_01648248,"700,6290283",Formação Florestal,Região Metropolitana,16050,PARQUE NACIONAL DA TIJUCA,Sim,Especialista de Floresta
"-43,2812","-22,9573",Myrmicocrypta camargoi,GABI_00529503,"528,5180054",Formação Florestal,Região Metropolitana,16050,PARQUE NACIONAL DA TIJUCA,Sim,Generalista
"-43,2114","-22,9524",Pheidole angusta,GABI_01819497,"456,8039856",Formação Florestal,Região Metropolitana,16050,PARQUE NACIONAL DA TIJUCA,Sim,Sem Classificação
"-43,2122","-22,9607",Camponotus sericeiventris,GABI_02297373,"19,27230072",Formação Florestal,Região Metropolitana,16050,PARQUE NACIONAL DA TIJUCA,Sim,Generalista
"-43,2847","-22,9979",Pseudomyrmex kuenckeli,GABI_00844351,"610,8670044",Formação Florestal,Região Metropolitana,16050,PARQUE NACIONAL DA TIJUCA,Sim,Generalista
"-43,2833","-22,95",Procryptocerus seabrai,GABI_00289262,"524,9829712",Formação Florestal,Região Metropolitana,16050,PARQUE NACIONAL DA TIJUCA,Sim,Especialista de Floresta
"-43,2114","-22,9524",Nomamyrmex hartigii,GABI_00517523,"456,8039856",Formação Florestal,Região Metropolitana,16050,PARQUE NACIONAL DA TIJUCA,Sim,Generalista
"-43,2114","-22,9524",Hylomyrma reitteri,GABI_01819220,"456,8039856",Formação Florestal,Região Metropolitana,16050,PARQUE NACIONAL DA TIJUCA,Sim,Especialista de Floresta
"-43,2333","-22,95",Procryptocerus gibbosus,GABI_01851167,"667,0700073",Formação Florestal,Região Metropolitana,16050,PARQUE NACIONAL DA TIJUCA,Sim,Sem Classificação
"-43,2873","-22,9493",Pseudomyrmex phyllophilus,GABI_00509813,"614,625",Formação Florestal,Região Metropolitana,16050,PARQUE NACIONAL DA TIJUCA,Sim,Generalista
"-43,2114","-22,9524",Pseudomyrmex unicolor,GABI_00499255,"456,8039856",Formação Florestal,Região Metropolitana,16050,PARQUE NACIONAL DA TIJUCA,Sim,Generalista
"-43,2114","-22,9524",Camponotus excisus,GABI_00498669,"456,8039856",Formação Florestal,Região Metropolitana,16050,PARQUE NACIONAL DA TIJUCA,Sim,Especialista de Floresta
"-43,2114","-22,9524",Cephalotes angustus,GABI_00498936,"456,8039856",Formação Florestal,Região Metropolitana,16050,PARQUE NACIONAL DA TIJUCA,Sim,Generalista
"-43,2873","-22,9493",Brachymyrmex admotus,GABI_02374672,"614,625",Formação Florestal,Região Metropolitana,16050,PARQUE NACIONAL DA TIJUCA,Sim,Generalista
"-43,2114","-22,9524",Pseudomyrmex phyllophilus,GABI_00509747,"456,8039856",Formação Florestal,Região Metropolitana,16050,PARQUE NACIONAL DA TIJUCA,Sim,Generalista
"-43,2114","-22,9524",Gnamptogenys rimulosa,GABI_00498737,"456,8039856",Formação Florestal,Região Metropolitana,16050,PARQUE NACIONAL DA TIJUCA,Sim,Sem Classificação
"-43,2114","-22,9524",Procryptocerus regularis,GABI_00860523,"456,8039856",Formação Florestal,Região Metropolitana,16050,PARQUE NACIONAL DA TIJUCA,Sim,Especialista de Floresta
"-43,2114","-22,9524",Octostruma rugifera,GABI_00498904,"456,8039856",Formação Florestal,Região Metropolitana,16050,PARQUE NACIONAL DA TIJUCA,Sim,Especialista de Floresta
"-43,2114","-22,9524",Procryptocerus regularis,GABI_01851220,"456,8039856",Formação Florestal,Região Metropolitana,16050,PARQUE NACIONAL DA TIJUCA,Sim,Especialista de Floresta
"-43,2833","-22,95",Procryptocerus lepidus,GABI_01851176,"524,9829712",Formação Florestal,Região Metropolitana,16050,PARQUE NACIONAL DA TIJUCA,Sim,Especialista de Área Aberta
"-43,2114","-22,9524",Pheidole gibba,GABI_00510561,"456,8039856",Formação Florestal,Região Metropolitana,16050,PARQUE NACIONAL DA TIJUCA,Sim,Especialista de Floresta
"-43,2114","-22,9524",Pogonomyrmex naegelii,GABI_00507889,"456,8039856",Formação Florestal,Região Metropolitana,16050,PARQUE NACIONAL DA TIJUCA,Sim,Especialista de Área Aberta
"-43,2114","-22,9524",Pseudomyrmex schuppi,GABI_00509704,"456,8039856",Formação Florestal,Região Metropolitana,16050,PARQUE NACIONAL DA TIJUCA,Sim,Especialista de Floresta
"-43,2114","-22,9524",Linepithema iniquum,GABI_00499395,"456,8039856",Formação Florestal,Região Metropolitana,16050,PARQUE NACIONAL DA TIJUCA,Sim,Generalista
"-43,2833","-22,95",Procryptocerus adlerzi,GABI_00289267,"524,9829712",Formação Florestal,Região Metropolitana,16050,PARQUE NACIONAL DA TIJUCA,Sim,Especialista de Floresta
"-43,2833","-22,95",Procryptocerus seabrai,GABI_01851106,"524,9829712",Formação Florestal,Região Metropolitana,16050,PARQUE NACIONAL DA TIJUCA,Sim,Especialista de Floresta
"-43,2833","-22,95",Procryptocerus convergens,GABI_01851153,"524,9829712",Formação Florestal,Região Metropolitana,16050,PARQUE NACIONAL DA TIJUCA,Sim,Especialista de Floresta
"-43,2873","-22,9493",Hylomyrma balzani,GABI_00507935,"614,625",Formação Florestal,Região Metropolitana,16050,PARQUE NACIONAL DA TIJUCA,Sim,Especialista de Floresta
"-43,2114","-22,9524",Octostruma rugifera,GABI_00531043,"456,8039856",Formação Florestal,Região Metropolitana,16050,PARQUE NACIONAL DA TIJUCA,Sim,Especialista de Floresta
"-43,2114","-22,9524",Strumigenys saliens,GABI_00479387,"456,8039856",Formação Florestal,Região Metropolitana,16050,PARQUE NACIONAL DA TIJUCA,Sim,Especialista de Floresta
"-43,2114","-22,9524",Myrmelachista bambusarum,GABI_00201341,"456,8039856",Formação Florestal,Região Metropolitana,16050,PARQUE NACIONAL DA TIJUCA,Sim,Generalista
"-43,2114","-22,9524",Acromyrmex coronatus,GABI_00547679,"456,8039856",Formação Florestal,Região Metropolitana,16050,PARQUE NACIONAL DA TIJUCA,Sim,Especialista de Floresta
"-43,29113889","-22,96111111",Fulakora elongata,1,"447,3900146",Formação Florestal,Região Metropolitana,16050,PARQUE NACIONAL DA TIJUCA,Sim,Especialista de Floresta
"-43,28280556","-22,95813889",Linepithema angulatum,2,"525,8660278",Formação Florestal,Região Metropolitana,16050,PARQUE NACIONAL DA TIJUCA,Sim,Especialista de Área Aberta
"-43,29180556","-22,94675",Linepithema micans,3,"681,947998",Formação Florestal,Região Metropolitana,16050,PARQUE NACIONAL DA TIJUCA,Sim,Generalista
"-43,282","-22,95727778",Linepithema micans,5,"528,3079834",Formação Florestal,Região Metropolitana,16050,PARQUE NACIONAL DA TIJUCA,Sim,Generalista
"-43,29166667","-22,94672222",Labidus coecus,6,"681,947998",Formação Florestal,Região Metropolitana,16050,PARQUE NACIONAL DA TIJUCA,Sim,Generalista
"-43,29161111","-22,94708333",Labidus coecus,7,"678,8469849",Formação Florestal,Região Metropolitana,16050,PARQUE NACIONAL DA TIJUCA,Sim,Generalista
"-43,29008333","-22,96172222",Labidus praedator,8,"408,4400024",Formação Florestal,Região Metropolitana,16050,PARQUE NACIONAL DA TIJUCA,Sim,Especialista de Floresta
"-43,29008333","-22,96172222",Labidus praedator,9,"408,4400024",Formação Florestal,Região Metropolitana,16050,PARQUE NACIONAL DA TIJUCA,Sim,Especialista de Floresta
"-43,29008333","-22,96172222",Labidus praedator,10,"408,4400024",Formação Florestal,Região Metropolitana,16050,PARQUE NACIONAL DA TIJUCA,Sim,Especialista de Floresta
"-43,29030556","-22,96161111",Labidus praedator,11,"420,1390076",Formação Florestal,Região Metropolitana,16050,PARQUE NACIONAL DA TIJUCA,Sim,Especialista de Floresta
"-43,29030556","-22,96161111",Labidus praedator,12,"420,1390076",Formação Florestal,Região Metropolitana,16050,PARQUE NACIONAL DA TIJUCA,Sim,Especialista de Floresta
"-43,29030556","-22,96161111",Labidus praedator,13,"420,1390076",Formação Florestal,Região Metropolitana,16050,PARQUE NACIONAL DA TIJUCA,Sim,Especialista de Floresta
"-43,29013889","-22,96172222",Neocerapachys neotropicus,14,"408,4400024",Formação Florestal,Região Metropolitana,16050,PARQUE NACIONAL DA TIJUCA,Sim,Especialista de Floresta
"-43,28291667","-22,95627778",Ectatomma edentatum,15,"511,6640015",Formação Florestal,Região Metropolitana,16050,PARQUE NACIONAL DA TIJUCA,Sim,Generalista
"-43,28377778","-22,95661111",Ectatomma edentatum,16,"504,3829956",Formação Florestal,Região Metropolitana,16050,PARQUE NACIONAL DA TIJUCA,Sim,Generalista
"-43,28358333","-22,95652778",Ectatomma edentatum,17,"509,2139893",Formação Florestal,Região Metropolitana,16050,PARQUE NACIONAL DA TIJUCA,Sim,Generalista
"-43,28375","-22,95661111",Ectatomma edentatum,18,"504,3829956",Formação Florestal,Região Metropolitana,16050,PARQUE NACIONAL DA TIJUCA,Sim,Generalista
"-43,28352778","-22,95655556",Ectatomma muticum,19,"509,2139893",Formação Florestal,Região Metropolitana,16050,PARQUE NACIONAL DA TIJUCA,Sim,Especialista de Área Aberta
"-43,28352778","-22,95655556",Ectatomma muticum,20,"509,2139893",Formação Florestal,Região Metropolitana,16050,PARQUE NACIONAL DA TIJUCA,Sim,Especialista de Área Aberta
"-43,28241667","-22,95680556",Ectatomma muticum,21,"521,914978",Formação Florestal,Região Metropolitana,16050,PARQUE NACIONAL DA TIJUCA,Sim,Especialista de Área Aberta
"-43,28291667","-22,95638889",Ectatomma permagnum,22,"516,1290283",Formação Florestal,Região Metropolitana,16050,PARQUE NACIONAL DA TIJUCA,Sim,Generalista
"-43,29241667","-22,94616667",Gnamptogenys continua,23,"701,8209839",Formação Florestal,Região Metropolitana,16050,PARQUE NACIONAL DA TIJUCA,Sim,Especialista de Floresta
"-43,29241667","-22,94616667",Gnamptogenys continua,24,"701,8209839",Formação Florestal,Região Metropolitana,16050,PARQUE NACIONAL DA TIJUCA,Sim,Especialista de Floresta
"-43,29241667","-22,94616667",Gnamptogenys continua,25,"701,8209839",Formação Florestal,Região Metropolitana,16050,PARQUE NACIONAL DA TIJUCA,Sim,Especialista de Floresta
"-43,28216667","-22,95755556",Gnamptogenys continua,26,"525,4940186",Formação Florestal,Região Metropolitana,16050,PARQUE NACIONAL DA TIJUCA,Sim,Especialista de Floresta
"-43,28216667","-22,95755556",Gnamptogenys continua,27,"525,4940186",Formação Florestal,Região Metropolitana,16050,PARQUE NACIONAL DA TIJUCA,Sim,Especialista de Floresta
"-43,29080556","-22,96177778",Gnamptogenys continua,28,"417,8380127",Formação Florestal,Região Metropolitana,16050,PARQUE NACIONAL DA TIJUCA,Sim,Especialista de Floresta
"-43,29080556","-22,96177778",Gnamptogenys continua,29,"417,8380127",Formação Florestal,Região Metropolitana,16050,PARQUE NACIONAL DA TIJUCA,Sim,Especialista de Floresta
"-43,29241667","-22,94677778",Gnamptogenys horni,30,"691,0170288",Formação Florestal,Região Metropolitana,16050,PARQUE NACIONAL DA TIJUCA,Sim,Especialista de Floresta
"-43,28972222","-22,96211111",Gnamptogenys horni,31,"399,3250122",Formação Florestal,Região Metropolitana,16050,PARQUE NACIONAL DA TIJUCA,Sim,Especialista de Floresta
"-43,29241667","-22,94616667",Heteroponera dentinodis,32,"701,8209839",Formação Florestal,Região Metropolitana,16050,PARQUE NACIONAL DA TIJUCA,Sim,Generalista
"-43,29152778","-22,94530556",Heteroponera dolo,33,"722,8690186",Formação Florestal,Região Metropolitana,16050,PARQUE NACIONAL DA TIJUCA,Sim,Especialista de Floresta
"-43,29152778","-22,94530556",Heteroponera dolo,34,"722,8690186",Formação Florestal,Região Metropolitana,16050,PARQUE NACIONAL DA TIJUCA,Sim,Especialista de Floresta
"-43,29152778","-22,94530556",Heteroponera dolo,35,"722,8690186",Formação Florestal,Região Metropolitana,16050,PARQUE NACIONAL DA TIJUCA,Sim,Especialista de Floresta
"-43,29152778","-22,94530556",Heteroponera dolo,36,"722,8690186",Formação Florestal,Região Metropolitana,16050,PARQUE NACIONAL DA TIJUCA,Sim,Especialista de Floresta
"-43,29152778","-22,94530556",Heteroponera dolo,37,"722,8690186",Formação Florestal,Região Metropolitana,16050,PARQUE NACIONAL DA TIJUCA,Sim,Especialista de Floresta
"-43,29152778","-22,94530556",Heteroponera dolo,38,"722,8690186",Formação Florestal,Região Metropolitana,16050,PARQUE NACIONAL DA TIJUCA,Sim,Especialista de Floresta
"-43,29152778","-22,94530556",Heteroponera dolo,39,"722,8690186",Formação Florestal,Região Metropolitana,16050,PARQUE NACIONAL DA TIJUCA,Sim,Especialista de Floresta
"-43,29152778","-22,94530556",Heteroponera dolo,40,"722,8690186",Formação Florestal,Região Metropolitana,16050,PARQUE NACIONAL DA TIJUCA,Sim,Especialista de Floresta
"-43,29191667","-22,96105556",Heteroponera dolo,41,"459,7690125",Formação Florestal,Região Metropolitana,16050,PARQUE NACIONAL DA TIJUCA,Sim,Especialista de Floresta
"-43,29183333","-22,94652778",Heteroponera mayri,42,"686,5709839",Formação Florestal,Região Metropolitana,16050,PARQUE NACIONAL DA TIJUCA,Sim,Especialista de Floresta
"-43,29183333","-22,94652778",Heteroponera mayri,43,"686,5709839",Formação Florestal,Região Metropolitana,16050,PARQUE NACIONAL DA TIJUCA,Sim,Especialista de Floresta
"-43,28269444","-22,95661111",Heteroponera mayri,44,"516,7559814",Formação Florestal,Região Metropolitana,16050,PARQUE NACIONAL DA TIJUCA,Sim,Especialista de Floresta
"-43,29236111","-22,946",Holcoponera mina,45,"711,4119873",Formação Florestal,Região Metropolitana,16050,PARQUE NACIONAL DA TIJUCA,Sim,Generalista
"-43,29236111","-22,946",Holcoponera mina,46,"711,4119873",Formação Florestal,Região Metropolitana,16050,PARQUE NACIONAL DA TIJUCA,Sim,Generalista
"-43,29141667","-22,94611111",Holcoponera moelleri,47,"701,5139771",Formação Florestal,Região Metropolitana,16050,PARQUE NACIONAL DA TIJUCA,Sim,Generalista
"-43,29141667","-22,94611111",Holcoponera moelleri,48,"701,5139771",Formação Florestal,Região Metropolitana,16050,PARQUE NACIONAL DA TIJUCA,Sim,Generalista
"-43,29141667","-22,94611111",Holcoponera moelleri,49,"701,5139771",Formação Florestal,Região Metropolitana,16050,PARQUE NACIONAL DA TIJUCA,Sim,Generalista
"-43,29141667","-22,94611111",Holcoponera moelleri,50,"701,5139771",Formação Florestal,Região Metropolitana,16050,PARQUE NACIONAL DA TIJUCA,Sim,Generalista
"-43,29141667","-22,94611111",Holcoponera moelleri,51,"701,5139771",Formação Florestal,Região Metropolitana,16050,PARQUE NACIONAL DA TIJUCA,Sim,Generalista
"-43,29141667","-22,94611111",Holcoponera moelleri,52,"701,5139771",Formação Florestal,Região Metropolitana,16050,PARQUE NACIONAL DA TIJUCA,Sim,Generalista
"-43,29141667","-22,94611111",Holcoponera moelleri,53,"701,5139771",Formação Florestal,Região Metropolitana,16050,PARQUE NACIONAL DA TIJUCA,Sim,Generalista
"-43,29141667","-22,94611111",Holcoponera moelleri,54,"701,5139771",Formação Florestal,Região Metropolitana,16050,PARQUE NACIONAL DA TIJUCA,Sim,Generalista
"-43,29202778","-22,94638889",Holcoponera moelleri,55,"689,5599976",Formação Florestal,Região Metropolitana,16050,PARQUE NACIONAL DA TIJUCA,Sim,Generalista
"-43,29202778","-22,94638889",Holcoponera moelleri,56,"689,5599976",Formação Florestal,Região Metropolitana,16050,PARQUE NACIONAL DA TIJUCA,Sim,Generalista
"-43,29202778","-22,94638889",Holcoponera moelleri,57,"689,5599976",Formação Florestal,Região Metropolitana,16050,PARQUE NACIONAL DA TIJUCA,Sim,Generalista
"-43,29202778","-22,94638889",Holcoponera moelleri,58,"689,5599976",Formação Florestal,Região Metropolitana,16050,PARQUE NACIONAL DA TIJUCA,Sim,Generalista
"-43,29202778","-22,94638889",Holcoponera moelleri,59,"689,5599976",Formação Florestal,Região Metropolitana,16050,PARQUE NACIONAL DA TIJUCA,Sim,Generalista
"-43,29202778","-22,94638889",Holcoponera moelleri,60,"689,5599976",Formação Florestal,Região Metropolitana,16050,PARQUE NACIONAL DA TIJUCA,Sim,Generalista
"-43,28275","-22,95630556",Holcoponera moelleri,61,"510,9490051",Formação Florestal,Região Metropolitana,16050,PARQUE NACIONAL DA TIJUCA,Sim,Generalista
"-43,28275","-22,95630556",Holcoponera moelleri,62,"510,9490051",Formação Florestal,Região Metropolitana,16050,PARQUE NACIONAL DA TIJUCA,Sim,Generalista
"-43,28275","-22,95630556",Holcoponera moelleri,63,"510,9490051",Formação Florestal,Região Metropolitana,16050,PARQUE NACIONAL DA TIJUCA,Sim,Generalista
"-43,28275","-22,95630556",Holcoponera moelleri,64,"510,9490051",Formação Florestal,Região Metropolitana,16050,PARQUE NACIONAL DA TIJUCA,Sim,Generalista
"-43,28275","-22,95630556",Holcoponera moelleri,65,"510,9490051",Formação Florestal,Região Metropolitana,16050,PARQUE NACIONAL DA TIJUCA,Sim,Generalista
"-43,28275","-22,95630556",Holcoponera moelleri,66,"510,9490051",Formação Florestal,Região Metropolitana,16050,PARQUE NACIONAL DA TIJUCA,Sim,Generalista
"-43,28275","-22,95630556",Holcoponera moelleri,67,"510,9490051",Formação Florestal,Região Metropolitana,16050,PARQUE NACIONAL DA TIJUCA,Sim,Generalista
"-43,28275","-22,95630556",Holcoponera moelleri,68,"510,9490051",Formação Florestal,Região Metropolitana,16050,PARQUE NACIONAL DA TIJUCA,Sim,Generalista
"-43,28275","-22,95630556",Holcoponera moelleri,69,"510,9490051",Formação Florestal,Região Metropolitana,16050,PARQUE NACIONAL DA TIJUCA,Sim,Generalista
"-43,28275","-22,95630556",Holcoponera moelleri,70,"510,9490051",Formação Florestal,Região Metropolitana,16050,PARQUE NACIONAL DA TIJUCA,Sim,Generalista
"-43,28275","-22,95630556",Holcoponera moelleri,71,"510,9490051",Formação Florestal,Região Metropolitana,16050,PARQUE NACIONAL DA TIJUCA,Sim,Generalista
"-43,28216667","-22,95755556",Holcoponera moelleri,72,"525,4940186",Formação Florestal,Região Metropolitana,16050,PARQUE NACIONAL DA TIJUCA,Sim,Generalista
"-43,28216667","-22,95755556",Holcoponera moelleri,73,"525,4940186",Formação Florestal,Região Metropolitana,16050,PARQUE NACIONAL DA TIJUCA,Sim,Generalista
"-43,28216667","-22,95755556",Holcoponera moelleri,74,"525,4940186",Formação Florestal,Região Metropolitana,16050,PARQUE NACIONAL DA TIJUCA,Sim,Generalista
"-43,28216667","-22,95755556",Holcoponera moelleri,75,"525,4940186",Formação Florestal,Região Metropolitana,16050,PARQUE NACIONAL DA TIJUCA,Sim,Generalista
"-43,28216667","-22,95755556",Holcoponera moelleri,76,"525,4940186",Formação Florestal,Região Metropolitana,16050,PARQUE NACIONAL DA TIJUCA,Sim,Generalista
"-43,28216667","-22,95755556",Holcoponera moelleri,77,"525,4940186",Formação Florestal,Região Metropolitana,16050,PARQUE NACIONAL DA TIJUCA,Sim,Generalista
"-43,28216667","-22,95755556",Holcoponera moelleri,78,"525,4940186",Formação Florestal,Região Metropolitana,16050,PARQUE NACIONAL DA TIJUCA,Sim,Generalista
"-43,28216667","-22,95755556",Holcoponera moelleri,79,"525,4940186",Formação Florestal,Região Metropolitana,16050,PARQUE NACIONAL DA TIJUCA,Sim,Generalista
"-43,28216667","-22,95755556",Holcoponera moelleri,80,"525,4940186",Formação Florestal,Região Metropolitana,16050,PARQUE NACIONAL DA TIJUCA,Sim,Generalista
"-43,28216667","-22,95755556",Holcoponera moelleri,81,"525,4940186",Formação Florestal,Região Metropolitana,16050,PARQUE NACIONAL DA TIJUCA,Sim,Generalista
"-43,28216667","-22,95755556",Holcoponera moelleri,82,"525,4940186",Formação Florestal,Região Metropolitana,16050,PARQUE NACIONAL DA TIJUCA,Sim,Generalista
"-43,28216667","-22,95755556",Holcoponera moelleri,83,"525,4940186",Formação Florestal,Região Metropolitana,16050,PARQUE NACIONAL DA TIJUCA,Sim,Generalista
"-43,28216667","-22,95755556",Holcoponera moelleri,84,"525,4940186",Formação Florestal,Região Metropolitana,16050,PARQUE NACIONAL DA TIJUCA,Sim,Generalista
"-43,28216667","-22,95755556",Holcoponera moelleri,85,"525,4940186",Formação Florestal,Região Metropolitana,16050,PARQUE NACIONAL DA TIJUCA,Sim,Generalista
"-43,28216667","-22,95755556",Holcoponera moelleri,86,"525,4940186",Formação Florestal,Região Metropolitana,16050,PARQUE NACIONAL DA TIJUCA,Sim,Generalista
"-43,28986111","-22,96188889",Holcoponera moelleri,87,"405,5350037",Formação Florestal,Região Metropolitana,16050,PARQUE NACIONAL DA TIJUCA,Sim,Generalista
"-43,28986111","-22,96188889",Holcoponera moelleri,88,"405,5350037",Formação Florestal,Região Metropolitana,16050,PARQUE NACIONAL DA TIJUCA,Sim,Generalista
"-43,28986111","-22,96188889",Holcoponera moelleri,89,"405,5350037",Formação Florestal,Região Metropolitana,16050,PARQUE NACIONAL DA TIJUCA,Sim,Generalista
"-43,28986111","-22,96188889",Holcoponera moelleri,90,"405,5350037",Formação Florestal,Região Metropolitana,16050,PARQUE NACIONAL DA TIJUCA,Sim,Generalista
"-43,28986111","-22,96188889",Holcoponera moelleri,91,"405,5350037",Formação Florestal,Região Metropolitana,16050,PARQUE NACIONAL DA TIJUCA,Sim,Generalista
"-43,28986111","-22,96188889",Holcoponera moelleri,92,"405,5350037",Formação Florestal,Região Metropolitana,16050,PARQUE NACIONAL DA TIJUCA,Sim,Generalista
"-43,28986111","-22,96188889",Holcoponera moelleri,93,"405,5350037",Formação Florestal,Região Metropolitana,16050,PARQUE NACIONAL DA TIJUCA,Sim,Generalista
"-43,28986111","-22,96188889",Holcoponera moelleri,94,"405,5350037",Formação Florestal,Região Metropolitana,16050,PARQUE NACIONAL DA TIJUCA,Sim,Generalista
"-43,28986111","-22,96188889",Holcoponera moelleri,95,"405,5350037",Formação Florestal,Região Metropolitana,16050,PARQUE NACIONAL DA TIJUCA,Sim,Generalista
"-43,28997222","-22,96172222",Holcoponera moelleri,96,"405,5350037",Formação Florestal,Região Metropolitana,16050,PARQUE NACIONAL DA TIJUCA,Sim,Generalista
"-43,28997222","-22,96172222",Holcoponera moelleri,97,"405,5350037",Formação Florestal,Região Metropolitana,16050,PARQUE NACIONAL DA TIJUCA,Sim,Generalista
"-43,28997222","-22,96172222",Holcoponera moelleri,98,"405,5350037",Formação Florestal,Região Metropolitana,16050,PARQUE NACIONAL DA TIJUCA,Sim,Generalista
"-43,28997222","-22,96172222",Holcoponera moelleri,99,"405,5350037",Formação Florestal,Região Metropolitana,16050,PARQUE NACIONAL DA TIJUCA,Sim,Generalista
"-43,28997222","-22,96172222",Holcoponera moelleri,100,"405,5350037",Formação Florestal,Região Metropolitana,16050,PARQUE NACIONAL DA TIJUCA,Sim,Generalista
"-43,28997222","-22,96172222",Holcoponera moelleri,101,"405,5350037",Formação Florestal,Região Metropolitana,16050,PARQUE NACIONAL DA TIJUCA,Sim,Generalista
"-43,28997222","-22,96172222",Holcoponera moelleri,102,"405,5350037",Formação Florestal,Região Metropolitana,16050,PARQUE NACIONAL DA TIJUCA,Sim,Generalista
"-43,28997222","-22,96172222",Holcoponera moelleri,103,"405,5350037",Formação Florestal,Região Metropolitana,16050,PARQUE NACIONAL DA TIJUCA,Sim,Generalista
"-43,28997222","-22,96172222",Holcoponera moelleri,104,"405,5350037",Formação Florestal,Região Metropolitana,16050,PARQUE NACIONAL DA TIJUCA,Sim,Generalista
"-43,28997222","-22,96172222",Holcoponera moelleri,105,"405,5350037",Formação Florestal,Região Metropolitana,16050,PARQUE NACIONAL DA TIJUCA,Sim,Generalista
"-43,28997222","-22,96172222",Holcoponera moelleri,106,"405,5350037",Formação Florestal,Região Metropolitana,16050,PARQUE NACIONAL DA TIJUCA,Sim,Generalista
"-43,28997222","-22,96172222",Holcoponera moelleri,107,"405,5350037",Formação Florestal,Região Metropolitana,16050,PARQUE NACIONAL DA TIJUCA,Sim,Generalista
"-43,28997222","-22,96172222",Holcoponera moelleri,108,"405,5350037",Formação Florestal,Região Metropolitana,16050,PARQUE NACIONAL DA TIJUCA,Sim,Generalista
"-43,28997222","-22,96172222",Holcoponera moelleri,109,"405,5350037",Formação Florestal,Região Metropolitana,16050,PARQUE NACIONAL DA TIJUCA,Sim,Generalista
"-43,28997222","-22,96172222",Holcoponera moelleri,110,"405,5350037",Formação Florestal,Região Metropolitana,16050,PARQUE NACIONAL DA TIJUCA,Sim,Generalista
"-43,28997222","-22,96172222",Holcoponera moelleri,111,"405,5350037",Formação Florestal,Região Metropolitana,16050,PARQUE NACIONAL DA TIJUCA,Sim,Generalista
"-43,29266667","-22,94633333",Typhlomyrmex lavra,112,"709,3740234",Formação Florestal,Região Metropolitana,16050,PARQUE NACIONAL DA TIJUCA,Sim,Sem Classificação
"-43,28205556","-22,9575",Typhlomyrmex lavra,113,"528,3079834",Formação Florestal,Região Metropolitana,16050,PARQUE NACIONAL DA TIJUCA,Sim,Sem Classificação
"-43,28205556","-22,9575",Typhlomyrmex lavra,114,"528,3079834",Formação Florestal,Região Metropolitana,16050,PARQUE NACIONAL DA TIJUCA,Sim,Sem Classificação
"-43,29125","-22,96111111",Typhlomyrmex lavra,115,"447,3900146",Formação Florestal,Região Metropolitana,16050,PARQUE NACIONAL DA TIJUCA,Sim,Sem Classificação
"-43,29236111","-22,946",Acropyga decedens,116,"711,4119873",Formação Florestal,Região Metropolitana,16050,PARQUE NACIONAL DA TIJUCA,Sim,Especialista de Floresta
"-43,29177778","-22,94661111",Brachymyrmex admotus,117,"686,5709839",Formação Florestal,Região Metropolitana,16050,PARQUE NACIONAL DA TIJUCA,Sim,Generalista
"-43,29177778","-22,94661111",Brachymyrmex admotus,118,"686,5709839",Formação Florestal,Região Metropolitana,16050,PARQUE NACIONAL DA TIJUCA,Sim,Generalista
"-43,29177778","-22,94661111",Brachymyrmex admotus,119,"686,5709839",Formação Florestal,Região Metropolitana,16050,PARQUE NACIONAL DA TIJUCA,Sim,Generalista
"-43,29177778","-22,94661111",Brachymyrmex admotus,120,"686,5709839",Formação Florestal,Região Metropolitana,16050,PARQUE NACIONAL DA TIJUCA,Sim,Generalista
"-43,29177778","-22,94661111",Brachymyrmex admotus,121,"686,5709839",Formação Florestal,Região Metropolitana,16050,PARQUE NACIONAL DA TIJUCA,Sim,Generalista
"-43,29177778","-22,94661111",Brachymyrmex admotus,122,"686,5709839",Formação Florestal,Região Metropolitana,16050,PARQUE NACIONAL DA TIJUCA,Sim,Generalista
"-43,29177778","-22,94661111",Brachymyrmex admotus,123,"686,5709839",Formação Florestal,Região Metropolitana,16050,PARQUE NACIONAL DA TIJUCA,Sim,Generalista
"-43,28275","-22,95641667",Brachymyrmex admotus,124,"516,7559814",Formação Florestal,Região Metropolitana,16050,PARQUE NACIONAL DA TIJUCA,Sim,Generalista
"-43,28275","-22,95641667",Brachymyrmex admotus,125,"516,7559814",Formação Florestal,Região Metropolitana,16050,PARQUE NACIONAL DA TIJUCA,Sim,Generalista
"-43,28275","-22,95641667",Brachymyrmex admotus,126,"516,7559814",Formação Florestal,Região Metropolitana,16050,PARQUE NACIONAL DA TIJUCA,Sim,Generalista
"-43,28275","-22,95641667",Brachymyrmex admotus,127,"516,7559814",Formação Florestal,Região Metropolitana,16050,PARQUE NACIONAL DA TIJUCA,Sim,Generalista
"-43,28275","-22,95641667",Brachymyrmex admotus,128,"516,7559814",Formação Florestal,Região Metropolitana,16050,PARQUE NACIONAL DA TIJUCA,Sim,Generalista
"-43,29144444","-22,96111111",Brachymyrmex admotus,129,"453,7229919",Formação Florestal,Região Metropolitana,16050,PARQUE NACIONAL DA TIJUCA,Sim,Generalista
"-43,29172222","-22,94675",Brachymyrmex australis,130,"681,947998",Formação Florestal,Região Metropolitana,16050,PARQUE NACIONAL DA TIJUCA,Sim,Generalista
"-43,29172222","-22,94675",Brachymyrmex australis,131,"681,947998",Formação Florestal,Região Metropolitana,16050,PARQUE NACIONAL DA TIJUCA,Sim,Generalista
"-43,29172222","-22,94675",Brachymyrmex australis,132,"681,947998",Formação Florestal,Região Metropolitana,16050,PARQUE NACIONAL DA TIJUCA,Sim,Generalista
"-43,29172222","-22,94675",Brachymyrmex australis,133,"681,947998",Formação Florestal,Região Metropolitana,16050,PARQUE NACIONAL DA TIJUCA,Sim,Generalista
"-43,29172222","-22,94675",Brachymyrmex australis,134,"681,947998",Formação Florestal,Região Metropolitana,16050,PARQUE NACIONAL DA TIJUCA,Sim,Generalista
"-43,28258333","-22,95772222",Brachymyrmex australis,135,"526,3029785",Formação Florestal,Região Metropolitana,16050,PARQUE NACIONAL DA TIJUCA,Sim,Generalista
"-43,28258333","-22,95772222",Brachymyrmex australis,136,"526,3029785",Formação Florestal,Região Metropolitana,16050,PARQUE NACIONAL DA TIJUCA,Sim,Generalista
"-43,28258333","-22,95772222",Brachymyrmex australis,137,"526,3029785",Formação Florestal,Região Metropolitana,16050,PARQUE NACIONAL DA TIJUCA,Sim,Generalista
"-43,28258333","-22,95772222",Brachymyrmex australis,138,"526,3029785",Formação Florestal,Região Metropolitana,16050,PARQUE NACIONAL DA TIJUCA,Sim,Generalista
"-43,29191667","-22,96105556",Brachymyrmex australis,139,"459,7690125",Formação Florestal,Região Metropolitana,16050,PARQUE NACIONAL DA TIJUCA,Sim,Generalista
"-43,29177778","-22,94661111",Brachymyrmex bruchi,140,"686,5709839",Formação Florestal,Região Metropolitana,16050,PARQUE NACIONAL DA TIJUCA,Sim,Especialista de Floresta
"-43,29183333","-22,94652778",Brachymyrmex degener,141,"686,5709839",Formação Florestal,Região Metropolitana,16050,PARQUE NACIONAL DA TIJUCA,Sim,Generalista
"-43,29161111","-22,94708333",Camponotus atriceps,142,"678,8469849",Formação Florestal,Região Metropolitana,16050,PARQUE NACIONAL DA TIJUCA,Sim,Generalista
"-43,28388889","-22,95683333",Camponotus atriceps,143,"498,4979858",Formação Florestal,Região Metropolitana,16050,PARQUE NACIONAL DA TIJUCA,Sim,Generalista
"-43,28994444","-22,96180556",Camponotus atriceps,144,"405,5350037",Formação Florestal,Região Metropolitana,16050,PARQUE NACIONAL DA TIJUCA,Sim,Generalista
"-43,28316667","-22,95647222",Myrmelachista bettinae,145,"512,9619751",Formação Florestal,Região Metropolitana,16050,PARQUE NACIONAL DA TIJUCA,Sim,Sem Classificação
"-43,28305556","-22,95641667",Nylanderia docilis,146,"512,9619751",Formação Florestal,Região Metropolitana,16050,PARQUE NACIONAL DA TIJUCA,Sim,Especialista de Floresta
"-43,28305556","-22,95641667",Nylanderia docilis,147,"512,9619751",Formação Florestal,Região Metropolitana,16050,PARQUE NACIONAL DA TIJUCA,Sim,Especialista de Floresta
"-43,28305556","-22,95641667",Nylanderia docilis,148,"512,9619751",Formação Florestal,Região Metropolitana,16050,PARQUE NACIONAL DA TIJUCA,Sim,Especialista de Floresta
"-43,28305556","-22,95641667",Nylanderia docilis,149,"512,9619751",Formação Florestal,Região Metropolitana,16050,PARQUE NACIONAL DA TIJUCA,Sim,Especialista de Floresta
"-43,28305556","-22,95641667",Nylanderia docilis,150,"512,9619751",Formação Florestal,Região Metropolitana,16050,PARQUE NACIONAL DA TIJUCA,Sim,Especialista de Floresta
"-43,28305556","-22,95641667",Nylanderia docilis,151,"512,9619751",Formação Florestal,Região Metropolitana,16050,PARQUE NACIONAL DA TIJUCA,Sim,Especialista de Floresta
"-43,28305556","-22,95641667",Nylanderia docilis,152,"512,9619751",Formação Florestal,Região Metropolitana,16050,PARQUE NACIONAL DA TIJUCA,Sim,Especialista de Floresta
"-43,28305556","-22,95641667",Nylanderia docilis,153,"512,9619751",Formação Florestal,Região Metropolitana,16050,PARQUE NACIONAL DA TIJUCA,Sim,Especialista de Floresta
"-43,28305556","-22,95641667",Nylanderia docilis,154,"512,9619751",Formação Florestal,Região Metropolitana,16050,PARQUE NACIONAL DA TIJUCA,Sim,Especialista de Floresta
"-43,28305556","-22,95641667",Nylanderia docilis,155,"512,9619751",Formação Florestal,Região Metropolitana,16050,PARQUE NACIONAL DA TIJUCA,Sim,Especialista de Floresta
"-43,28305556","-22,95641667",Nylanderia docilis,156,"512,9619751",Formação Florestal,Região Metropolitana,16050,PARQUE NACIONAL DA TIJUCA,Sim,Especialista de Floresta
"-43,28305556","-22,95641667",Nylanderia docilis,157,"512,9619751",Formação Florestal,Região Metropolitana,16050,PARQUE NACIONAL DA TIJUCA,Sim,Especialista de Floresta
"-43,28997222","-22,96172222",Nylanderia docilis,158,"405,5350037",Formação Florestal,Região Metropolitana,16050,PARQUE NACIONAL DA TIJUCA,Sim,Especialista de Floresta
"-43,28997222","-22,96172222",Nylanderia docilis,159,"405,5350037",Formação Florestal,Região Metropolitana,16050,PARQUE NACIONAL DA TIJUCA,Sim,Especialista de Floresta
"-43,28997222","-22,96172222",Nylanderia docilis,160,"405,5350037",Formação Florestal,Região Metropolitana,16050,PARQUE NACIONAL DA TIJUCA,Sim,Especialista de Floresta
"-43,28997222","-22,96172222",Nylanderia docilis,161,"405,5350037",Formação Florestal,Região Metropolitana,16050,PARQUE NACIONAL DA TIJUCA,Sim,Especialista de Floresta
"-43,28997222","-22,96172222",Nylanderia docilis,162,"405,5350037",Formação Florestal,Região Metropolitana,16050,PARQUE NACIONAL DA TIJUCA,Sim,Especialista de Floresta
"-43,28997222","-22,96172222",Nylanderia docilis,163,"405,5350037",Formação Florestal,Região Metropolitana,16050,PARQUE NACIONAL DA TIJUCA,Sim,Especialista de Floresta
"-43,29152778","-22,94530556",Nylanderia fulva,164,"722,8690186",Formação Florestal,Região Metropolitana,16050,PARQUE NACIONAL DA TIJUCA,Sim,Especialista de Área Aberta
"-43,28305556","-22,95641667",Nylanderia fulva,165,"512,9619751",Formação Florestal,Região Metropolitana,16050,PARQUE NACIONAL DA TIJUCA,Sim,Especialista de Área Aberta
"-43,29161111","-22,94672222",Nylanderia goeldii,166,"679,9400024",Formação Florestal,Região Metropolitana,16050,PARQUE NACIONAL DA TIJUCA,Sim,Sem Classificação
"-43,28269444","-22,95661111",Nylanderia goeldii,167,"516,7559814",Formação Florestal,Região Metropolitana,16050,PARQUE NACIONAL DA TIJUCA,Sim,Sem Classificação
"-43,28269444","-22,95661111",Nylanderia goeldii,168,"516,7559814",Formação Florestal,Região Metropolitana,16050,PARQUE NACIONAL DA TIJUCA,Sim,Sem Classificação
"-43,29252778","-22,94658333",Nylanderia guatemalensis,169,"701,7719727",Formação Florestal,Região Metropolitana,16050,PARQUE NACIONAL DA TIJUCA,Sim,Especialista de Floresta
"-43,29252778","-22,94658333",Nylanderia guatemalensis,170,"701,7719727",Formação Florestal,Região Metropolitana,16050,PARQUE NACIONAL DA TIJUCA,Sim,Especialista de Floresta
"-43,28325","-22,95658333",Nylanderia guatemalensis,171,"512,9619751",Formação Florestal,Região Metropolitana,16050,PARQUE NACIONAL DA TIJUCA,Sim,Especialista de Floresta
"-43,28325","-22,95658333",Nylanderia guatemalensis,172,"512,9619751",Formação Florestal,Região Metropolitana,16050,PARQUE NACIONAL DA TIJUCA,Sim,Especialista de Floresta
"-43,28325","-22,95658333",Nylanderia guatemalensis,173,"512,9619751",Formação Florestal,Região Metropolitana,16050,PARQUE NACIONAL DA TIJUCA,Sim,Especialista de Floresta
"-43,28325","-22,95658333",Nylanderia guatemalensis,174,"512,9619751",Formação Florestal,Região Metropolitana,16050,PARQUE NACIONAL DA TIJUCA,Sim,Especialista de Floresta
"-43,29136111","-22,94536111",Nylanderia steinheili,175,"726,3530273",Formação Florestal,Região Metropolitana,16050,PARQUE NACIONAL DA TIJUCA,Sim,Sem Classificação
"-43,28241667","-22,95677778",Nylanderia steinheili,176,"521,914978",Formação Florestal,Região Metropolitana,16050,PARQUE NACIONAL DA TIJUCA,Sim,Sem Classificação
"-43,28241667","-22,95677778",Nylanderia steinheili,177,"521,914978",Formação Florestal,Região Metropolitana,16050,PARQUE NACIONAL DA TIJUCA,Sim,Sem Classificação
"-43,28241667","-22,95677778",Nylanderia steinheili,178,"521,914978",Formação Florestal,Região Metropolitana,16050,PARQUE NACIONAL DA TIJUCA,Sim,Sem Classificação
"-43,28241667","-22,95677778",Nylanderia steinheili,179,"521,914978",Formação Florestal,Região Metropolitana,16050,PARQUE NACIONAL DA TIJUCA,Sim,Sem Classificação
"-43,28241667","-22,95677778",Nylanderia steinheili,180,"521,914978",Formação Florestal,Região Metropolitana,16050,PARQUE NACIONAL DA TIJUCA,Sim,Sem Classificação
"-43,28997222","-22,96172222",Nylanderia steinheili,181,"405,5350037",Formação Florestal,Região Metropolitana,16050,PARQUE NACIONAL DA TIJUCA,Sim,Sem Classificação
"-43,29136111","-22,94536111",Acanthognathus brevicornis,182,"726,3530273",Formação Florestal,Região Metropolitana,16050,PARQUE NACIONAL DA TIJUCA,Sim,Generalista
"-43,29136111","-22,94536111",Acanthognathus brevicornis,183,"726,3530273",Formação Florestal,Região Metropolitana,16050,PARQUE NACIONAL DA TIJUCA,Sim,Generalista
"-43,29136111","-22,94536111",Acanthognathus brevicornis,184,"726,3530273",Formação Florestal,Região Metropolitana,16050,PARQUE NACIONAL DA TIJUCA,Sim,Generalista
"-43,29136111","-22,94536111",Acanthognathus brevicornis,185,"726,3530273",Formação Florestal,Região Metropolitana,16050,PARQUE NACIONAL DA TIJUCA,Sim,Generalista
"-43,28997222","-22,96166667",Acanthognathus brevicornis,186,"405,5350037",Formação Florestal,Região Metropolitana,16050,PARQUE NACIONAL DA TIJUCA,Sim,Generalista
"-43,28997222","-22,96166667",Acanthognathus brevicornis,187,"405,5350037",Formação Florestal,Região Metropolitana,16050,PARQUE NACIONAL DA TIJUCA,Sim,Generalista
"-43,28997222","-22,96166667",Acanthognathus brevicornis,188,"405,5350037",Formação Florestal,Região Metropolitana,16050,PARQUE NACIONAL DA TIJUCA,Sim,Generalista
"-43,28997222","-22,96166667",Acanthognathus brevicornis,189,"405,5350037",Formação Florestal,Região Metropolitana,16050,PARQUE NACIONAL DA TIJUCA,Sim,Generalista
"-43,28997222","-22,96166667",Acanthognathus brevicornis,190,"405,5350037",Formação Florestal,Região Metropolitana,16050,PARQUE NACIONAL DA TIJUCA,Sim,Generalista
"-43,28997222","-22,96166667",Acanthognathus brevicornis,191,"405,5350037",Formação Florestal,Região Metropolitana,16050,PARQUE NACIONAL DA TIJUCA,Sim,Generalista
"-43,28997222","-22,96166667",Acanthognathus brevicornis,192,"405,5350037",Formação Florestal,Região Metropolitana,16050,PARQUE NACIONAL DA TIJUCA,Sim,Generalista
"-43,28997222","-22,96166667",Acanthognathus brevicornis,193,"405,5350037",Formação Florestal,Região Metropolitana,16050,PARQUE NACIONAL DA TIJUCA,Sim,Generalista
"-43,28997222","-22,96166667",Acanthognathus brevicornis,194,"405,5350037",Formação Florestal,Região Metropolitana,16050,PARQUE NACIONAL DA TIJUCA,Sim,Generalista
"-43,28336111","-22,95652778",Acromyrmex brunneus,195,"509,2139893",Formação Florestal,Região Metropolitana,16050,PARQUE NACIONAL DA TIJUCA,Sim,Sem Classificação
"-43,28336111","-22,95652778",Acromyrmex brunneus,196,"509,2139893",Formação Florestal,Região Metropolitana,16050,PARQUE NACIONAL DA TIJUCA,Sim,Sem Classificação
"-43,28336111","-22,95652778",Acromyrmex brunneus,197,"509,2139893",Formação Florestal,Região Metropolitana,16050,PARQUE NACIONAL DA TIJUCA,Sim,Sem Classificação
"-43,28336111","-22,95652778",Acromyrmex brunneus,198,"509,2139893",Formação Florestal,Região Metropolitana,16050,PARQUE NACIONAL DA TIJUCA,Sim,Sem Classificação
"-43,28336111","-22,95652778",Acromyrmex brunneus,199,"509,2139893",Formação Florestal,Região Metropolitana,16050,PARQUE NACIONAL DA TIJUCA,Sim,Sem Classificação
"-43,28336111","-22,95652778",Acromyrmex brunneus,200,"509,2139893",Formação Florestal,Região Metropolitana,16050,PARQUE NACIONAL DA TIJUCA,Sim,Sem Classificação
"-43,29022222","-22,96161111",Acromyrmex brunneus,201,"415,3999939",Formação Florestal,Região Metropolitana,16050,PARQUE NACIONAL DA TIJUCA,Sim,Sem Classificação
"-43,29022222","-22,96161111",Acromyrmex brunneus,202,"415,3999939",Formação Florestal,Região Metropolitana,16050,PARQUE NACIONAL DA TIJUCA,Sim,Sem Classificação
"-43,29169444","-22,94544444",Acromyrmex molestans,203,"723,4260254",Formação Florestal,Região Metropolitana,16050,PARQUE NACIONAL DA TIJUCA,Sim,Sem Classificação
"-43,29169444","-22,94544444",Acromyrmex molestans,204,"723,4260254",Formação Florestal,Região Metropolitana,16050,PARQUE NACIONAL DA TIJUCA,Sim,Sem Classificação
"-43,28241667","-22,95680556",Acromyrmex molestans,205,"521,914978",Formação Florestal,Região Metropolitana,16050,PARQUE NACIONAL DA TIJUCA,Sim,Sem Classificação
"-43,29","-22,96163889",Acromyrmex molestans,206,"415,3999939",Formação Florestal,Região Metropolitana,16050,PARQUE NACIONAL DA TIJUCA,Sim,Sem Classificação
"-43,29","-22,96163889",Acromyrmex molestans,207,"415,3999939",Formação Florestal,Região Metropolitana,16050,PARQUE NACIONAL DA TIJUCA,Sim,Sem Classificação
"-43,29241667","-22,94616667",Acromyrmex subterraneus,208,"701,8209839",Formação Florestal,Região Metropolitana,16050,PARQUE NACIONAL DA TIJUCA,Sim,Especialista de Área Aberta
"-43,29241667","-22,94616667",Acromyrmex subterraneus,209,"701,8209839",Formação Florestal,Região Metropolitana,16050,PARQUE NACIONAL DA TIJUCA,Sim,Especialista de Área Aberta
"-43,28347222","-22,95661111",Acromyrmex subterraneus,210,"509,2139893",Formação Florestal,Região Metropolitana,16050,PARQUE NACIONAL DA TIJUCA,Sim,Especialista de Área Aberta
"-43,28347222","-22,95661111",Acromyrmex subterraneus,211,"509,2139893",Formação Florestal,Região Metropolitana,16050,PARQUE NACIONAL DA TIJUCA,Sim,Especialista de Área Aberta
"-43,29008333","-22,96144444",Acromyrmex subterraneus,212,"415,3999939",Formação Florestal,Região Metropolitana,16050,PARQUE NACIONAL DA TIJUCA,Sim,Especialista de Área Aberta
"-43,29008333","-22,96144444",Acromyrmex subterraneus,213,"415,3999939",Formação Florestal,Região Metropolitana,16050,PARQUE NACIONAL DA TIJUCA,Sim,Especialista de Área Aberta
"-43,29008333","-22,96144444",Acromyrmex subterraneus,214,"415,3999939",Formação Florestal,Região Metropolitana,16050,PARQUE NACIONAL DA TIJUCA,Sim,Especialista de Área Aberta
"-43,29008333","-22,96144444",Acromyrmex subterraneus,215,"415,3999939",Formação Florestal,Região Metropolitana,16050,PARQUE NACIONAL DA TIJUCA,Sim,Especialista de Área Aberta
"-43,29241667","-22,94616667",Apterostigma ierense,216,"701,8209839",Formação Florestal,Região Metropolitana,16050,PARQUE NACIONAL DA TIJUCA,Sim,Sem Classificação
"-43,29161111","-22,94672222",Apterostigma pilosum,217,"679,9400024",Formação Florestal,Região Metropolitana,16050,PARQUE NACIONAL DA TIJUCA,Sim,Generalista
"-43,29161111","-22,94672222",Apterostigma pilosum,218,"679,9400024",Formação Florestal,Região Metropolitana,16050,PARQUE NACIONAL DA TIJUCA,Sim,Generalista
"-43,29161111","-22,94672222",Apterostigma pilosum,219,"679,9400024",Formação Florestal,Região Metropolitana,16050,PARQUE NACIONAL DA TIJUCA,Sim,Generalista
"-43,29161111","-22,94672222",Apterostigma pilosum,220,"679,9400024",Formação Florestal,Região Metropolitana,16050,PARQUE NACIONAL DA TIJUCA,Sim,Generalista
"-43,29161111","-22,94672222",Apterostigma pilosum,221,"679,9400024",Formação Florestal,Região Metropolitana,16050,PARQUE NACIONAL DA TIJUCA,Sim,Generalista
"-43,29161111","-22,94672222",Apterostigma pilosum,222,"679,9400024",Formação Florestal,Região Metropolitana,16050,PARQUE NACIONAL DA TIJUCA,Sim,Generalista
"-43,29161111","-22,94672222",Apterostigma pilosum,223,"679,9400024",Formação Florestal,Região Metropolitana,16050,PARQUE NACIONAL DA TIJUCA,Sim,Generalista
"-43,28269444","-22,95644444",Apterostigma pilosum,224,"516,7559814",Formação Florestal,Região Metropolitana,16050,PARQUE NACIONAL DA TIJUCA,Sim,Generalista
"-43,28269444","-22,95644444",Apterostigma pilosum,225,"516,7559814",Formação Florestal,Região Metropolitana,16050,PARQUE NACIONAL DA TIJUCA,Sim,Generalista
"-43,28269444","-22,95644444",Apterostigma pilosum,226,"516,7559814",Formação Florestal,Região Metropolitana,16050,PARQUE NACIONAL DA TIJUCA,Sim,Generalista
"-43,28269444","-22,95644444",Apterostigma pilosum,227,"516,7559814",Formação Florestal,Região Metropolitana,16050,PARQUE NACIONAL DA TIJUCA,Sim,Generalista
"-43,28269444","-22,95644444",Apterostigma pilosum,228,"516,7559814",Formação Florestal,Região Metropolitana,16050,PARQUE NACIONAL DA TIJUCA,Sim,Generalista
"-43,28269444","-22,95644444",Apterostigma pilosum,229,"516,7559814",Formação Florestal,Região Metropolitana,16050,PARQUE NACIONAL DA TIJUCA,Sim,Generalista
"-43,28269444","-22,95644444",Apterostigma pilosum,230,"516,7559814",Formação Florestal,Região Metropolitana,16050,PARQUE NACIONAL DA TIJUCA,Sim,Generalista
"-43,29191667","-22,96105556",Apterostigma pilosum,231,"459,7690125",Formação Florestal,Região Metropolitana,16050,PARQUE NACIONAL DA TIJUCA,Sim,Generalista
"-43,29191667","-22,96105556",Apterostigma pilosum,232,"459,7690125",Formação Florestal,Região Metropolitana,16050,PARQUE NACIONAL DA TIJUCA,Sim,Generalista
"-43,29191667","-22,96105556",Apterostigma pilosum,233,"459,7690125",Formação Florestal,Região Metropolitana,16050,PARQUE NACIONAL DA TIJUCA,Sim,Generalista
"-43,29191667","-22,96105556",Apterostigma pilosum,234,"459,7690125",Formação Florestal,Região Metropolitana,16050,PARQUE NACIONAL DA TIJUCA,Sim,Generalista
"-43,29191667","-22,96105556",Apterostigma pilosum,235,"459,7690125",Formação Florestal,Região Metropolitana,16050,PARQUE NACIONAL DA TIJUCA,Sim,Generalista
"-43,29191667","-22,96105556",Apterostigma pilosum,236,"459,7690125",Formação Florestal,Região Metropolitana,16050,PARQUE NACIONAL DA TIJUCA,Sim,Generalista
"-43,29313889","-22,94680556",Basiceros disciger,237,"712,5209961",Formação Florestal,Região Metropolitana,16050,PARQUE NACIONAL DA TIJUCA,Sim,Especialista de Floresta
"-43,29313889","-22,94680556",Basiceros disciger,238,"712,5209961",Formação Florestal,Região Metropolitana,16050,PARQUE NACIONAL DA TIJUCA,Sim,Especialista de Floresta
"-43,29227778","-22,94675",Cardiocondyla minutior,239,"691,0170288",Formação Florestal,Região Metropolitana,16050,PARQUE NACIONAL DA TIJUCA,Sim,Sem Classificação
"-43,29227778","-22,94675",Cardiocondyla minutior,240,"691,0170288",Formação Florestal,Região Metropolitana,16050,PARQUE NACIONAL DA TIJUCA,Sim,Sem Classificação
"-43,28227778","-22,95702778",Carebara brevipilosa,241,"525,901001",Formação Florestal,Região Metropolitana,16050,PARQUE NACIONAL DA TIJUCA,Sim,Generalista
"-43,28227778","-22,95702778",Carebara brevipilosa,242,"525,901001",Formação Florestal,Região Metropolitana,16050,PARQUE NACIONAL DA TIJUCA,Sim,Generalista
"-43,28227778","-22,95702778",Carebara brevipilosa,243,"525,901001",Formação Florestal,Região Metropolitana,16050,PARQUE NACIONAL DA TIJUCA,Sim,Generalista
"-43,28227778","-22,95702778",Carebara brevipilosa,244,"525,901001",Formação Florestal,Região Metropolitana,16050,PARQUE NACIONAL DA TIJUCA,Sim,Generalista
"-43,29213889","-22,94669444",Crematogaster montana,245,"685,2540283",Formação Florestal,Região Metropolitana,16050,PARQUE NACIONAL DA TIJUCA,Sim,Sem Classificação
"-43,29144444","-22,96133333",Crematogaster nigropilosa,246,"444,6579895",Formação Florestal,Região Metropolitana,16050,PARQUE NACIONAL DA TIJUCA,Sim,Generalista
"-43,292","-22,94652778",Cyphomyrmex minutus,247,"689,5599976",Formação Florestal,Região Metropolitana,16050,PARQUE NACIONAL DA TIJUCA,Sim,Generalista
"-43,28269444","-22,95661111",Cyphomyrmex minutus,248,"516,7559814",Formação Florestal,Região Metropolitana,16050,PARQUE NACIONAL DA TIJUCA,Sim,Generalista
"-43,28269444","-22,95661111",Cyphomyrmex minutus,249,"516,7559814",Formação Florestal,Região Metropolitana,16050,PARQUE NACIONAL DA TIJUCA,Sim,Generalista
"-43,28994444","-22,96177778",Cyphomyrmex minutus,250,"405,5350037",Formação Florestal,Região Metropolitana,16050,PARQUE NACIONAL DA TIJUCA,Sim,Generalista
"-43,28994444","-22,96177778",Cyphomyrmex minutus,251,"405,5350037",Formação Florestal,Região Metropolitana,16050,PARQUE NACIONAL DA TIJUCA,Sim,Generalista
"-43,28994444","-22,96177778",Cyphomyrmex minutus,252,"405,5350037",Formação Florestal,Região Metropolitana,16050,PARQUE NACIONAL DA TIJUCA,Sim,Generalista
"-43,28994444","-22,96177778",Cyphomyrmex minutus,253,"405,5350037",Formação Florestal,Região Metropolitana,16050,PARQUE NACIONAL DA TIJUCA,Sim,Generalista
"-43,29175","-22,94619444",Cyphomyrmex rimosus,254,"692,9940186",Formação Florestal,Região Metropolitana,16050,PARQUE NACIONAL DA TIJUCA,Sim,Generalista
"-43,29175","-22,94619444",Cyphomyrmex rimosus,255,"692,9940186",Formação Florestal,Região Metropolitana,16050,PARQUE NACIONAL DA TIJUCA,Sim,Generalista
"-43,29175","-22,94619444",Cyphomyrmex rimosus,256,"692,9940186",Formação Florestal,Região Metropolitana,16050,PARQUE NACIONAL DA TIJUCA,Sim,Generalista
"-43,28269444","-22,95661111",Cyphomyrmex rimosus,257,"516,7559814",Formação Florestal,Região Metropolitana,16050,PARQUE NACIONAL DA TIJUCA,Sim,Generalista
"-43,28269444","-22,95661111",Cyphomyrmex rimosus,258,"516,7559814",Formação Florestal,Região Metropolitana,16050,PARQUE NACIONAL DA TIJUCA,Sim,Generalista
"-43,28269444","-22,95661111",Cyphomyrmex rimosus,259,"516,7559814",Formação Florestal,Região Metropolitana,16050,PARQUE NACIONAL DA TIJUCA,Sim,Generalista
"-43,28269444","-22,95661111",Cyphomyrmex rimosus,260,"516,7559814",Formação Florestal,Região Metropolitana,16050,PARQUE NACIONAL DA TIJUCA,Sim,Generalista
"-43,28997222","-22,96166667",Cyphomyrmex rimosus,261,"405,5350037",Formação Florestal,Região Metropolitana,16050,PARQUE NACIONAL DA TIJUCA,Sim,Generalista
"-43,28997222","-22,96166667",Cyphomyrmex rimosus,262,"405,5350037",Formação Florestal,Região Metropolitana,16050,PARQUE NACIONAL DA TIJUCA,Sim,Generalista
"-43,28997222","-22,96166667",Cyphomyrmex rimosus,263,"405,5350037",Formação Florestal,Região Metropolitana,16050,PARQUE NACIONAL DA TIJUCA,Sim,Generalista
"-43,28997222","-22,96166667",Cyphomyrmex rimosus,264,"405,5350037",Formação Florestal,Região Metropolitana,16050,PARQUE NACIONAL DA TIJUCA,Sim,Generalista
"-43,28997222","-22,96166667",Cyphomyrmex rimosus,265,"405,5350037",Formação Florestal,Região Metropolitana,16050,PARQUE NACIONAL DA TIJUCA,Sim,Generalista
"-43,28997222","-22,96166667",Cyphomyrmex rimosus,266,"405,5350037",Formação Florestal,Região Metropolitana,16050,PARQUE NACIONAL DA TIJUCA,Sim,Generalista
"-43,28997222","-22,96166667",Cyphomyrmex rimosus,267,"405,5350037",Formação Florestal,Região Metropolitana,16050,PARQUE NACIONAL DA TIJUCA,Sim,Generalista
"-43,28997222","-22,96166667",Cyphomyrmex rimosus,268,"405,5350037",Formação Florestal,Região Metropolitana,16050,PARQUE NACIONAL DA TIJUCA,Sim,Generalista
"-43,28997222","-22,96166667",Cyphomyrmex rimosus,269,"405,5350037",Formação Florestal,Região Metropolitana,16050,PARQUE NACIONAL DA TIJUCA,Sim,Generalista
"-43,28997222","-22,96166667",Cyphomyrmex rimosus,270,"405,5350037",Formação Florestal,Região Metropolitana,16050,PARQUE NACIONAL DA TIJUCA,Sim,Generalista
"-43,28997222","-22,96166667",Cyphomyrmex rimosus,271,"405,5350037",Formação Florestal,Região Metropolitana,16050,PARQUE NACIONAL DA TIJUCA,Sim,Generalista
"-43,29183333","-22,94652778",Hylomyrma reitteri,272,"686,5709839",Formação Florestal,Região Metropolitana,16050,PARQUE NACIONAL DA TIJUCA,Sim,Especialista de Floresta
"-43,29183333","-22,94652778",Hylomyrma reitteri,273,"686,5709839",Formação Florestal,Região Metropolitana,16050,PARQUE NACIONAL DA TIJUCA,Sim,Especialista de Floresta
"-43,29183333","-22,94652778",Hylomyrma reitteri,274,"686,5709839",Formação Florestal,Região Metropolitana,16050,PARQUE NACIONAL DA TIJUCA,Sim,Especialista de Floresta
"-43,29183333","-22,94652778",Hylomyrma reitteri,275,"686,5709839",Formação Florestal,Região Metropolitana,16050,PARQUE NACIONAL DA TIJUCA,Sim,Especialista de Floresta
"-43,29183333","-22,94652778",Hylomyrma reitteri,276,"686,5709839",Formação Florestal,Região Metropolitana,16050,PARQUE NACIONAL DA TIJUCA,Sim,Especialista de Floresta
"-43,29183333","-22,94652778",Hylomyrma reitteri,277,"686,5709839",Formação Florestal,Região Metropolitana,16050,PARQUE NACIONAL DA TIJUCA,Sim,Especialista de Floresta
"-43,29183333","-22,94652778",Hylomyrma reitteri,278,"686,5709839",Formação Florestal,Região Metropolitana,16050,PARQUE NACIONAL DA TIJUCA,Sim,Especialista de Floresta
"-43,29183333","-22,94652778",Hylomyrma reitteri,279,"686,5709839",Formação Florestal,Região Metropolitana,16050,PARQUE NACIONAL DA TIJUCA,Sim,Especialista de Floresta
"-43,29183333","-22,94652778",Hylomyrma reitteri,280,"686,5709839",Formação Florestal,Região Metropolitana,16050,PARQUE NACIONAL DA TIJUCA,Sim,Especialista de Floresta
"-43,29183333","-22,94652778",Hylomyrma reitteri,281,"686,5709839",Formação Florestal,Região Metropolitana,16050,PARQUE NACIONAL DA TIJUCA,Sim,Especialista de Floresta
"-43,29183333","-22,94652778",Hylomyrma reitteri,282,"686,5709839",Formação Florestal,Região Metropolitana,16050,PARQUE NACIONAL DA TIJUCA,Sim,Especialista de Floresta
"-43,28269444","-22,95661111",Hylomyrma reitteri,283,"516,7559814",Formação Florestal,Região Metropolitana,16050,PARQUE NACIONAL DA TIJUCA,Sim,Especialista de Floresta
"-43,28269444","-22,95661111",Hylomyrma reitteri,284,"516,7559814",Formação Florestal,Região Metropolitana,16050,PARQUE NACIONAL DA TIJUCA,Sim,Especialista de Floresta
"-43,28269444","-22,95661111",Hylomyrma reitteri,285,"516,7559814",Formação Florestal,Região Metropolitana,16050,PARQUE NACIONAL DA TIJUCA,Sim,Especialista de Floresta
"-43,28269444","-22,95661111",Hylomyrma reitteri,286,"516,7559814",Formação Florestal,Região Metropolitana,16050,PARQUE NACIONAL DA TIJUCA,Sim,Especialista de Floresta
"-43,28269444","-22,95661111",Hylomyrma reitteri,287,"516,7559814",Formação Florestal,Região Metropolitana,16050,PARQUE NACIONAL DA TIJUCA,Sim,Especialista de Floresta
"-43,28269444","-22,95661111",Hylomyrma reitteri,288,"516,7559814",Formação Florestal,Região Metropolitana,16050,PARQUE NACIONAL DA TIJUCA,Sim,Especialista de Floresta
"-43,28269444","-22,95661111",Hylomyrma reitteri,289,"516,7559814",Formação Florestal,Região Metropolitana,16050,PARQUE NACIONAL DA TIJUCA,Sim,Especialista de Floresta
"-43,28269444","-22,95661111",Hylomyrma reitteri,290,"516,7559814",Formação Florestal,Região Metropolitana,16050,PARQUE NACIONAL DA TIJUCA,Sim,Especialista de Floresta
"-43,28269444","-22,95661111",Hylomyrma reitteri,291,"516,7559814",Formação Florestal,Região Metropolitana,16050,PARQUE NACIONAL DA TIJUCA,Sim,Especialista de Floresta
"-43,28269444","-22,95661111",Hylomyrma reitteri,292,"516,7559814",Formação Florestal,Região Metropolitana,16050,PARQUE NACIONAL DA TIJUCA,Sim,Especialista de Floresta
"-43,28269444","-22,95661111",Hylomyrma reitteri,293,"516,7559814",Formação Florestal,Região Metropolitana,16050,PARQUE NACIONAL DA TIJUCA,Sim,Especialista de Floresta
"-43,28997222","-22,96166667",Hylomyrma reitteri,294,"405,5350037",Formação Florestal,Região Metropolitana,16050,PARQUE NACIONAL DA TIJUCA,Sim,Especialista de Floresta
"-43,28997222","-22,96166667",Hylomyrma reitteri,295,"405,5350037",Formação Florestal,Região Metropolitana,16050,PARQUE NACIONAL DA TIJUCA,Sim,Especialista de Floresta
"-43,28997222","-22,96166667",Hylomyrma reitteri,296,"405,5350037",Formação Florestal,Região Metropolitana,16050,PARQUE NACIONAL DA TIJUCA,Sim,Especialista de Floresta
"-43,28997222","-22,96166667",Hylomyrma reitteri,297,"405,5350037",Formação Florestal,Região Metropolitana,16050,PARQUE NACIONAL DA TIJUCA,Sim,Especialista de Floresta
"-43,28997222","-22,96166667",Hylomyrma reitteri,298,"405,5350037",Formação Florestal,Região Metropolitana,16050,PARQUE NACIONAL DA TIJUCA,Sim,Especialista de Floresta
"-43,28997222","-22,96166667",Hylomyrma reitteri,299,"405,5350037",Formação Florestal,Região Metropolitana,16050,PARQUE NACIONAL DA TIJUCA,Sim,Especialista de Floresta
"-43,28997222","-22,96166667",Hylomyrma reitteri,300,"405,5350037",Formação Florestal,Região Metropolitana,16050,PARQUE NACIONAL DA TIJUCA,Sim,Especialista de Floresta
"-43,28997222","-22,96166667",Hylomyrma reitteri,301,"405,5350037",Formação Florestal,Região Metropolitana,16050,PARQUE NACIONAL DA TIJUCA,Sim,Especialista de Floresta
"-43,28997222","-22,96166667",Hylomyrma reitteri,302,"405,5350037",Formação Florestal,Região Metropolitana,16050,PARQUE NACIONAL DA TIJUCA,Sim,Especialista de Floresta
"-43,28997222","-22,96166667",Hylomyrma reitteri,303,"405,5350037",Formação Florestal,Região Metropolitana,16050,PARQUE NACIONAL DA TIJUCA,Sim,Especialista de Floresta
"-43,29161111","-22,94672222",Lachnomyrmex plaumanni,304,"679,9400024",Formação Florestal,Região Metropolitana,16050,PARQUE NACIONAL DA TIJUCA,Sim,Especialista de Floresta
"-43,29252778","-22,94658333",Megalomyrmex goeldii,305,"701,7719727",Formação Florestal,Região Metropolitana,16050,PARQUE NACIONAL DA TIJUCA,Sim,Especialista de Floresta
"-43,29252778","-22,94658333",Megalomyrmex goeldii,306,"701,7719727",Formação Florestal,Região Metropolitana,16050,PARQUE NACIONAL DA TIJUCA,Sim,Especialista de Floresta
"-43,29252778","-22,94658333",Megalomyrmex goeldii,307,"701,7719727",Formação Florestal,Região Metropolitana,16050,PARQUE NACIONAL DA TIJUCA,Sim,Especialista de Floresta
"-43,29252778","-22,94658333",Megalomyrmex goeldii,308,"701,7719727",Formação Florestal,Região Metropolitana,16050,PARQUE NACIONAL DA TIJUCA,Sim,Especialista de Floresta
"-43,29252778","-22,94658333",Megalomyrmex goeldii,309,"701,7719727",Formação Florestal,Região Metropolitana,16050,PARQUE NACIONAL DA TIJUCA,Sim,Especialista de Floresta
"-43,29252778","-22,94658333",Megalomyrmex goeldii,310,"701,7719727",Formação Florestal,Região Metropolitana,16050,PARQUE NACIONAL DA TIJUCA,Sim,Especialista de Floresta
"-43,29252778","-22,94658333",Megalomyrmex goeldii,311,"701,7719727",Formação Florestal,Região Metropolitana,16050,PARQUE NACIONAL DA TIJUCA,Sim,Especialista de Floresta
"-43,29252778","-22,94658333",Megalomyrmex goeldii,312,"701,7719727",Formação Florestal,Região Metropolitana,16050,PARQUE NACIONAL DA TIJUCA,Sim,Especialista de Floresta
"-43,28254722","-22,95838889",Megalomyrmex goeldii,313,"525,6090088",Formação Florestal,Região Metropolitana,16050,PARQUE NACIONAL DA TIJUCA,Sim,Especialista de Floresta
"-43,28254722","-22,95838889",Megalomyrmex goeldii,314,"525,6090088",Formação Florestal,Região Metropolitana,16050,PARQUE NACIONAL DA TIJUCA,Sim,Especialista de Floresta
"-43,28254722","-22,95838889",Megalomyrmex goeldii,315,"525,6090088",Formação Florestal,Região Metropolitana,16050,PARQUE NACIONAL DA TIJUCA,Sim,Especialista de Floresta
"-43,28254722","-22,95838889",Megalomyrmex goeldii,316,"525,6090088",Formação Florestal,Região Metropolitana,16050,PARQUE NACIONAL DA TIJUCA,Sim,Especialista de Floresta
"-43,28254722","-22,95838889",Megalomyrmex goeldii,317,"525,6090088",Formação Florestal,Região Metropolitana,16050,PARQUE NACIONAL DA TIJUCA,Sim,Especialista de Floresta
"-43,28254722","-22,95838889",Megalomyrmex goeldii,318,"525,6090088",Formação Florestal,Região Metropolitana,16050,PARQUE NACIONAL DA TIJUCA,Sim,Especialista de Floresta
"-43,28254722","-22,95838889",Megalomyrmex goeldii,319,"525,6090088",Formação Florestal,Região Metropolitana,16050,PARQUE NACIONAL DA TIJUCA,Sim,Especialista de Floresta
"-43,28254722","-22,95838889",Megalomyrmex goeldii,320,"525,6090088",Formação Florestal,Região Metropolitana,16050,PARQUE NACIONAL DA TIJUCA,Sim,Especialista de Floresta
"-43,28254722","-22,95838889",Megalomyrmex goeldii,321,"525,6090088",Formação Florestal,Região Metropolitana,16050,PARQUE NACIONAL DA TIJUCA,Sim,Especialista de Floresta
"-43,28254722","-22,95838889",Megalomyrmex goeldii,322,"525,6090088",Formação Florestal,Região Metropolitana,16050,PARQUE NACIONAL DA TIJUCA,Sim,Especialista de Floresta
"-43,28254722","-22,95838889",Megalomyrmex goeldii,323,"525,6090088",Formação Florestal,Região Metropolitana,16050,PARQUE NACIONAL DA TIJUCA,Sim,Especialista de Floresta
"-43,28254722","-22,95838889",Megalomyrmex goeldii,324,"525,6090088",Formação Florestal,Região Metropolitana,16050,PARQUE NACIONAL DA TIJUCA,Sim,Especialista de Floresta
"-43,28254722","-22,95838889",Megalomyrmex goeldii,325,"525,6090088",Formação Florestal,Região Metropolitana,16050,PARQUE NACIONAL DA TIJUCA,Sim,Especialista de Floresta
"-43,28254722","-22,95838889",Megalomyrmex goeldii,326,"525,6090088",Formação Florestal,Região Metropolitana,16050,PARQUE NACIONAL DA TIJUCA,Sim,Especialista de Floresta
"-43,28254722","-22,95838889",Megalomyrmex goeldii,327,"525,6090088",Formação Florestal,Região Metropolitana,16050,PARQUE NACIONAL DA TIJUCA,Sim,Especialista de Floresta
"-43,28254722","-22,95838889",Megalomyrmex goeldii,328,"525,6090088",Formação Florestal,Região Metropolitana,16050,PARQUE NACIONAL DA TIJUCA,Sim,Especialista de Floresta
"-43,28254722","-22,95838889",Megalomyrmex goeldii,329,"525,6090088",Formação Florestal,Região Metropolitana,16050,PARQUE NACIONAL DA TIJUCA,Sim,Especialista de Floresta
"-43,28254722","-22,95838889",Megalomyrmex goeldii,330,"525,6090088",Formação Florestal,Região Metropolitana,16050,PARQUE NACIONAL DA TIJUCA,Sim,Especialista de Floresta
"-43,28254722","-22,95838889",Megalomyrmex goeldii,331,"525,6090088",Formação Florestal,Região Metropolitana,16050,PARQUE NACIONAL DA TIJUCA,Sim,Especialista de Floresta
"-43,28254722","-22,95838889",Megalomyrmex goeldii,332,"525,6090088",Formação Florestal,Região Metropolitana,16050,PARQUE NACIONAL DA TIJUCA,Sim,Especialista de Floresta
"-43,28997222","-22,96166667",Megalomyrmex goeldii,333,"405,5350037",Formação Florestal,Região Metropolitana,16050,PARQUE NACIONAL DA TIJUCA,Sim,Especialista de Floresta
"-43,28997222","-22,96166667",Megalomyrmex goeldii,334,"405,5350037",Formação Florestal,Região Metropolitana,16050,PARQUE NACIONAL DA TIJUCA,Sim,Especialista de Floresta
"-43,28997222","-22,96166667",Megalomyrmex goeldii,335,"405,5350037",Formação Florestal,Região Metropolitana,16050,PARQUE NACIONAL DA TIJUCA,Sim,Especialista de Floresta
"-43,28997222","-22,96166667",Megalomyrmex goeldii,336,"405,5350037",Formação Florestal,Região Metropolitana,16050,PARQUE NACIONAL DA TIJUCA,Sim,Especialista de Floresta
"-43,28997222","-22,96166667",Megalomyrmex goeldii,337,"405,5350037",Formação Florestal,Região Metropolitana,16050,PARQUE NACIONAL DA TIJUCA,Sim,Especialista de Floresta
"-43,28997222","-22,96166667",Megalomyrmex goeldii,338,"405,5350037",Formação Florestal,Região Metropolitana,16050,PARQUE NACIONAL DA TIJUCA,Sim,Especialista de Floresta
"-43,28997222","-22,96166667",Megalomyrmex goeldii,339,"405,5350037",Formação Florestal,Região Metropolitana,16050,PARQUE NACIONAL DA TIJUCA,Sim,Especialista de Floresta
"-43,28997222","-22,96166667",Megalomyrmex goeldii,340,"405,5350037",Formação Florestal,Região Metropolitana,16050,PARQUE NACIONAL DA TIJUCA,Sim,Especialista de Floresta
"-43,28997222","-22,96166667",Megalomyrmex goeldii,341,"405,5350037",Formação Florestal,Região Metropolitana,16050,PARQUE NACIONAL DA TIJUCA,Sim,Especialista de Floresta
"-43,28997222","-22,96166667",Megalomyrmex goeldii,342,"405,5350037",Formação Florestal,Região Metropolitana,16050,PARQUE NACIONAL DA TIJUCA,Sim,Especialista de Floresta
"-43,28997222","-22,96166667",Megalomyrmex goeldii,343,"405,5350037",Formação Florestal,Região Metropolitana,16050,PARQUE NACIONAL DA TIJUCA,Sim,Especialista de Floresta
"-43,28997222","-22,96166667",Megalomyrmex goeldii,344,"405,5350037",Formação Florestal,Região Metropolitana,16050,PARQUE NACIONAL DA TIJUCA,Sim,Especialista de Floresta
"-43,28997222","-22,96166667",Megalomyrmex goeldii,345,"405,5350037",Formação Florestal,Região Metropolitana,16050,PARQUE NACIONAL DA TIJUCA,Sim,Especialista de Floresta
"-43,28997222","-22,96166667",Megalomyrmex goeldii,346,"405,5350037",Formação Florestal,Região Metropolitana,16050,PARQUE NACIONAL DA TIJUCA,Sim,Especialista de Floresta
"-43,28997222","-22,96166667",Megalomyrmex goeldii,347,"405,5350037",Formação Florestal,Região Metropolitana,16050,PARQUE NACIONAL DA TIJUCA,Sim,Especialista de Floresta
"-43,282","-22,95727778",Mycetomoellerius oetkeri,348,"528,3079834",Formação Florestal,Região Metropolitana,16050,PARQUE NACIONAL DA TIJUCA,Sim,Especialista de Área Aberta
"-43,282","-22,95727778",Mycetomoellerius oetkeri,349,"528,3079834",Formação Florestal,Região Metropolitana,16050,PARQUE NACIONAL DA TIJUCA,Sim,Especialista de Área Aberta
"-43,282","-22,95727778",Mycetomoellerius oetkeri,350,"528,3079834",Formação Florestal,Região Metropolitana,16050,PARQUE NACIONAL DA TIJUCA,Sim,Especialista de Área Aberta
"-43,282","-22,95727778",Mycetomoellerius oetkeri,351,"528,3079834",Formação Florestal,Região Metropolitana,16050,PARQUE NACIONAL DA TIJUCA,Sim,Especialista de Área Aberta
"-43,282","-22,95727778",Mycetomoellerius oetkeri,352,"528,3079834",Formação Florestal,Região Metropolitana,16050,PARQUE NACIONAL DA TIJUCA,Sim,Especialista de Área Aberta
"-43,29163889","-22,96125",Octostruma iheringi,353,"444,6579895",Formação Florestal,Região Metropolitana,16050,PARQUE NACIONAL DA TIJUCA,Sim,Especialista de Floresta
"-43,29313889","-22,94680556",Octostruma rugifera,354,"712,5209961",Formação Florestal,Região Metropolitana,16050,PARQUE NACIONAL DA TIJUCA,Sim,Especialista de Floresta
"-43,29313889","-22,94680556",Octostruma rugifera,355,"712,5209961",Formação Florestal,Região Metropolitana,16050,PARQUE NACIONAL DA TIJUCA,Sim,Especialista de Floresta
"-43,29313889","-22,94680556",Octostruma rugifera,356,"712,5209961",Formação Florestal,Região Metropolitana,16050,PARQUE NACIONAL DA TIJUCA,Sim,Especialista de Floresta
"-43,29313889","-22,94680556",Octostruma rugifera,357,"712,5209961",Formação Florestal,Região Metropolitana,16050,PARQUE NACIONAL DA TIJUCA,Sim,Especialista de Floresta
"-43,28330556","-22,95666667",Octostruma rugifera,358,"514,6829834",Formação Florestal,Região Metropolitana,16050,PARQUE NACIONAL DA TIJUCA,Sim,Especialista de Floresta
"-43,28330556","-22,95666667",Octostruma rugifera,359,"514,6829834",Formação Florestal,Região Metropolitana,16050,PARQUE NACIONAL DA TIJUCA,Sim,Especialista de Floresta
"-43,28330556","-22,95666667",Octostruma rugifera,360,"514,6829834",Formação Florestal,Região Metropolitana,16050,PARQUE NACIONAL DA TIJUCA,Sim,Especialista de Floresta
"-43,28330556","-22,95666667",Octostruma rugifera,361,"514,6829834",Formação Florestal,Região Metropolitana,16050,PARQUE NACIONAL DA TIJUCA,Sim,Especialista de Floresta
"-43,28330556","-22,95666667",Octostruma rugifera,362,"514,6829834",Formação Florestal,Região Metropolitana,16050,PARQUE NACIONAL DA TIJUCA,Sim,Especialista de Floresta
"-43,28330556","-22,95666667",Octostruma rugifera,363,"514,6829834",Formação Florestal,Região Metropolitana,16050,PARQUE NACIONAL DA TIJUCA,Sim,Especialista de Floresta
"-43,28330556","-22,95666667",Octostruma rugifera,364,"514,6829834",Formação Florestal,Região Metropolitana,16050,PARQUE NACIONAL DA TIJUCA,Sim,Especialista de Floresta
"-43,28330556","-22,95666667",Octostruma rugifera,365,"514,6829834",Formação Florestal,Região Metropolitana,16050,PARQUE NACIONAL DA TIJUCA,Sim,Especialista de Floresta
"-43,29013889","-22,96177778",Octostruma rugifera,366,"408,4400024",Formação Florestal,Região Metropolitana,16050,PARQUE NACIONAL DA TIJUCA,Sim,Especialista de Floresta
"-43,29013889","-22,96177778",Octostruma rugifera,367,"408,4400024",Formação Florestal,Região Metropolitana,16050,PARQUE NACIONAL DA TIJUCA,Sim,Especialista de Floresta
"-43,29013889","-22,96177778",Octostruma rugifera,368,"408,4400024",Formação Florestal,Região Metropolitana,16050,PARQUE NACIONAL DA TIJUCA,Sim,Especialista de Floresta
"-43,29013889","-22,96177778",Octostruma rugifera,369,"408,4400024",Formação Florestal,Região Metropolitana,16050,PARQUE NACIONAL DA TIJUCA,Sim,Especialista de Floresta
"-43,29013889","-22,96177778",Octostruma rugifera,370,"408,4400024",Formação Florestal,Região Metropolitana,16050,PARQUE NACIONAL DA TIJUCA,Sim,Especialista de Floresta
"-43,29013889","-22,96177778",Octostruma rugifera,371,"408,4400024",Formação Florestal,Região Metropolitana,16050,PARQUE NACIONAL DA TIJUCA,Sim,Especialista de Floresta
"-43,29013889","-22,96177778",Octostruma rugifera,372,"408,4400024",Formação Florestal,Região Metropolitana,16050,PARQUE NACIONAL DA TIJUCA,Sim,Especialista de Floresta
"-43,29013889","-22,96177778",Octostruma rugifera,373,"408,4400024",Formação Florestal,Região Metropolitana,16050,PARQUE NACIONAL DA TIJUCA,Sim,Especialista de Floresta
"-43,29013889","-22,96177778",Octostruma rugifera,374,"408,4400024",Formação Florestal,Região Metropolitana,16050,PARQUE NACIONAL DA TIJUCA,Sim,Especialista de Floresta
"-43,29013889","-22,96177778",Octostruma rugifera,375,"408,4400024",Formação Florestal,Região Metropolitana,16050,PARQUE NACIONAL DA TIJUCA,Sim,Especialista de Floresta
"-43,29013889","-22,96177778",Octostruma rugifera,376,"408,4400024",Formação Florestal,Região Metropolitana,16050,PARQUE NACIONAL DA TIJUCA,Sim,Especialista de Floresta
"-43,29013889","-22,96177778",Octostruma rugifera,377,"408,4400024",Formação Florestal,Região Metropolitana,16050,PARQUE NACIONAL DA TIJUCA,Sim,Especialista de Floresta
"-43,29013889","-22,96177778",Octostruma rugifera,378,"408,4400024",Formação Florestal,Região Metropolitana,16050,PARQUE NACIONAL DA TIJUCA,Sim,Especialista de Floresta
"-43,29227778","-22,94675",Oxyepoecus myops,379,"691,0170288",Formação Florestal,Região Metropolitana,16050,PARQUE NACIONAL DA TIJUCA,Sim,Especialista de Floresta
"-43,29166667","-22,94672222",Pheidole tijucana,380,"681,947998",Formação Florestal,Região Metropolitana,16050,PARQUE NACIONAL DA TIJUCA,Sim,Sem Classificação
"-43,29166667","-22,94672222",Pheidole tijucana,381,"681,947998",Formação Florestal,Região Metropolitana,16050,PARQUE NACIONAL DA TIJUCA,Sim,Sem Classificação
"-43,28263889","-22,95791667",Pheidole tijucana,382,"525,375",Formação Florestal,Região Metropolitana,16050,PARQUE NACIONAL DA TIJUCA,Sim,Sem Classificação
"-43,29141667","-22,94702778",Rogeria lacertosa,383,"678,8469849",Formação Florestal,Região Metropolitana,16050,PARQUE NACIONAL DA TIJUCA,Sim,Sem Classificação
"-43,29141667","-22,94702778",Rogeria lacertosa,384,"678,8469849",Formação Florestal,Região Metropolitana,16050,PARQUE NACIONAL DA TIJUCA,Sim,Sem Classificação
"-43,28316667","-22,95658333",Sericomyrmex bondari,385,"512,9619751",Formação Florestal,Região Metropolitana,16050,PARQUE NACIONAL DA TIJUCA,Sim,Especialista de Floresta
"-43,28316667","-22,95658333",Sericomyrmex bondari,386,"512,9619751",Formação Florestal,Região Metropolitana,16050,PARQUE NACIONAL DA TIJUCA,Sim,Especialista de Floresta
"-43,28316667","-22,95658333",Sericomyrmex bondari,387,"512,9619751",Formação Florestal,Região Metropolitana,16050,PARQUE NACIONAL DA TIJUCA,Sim,Especialista de Floresta
"-43,29236111","-22,946",Sericomyrmex saussurei,388,"711,4119873",Formação Florestal,Região Metropolitana,16050,PARQUE NACIONAL DA TIJUCA,Sim,Especialista de Floresta
"-43,28286111","-22,95833333",Sericomyrmex saussurei,389,"525,8660278",Formação Florestal,Região Metropolitana,16050,PARQUE NACIONAL DA TIJUCA,Sim,Especialista de Floresta
"-43,28286111","-22,95833333",Sericomyrmex saussurei,390,"525,8660278",Formação Florestal,Região Metropolitana,16050,PARQUE NACIONAL DA TIJUCA,Sim,Especialista de Floresta
"-43,28286111","-22,95833333",Sericomyrmex saussurei,391,"525,8660278",Formação Florestal,Região Metropolitana,16050,PARQUE NACIONAL DA TIJUCA,Sim,Especialista de Floresta
"-43,28286111","-22,95833333",Sericomyrmex saussurei,392,"525,8660278",Formação Florestal,Região Metropolitana,16050,PARQUE NACIONAL DA TIJUCA,Sim,Especialista de Floresta
"-43,28286111","-22,95833333",Sericomyrmex saussurei,393,"525,8660278",Formação Florestal,Região Metropolitana,16050,PARQUE NACIONAL DA TIJUCA,Sim,Especialista de Floresta
"-43,28286111","-22,95833333",Sericomyrmex saussurei,394,"525,8660278",Formação Florestal,Região Metropolitana,16050,PARQUE NACIONAL DA TIJUCA,Sim,Especialista de Floresta
"-43,28286111","-22,95833333",Sericomyrmex saussurei,395,"525,8660278",Formação Florestal,Região Metropolitana,16050,PARQUE NACIONAL DA TIJUCA,Sim,Especialista de Floresta
"-43,28286111","-22,95833333",Sericomyrmex saussurei,396,"525,8660278",Formação Florestal,Região Metropolitana,16050,PARQUE NACIONAL DA TIJUCA,Sim,Especialista de Floresta
"-43,28286111","-22,95833333",Sericomyrmex saussurei,397,"525,8660278",Formação Florestal,Região Metropolitana,16050,PARQUE NACIONAL DA TIJUCA,Sim,Especialista de Floresta
"-43,28286111","-22,95833333",Sericomyrmex saussurei,398,"525,8660278",Formação Florestal,Região Metropolitana,16050,PARQUE NACIONAL DA TIJUCA,Sim,Especialista de Floresta
"-43,28286111","-22,95833333",Sericomyrmex saussurei,399,"525,8660278",Formação Florestal,Região Metropolitana,16050,PARQUE NACIONAL DA TIJUCA,Sim,Especialista de Floresta
"-43,28286111","-22,95833333",Sericomyrmex saussurei,400,"525,8660278",Formação Florestal,Região Metropolitana,16050,PARQUE NACIONAL DA TIJUCA,Sim,Especialista de Floresta
"-43,28286111","-22,95833333",Sericomyrmex saussurei,401,"525,8660278",Formação Florestal,Região Metropolitana,16050,PARQUE NACIONAL DA TIJUCA,Sim,Especialista de Floresta
"-43,28286111","-22,95833333",Sericomyrmex saussurei,402,"525,8660278",Formação Florestal,Região Metropolitana,16050,PARQUE NACIONAL DA TIJUCA,Sim,Especialista de Floresta
"-43,28286111","-22,95833333",Sericomyrmex saussurei,403,"525,8660278",Formação Florestal,Região Metropolitana,16050,PARQUE NACIONAL DA TIJUCA,Sim,Especialista de Floresta
"-43,29088889","-22,96155556",Sericomyrmex saussurei,404,"428,5429993",Formação Florestal,Região Metropolitana,16050,PARQUE NACIONAL DA TIJUCA,Sim,Especialista de Floresta
"-43,29088889","-22,96155556",Sericomyrmex saussurei,405,"428,5429993",Formação Florestal,Região Metropolitana,16050,PARQUE NACIONAL DA TIJUCA,Sim,Especialista de Floresta
"-43,29088889","-22,96155556",Sericomyrmex saussurei,406,"428,5429993",Formação Florestal,Região Metropolitana,16050,PARQUE NACIONAL DA TIJUCA,Sim,Especialista de Floresta
"-43,29088889","-22,96155556",Sericomyrmex saussurei,407,"428,5429993",Formação Florestal,Região Metropolitana,16050,PARQUE NACIONAL DA TIJUCA,Sim,Especialista de Floresta
"-43,29088889","-22,96155556",Sericomyrmex saussurei,408,"428,5429993",Formação Florestal,Região Metropolitana,16050,PARQUE NACIONAL DA TIJUCA,Sim,Especialista de Floresta
"-43,29088889","-22,96155556",Sericomyrmex saussurei,409,"428,5429993",Formação Florestal,Região Metropolitana,16050,PARQUE NACIONAL DA TIJUCA,Sim,Especialista de Floresta
"-43,29088889","-22,96155556",Strumigenys cosmostela,410,"428,5429993",Formação Florestal,Região Metropolitana,16050,PARQUE NACIONAL DA TIJUCA,Sim,Especialista de Floresta
"-43,29266667","-22,94633333",Strumigenys crassicornis,411,"709,3740234",Formação Florestal,Região Metropolitana,16050,PARQUE NACIONAL DA TIJUCA,Sim,Especialista de Floresta
"-43,29266667","-22,94633333",Strumigenys crassicornis,412,"709,3740234",Formação Florestal,Região Metropolitana,16050,PARQUE NACIONAL DA TIJUCA,Sim,Especialista de Floresta
"-43,29177778","-22,94661111",Strumigenys denticulata,413,"686,5709839",Formação Florestal,Região Metropolitana,16050,PARQUE NACIONAL DA TIJUCA,Sim,Especialista de Floresta
"-43,29177778","-22,94661111",Strumigenys denticulata,414,"686,5709839",Formação Florestal,Região Metropolitana,16050,PARQUE NACIONAL DA TIJUCA,Sim,Especialista de Floresta
"-43,29177778","-22,94661111",Strumigenys denticulata,415,"686,5709839",Formação Florestal,Região Metropolitana,16050,PARQUE NACIONAL DA TIJUCA,Sim,Especialista de Floresta
"-43,29177778","-22,94661111",Strumigenys denticulata,416,"686,5709839",Formação Florestal,Região Metropolitana,16050,PARQUE NACIONAL DA TIJUCA,Sim,Especialista de Floresta
"-43,29177778","-22,94661111",Strumigenys denticulata,417,"686,5709839",Formação Florestal,Região Metropolitana,16050,PARQUE NACIONAL DA TIJUCA,Sim,Especialista de Floresta
"-43,29177778","-22,94661111",Strumigenys denticulata,418,"686,5709839",Formação Florestal,Região Metropolitana,16050,PARQUE NACIONAL DA TIJUCA,Sim,Especialista de Floresta
"-43,29177778","-22,94661111",Strumigenys denticulata,419,"686,5709839",Formação Florestal,Região Metropolitana,16050,PARQUE NACIONAL DA TIJUCA,Sim,Especialista de Floresta
"-43,28330556","-22,95666667",Strumigenys denticulata,420,"514,6829834",Formação Florestal,Região Metropolitana,16050,PARQUE NACIONAL DA TIJUCA,Sim,Especialista de Floresta
"-43,28330556","-22,95666667",Strumigenys denticulata,421,"514,6829834",Formação Florestal,Região Metropolitana,16050,PARQUE NACIONAL DA TIJUCA,Sim,Especialista de Floresta
"-43,28330556","-22,95666667",Strumigenys denticulata,422,"514,6829834",Formação Florestal,Região Metropolitana,16050,PARQUE NACIONAL DA TIJUCA,Sim,Especialista de Floresta
"-43,28330556","-22,95666667",Strumigenys denticulata,423,"514,6829834",Formação Florestal,Região Metropolitana,16050,PARQUE NACIONAL DA TIJUCA,Sim,Especialista de Floresta
"-43,28330556","-22,95666667",Strumigenys denticulata,424,"514,6829834",Formação Florestal,Região Metropolitana,16050,PARQUE NACIONAL DA TIJUCA,Sim,Especialista de Floresta
"-43,28330556","-22,95666667",Strumigenys denticulata,425,"514,6829834",Formação Florestal,Região Metropolitana,16050,PARQUE NACIONAL DA TIJUCA,Sim,Especialista de Floresta
"-43,28330556","-22,95666667",Strumigenys denticulata,426,"514,6829834",Formação Florestal,Região Metropolitana,16050,PARQUE NACIONAL DA TIJUCA,Sim,Especialista de Floresta
"-43,28330556","-22,95666667",Strumigenys denticulata,427,"514,6829834",Formação Florestal,Região Metropolitana,16050,PARQUE NACIONAL DA TIJUCA,Sim,Especialista de Floresta
"-43,28330556","-22,95666667",Strumigenys denticulata,428,"514,6829834",Formação Florestal,Região Metropolitana,16050,PARQUE NACIONAL DA TIJUCA,Sim,Especialista de Floresta
"-43,28330556","-22,95666667",Strumigenys denticulata,429,"514,6829834",Formação Florestal,Região Metropolitana,16050,PARQUE NACIONAL DA TIJUCA,Sim,Especialista de Floresta
"-43,28330556","-22,95666667",Strumigenys denticulata,430,"514,6829834",Formação Florestal,Região Metropolitana,16050,PARQUE NACIONAL DA TIJUCA,Sim,Especialista de Floresta
"-43,28330556","-22,95666667",Strumigenys denticulata,431,"514,6829834",Formação Florestal,Região Metropolitana,16050,PARQUE NACIONAL DA TIJUCA,Sim,Especialista de Floresta
"-43,28330556","-22,95666667",Strumigenys denticulata,432,"514,6829834",Formação Florestal,Região Metropolitana,16050,PARQUE NACIONAL DA TIJUCA,Sim,Especialista de Floresta
"-43,28330556","-22,95666667",Strumigenys denticulata,433,"514,6829834",Formação Florestal,Região Metropolitana,16050,PARQUE NACIONAL DA TIJUCA,Sim,Especialista de Floresta
"-43,28330556","-22,95666667",Strumigenys denticulata,434,"514,6829834",Formação Florestal,Região Metropolitana,16050,PARQUE NACIONAL DA TIJUCA,Sim,Especialista de Floresta
"-43,28330556","-22,95666667",Strumigenys denticulata,435,"514,6829834",Formação Florestal,Região Metropolitana,16050,PARQUE NACIONAL DA TIJUCA,Sim,Especialista de Floresta
"-43,28330556","-22,95666667",Strumigenys denticulata,436,"514,6829834",Formação Florestal,Região Metropolitana,16050,PARQUE NACIONAL DA TIJUCA,Sim,Especialista de Floresta
"-43,28330556","-22,95666667",Strumigenys denticulata,437,"514,6829834",Formação Florestal,Região Metropolitana,16050,PARQUE NACIONAL DA TIJUCA,Sim,Especialista de Floresta
"-43,28330556","-22,95666667",Strumigenys denticulata,438,"514,6829834",Formação Florestal,Região Metropolitana,16050,PARQUE NACIONAL DA TIJUCA,Sim,Especialista de Floresta
"-43,28330556","-22,95666667",Strumigenys denticulata,439,"514,6829834",Formação Florestal,Região Metropolitana,16050,PARQUE NACIONAL DA TIJUCA,Sim,Especialista de Floresta
"-43,28330556","-22,95666667",Strumigenys denticulata,440,"514,6829834",Formação Florestal,Região Metropolitana,16050,PARQUE NACIONAL DA TIJUCA,Sim,Especialista de Floresta
"-43,28330556","-22,95666667",Strumigenys denticulata,441,"514,6829834",Formação Florestal,Região Metropolitana,16050,PARQUE NACIONAL DA TIJUCA,Sim,Especialista de Floresta
"-43,28330556","-22,95666667",Strumigenys denticulata,442,"514,6829834",Formação Florestal,Região Metropolitana,16050,PARQUE NACIONAL DA TIJUCA,Sim,Especialista de Floresta
"-43,28330556","-22,95666667",Strumigenys denticulata,443,"514,6829834",Formação Florestal,Região Metropolitana,16050,PARQUE NACIONAL DA TIJUCA,Sim,Especialista de Floresta
"-43,28997222","-22,96166667",Strumigenys denticulata,444,"405,5350037",Formação Florestal,Região Metropolitana,16050,PARQUE NACIONAL DA TIJUCA,Sim,Especialista de Floresta
"-43,28997222","-22,96166667",Strumigenys denticulata,445,"405,5350037",Formação Florestal,Região Metropolitana,16050,PARQUE NACIONAL DA TIJUCA,Sim,Especialista de Floresta
"-43,28997222","-22,96166667",Strumigenys denticulata,446,"405,5350037",Formação Florestal,Região Metropolitana,16050,PARQUE NACIONAL DA TIJUCA,Sim,Especialista de Floresta
"-43,28997222","-22,96166667",Strumigenys denticulata,447,"405,5350037",Formação Florestal,Região Metropolitana,16050,PARQUE NACIONAL DA TIJUCA,Sim,Especialista de Floresta
"-43,28997222","-22,96166667",Strumigenys denticulata,448,"405,5350037",Formação Florestal,Região Metropolitana,16050,PARQUE NACIONAL DA TIJUCA,Sim,Especialista de Floresta
"-43,28997222","-22,96166667",Strumigenys denticulata,449,"405,5350037",Formação Florestal,Região Metropolitana,16050,PARQUE NACIONAL DA TIJUCA,Sim,Especialista de Floresta
"-43,28997222","-22,96166667",Strumigenys denticulata,450,"405,5350037",Formação Florestal,Região Metropolitana,16050,PARQUE NACIONAL DA TIJUCA,Sim,Especialista de Floresta
"-43,28997222","-22,96166667",Strumigenys denticulata,451,"405,5350037",Formação Florestal,Região Metropolitana,16050,PARQUE NACIONAL DA TIJUCA,Sim,Especialista de Floresta
"-43,28997222","-22,96166667",Strumigenys denticulata,452,"405,5350037",Formação Florestal,Região Metropolitana,16050,PARQUE NACIONAL DA TIJUCA,Sim,Especialista de Floresta
"-43,28997222","-22,96166667",Strumigenys denticulata,453,"405,5350037",Formação Florestal,Região Metropolitana,16050,PARQUE NACIONAL DA TIJUCA,Sim,Especialista de Floresta
"-43,28997222","-22,96166667",Strumigenys denticulata,454,"405,5350037",Formação Florestal,Região Metropolitana,16050,PARQUE NACIONAL DA TIJUCA,Sim,Especialista de Floresta
"-43,28997222","-22,96166667",Strumigenys denticulata,455,"405,5350037",Formação Florestal,Região Metropolitana,16050,PARQUE NACIONAL DA TIJUCA,Sim,Especialista de Floresta
"-43,28997222","-22,96166667",Strumigenys denticulata,456,"405,5350037",Formação Florestal,Região Metropolitana,16050,PARQUE NACIONAL DA TIJUCA,Sim,Especialista de Floresta
"-43,28997222","-22,96166667",Strumigenys denticulata,457,"405,5350037",Formação Florestal,Região Metropolitana,16050,PARQUE NACIONAL DA TIJUCA,Sim,Especialista de Floresta
"-43,28280556","-22,9585",Strumigenys elongata,458,"527,8900146",Formação Florestal,Região Metropolitana,16050,PARQUE NACIONAL DA TIJUCA,Sim,Generalista
"-43,29080556","-22,96177778",Strumigenys elongata,459,"417,8380127",Formação Florestal,Região Metropolitana,16050,PARQUE NACIONAL DA TIJUCA,Sim,Generalista
"-43,29080556","-22,96177778",Strumigenys elongata,460,"417,8380127",Formação Florestal,Região Metropolitana,16050,PARQUE NACIONAL DA TIJUCA,Sim,Generalista
"-43,29202778","-22,94663889",Strumigenys hindenburgi,461,"689,5599976",Formação Florestal,Região Metropolitana,16050,PARQUE NACIONAL DA TIJUCA,Sim,Especialista de Floresta
"-43,29202778","-22,94663889",Strumigenys hindenburgi,462,"689,5599976",Formação Florestal,Região Metropolitana,16050,PARQUE NACIONAL DA TIJUCA,Sim,Especialista de Floresta
"-43,28241667","-22,95677778",Strumigenys hindenburgi,463,"521,914978",Formação Florestal,Região Metropolitana,16050,PARQUE NACIONAL DA TIJUCA,Sim,Especialista de Floresta
"-43,29022222","-22,96161111",Strumigenys hindenburgi,464,"415,3999939",Formação Florestal,Região Metropolitana,16050,PARQUE NACIONAL DA TIJUCA,Sim,Especialista de Floresta
"-43,29044444","-22,96155556",Strumigenys subedentata,465,"420,1390076",Formação Florestal,Região Metropolitana,16050,PARQUE NACIONAL DA TIJUCA,Sim,Especialista de Floresta
"-43,28205556","-22,96027778",Paratrachymyrmex cornetzi,466,"499,493988",Formação Florestal,Região Metropolitana,16050,PARQUE NACIONAL DA TIJUCA,Sim,Especialista de Floresta
"-43,28205556","-22,96027778",Paratrachymyrmex cornetzi,467,"499,493988",Formação Florestal,Região Metropolitana,16050,PARQUE NACIONAL DA TIJUCA,Sim,Especialista de Floresta
"-43,28205556","-22,96027778",Paratrachymyrmex cornetzi,468,"499,493988",Formação Florestal,Região Metropolitana,16050,PARQUE NACIONAL DA TIJUCA,Sim,Especialista de Floresta
"-43,28205556","-22,96027778",Paratrachymyrmex cornetzi,469,"499,493988",Formação Florestal,Região Metropolitana,16050,PARQUE NACIONAL DA TIJUCA,Sim,Especialista de Floresta
"-43,28205556","-22,96027778",Paratrachymyrmex cornetzi,470,"499,493988",Formação Florestal,Região Metropolitana,16050,PARQUE NACIONAL DA TIJUCA,Sim,Especialista de Floresta
"-43,28205556","-22,96027778",Paratrachymyrmex cornetzi,471,"499,493988",Formação Florestal,Região Metropolitana,16050,PARQUE NACIONAL DA TIJUCA,Sim,Especialista de Floresta
"-43,29225","-22,94572222",Wasmannia affinis,472,"721,7620239",Formação Florestal,Região Metropolitana,16050,PARQUE NACIONAL DA TIJUCA,Sim,Generalista
"-43,29225","-22,94572222",Wasmannia affinis,473,"721,7620239",Formação Florestal,Região Metropolitana,16050,PARQUE NACIONAL DA TIJUCA,Sim,Generalista
"-43,29225","-22,94572222",Wasmannia affinis,474,"721,7620239",Formação Florestal,Região Metropolitana,16050,PARQUE NACIONAL DA TIJUCA,Sim,Generalista
"-43,29225","-22,94572222",Wasmannia affinis,475,"721,7620239",Formação Florestal,Região Metropolitana,16050,PARQUE NACIONAL DA TIJUCA,Sim,Generalista
"-43,29225","-22,94572222",Wasmannia affinis,476,"721,7620239",Formação Florestal,Região Metropolitana,16050,PARQUE NACIONAL DA TIJUCA,Sim,Generalista
"-43,28227778","-22,95702778",Wasmannia affinis,477,"525,901001",Formação Florestal,Região Metropolitana,16050,PARQUE NACIONAL DA TIJUCA,Sim,Generalista
"-43,28227778","-22,95702778",Wasmannia affinis,478,"525,901001",Formação Florestal,Região Metropolitana,16050,PARQUE NACIONAL DA TIJUCA,Sim,Generalista
"-43,28227778","-22,95702778",Wasmannia affinis,479,"525,901001",Formação Florestal,Região Metropolitana,16050,PARQUE NACIONAL DA TIJUCA,Sim,Generalista
"-43,28227778","-22,95702778",Wasmannia affinis,480,"525,901001",Formação Florestal,Região Metropolitana,16050,PARQUE NACIONAL DA TIJUCA,Sim,Generalista
"-43,28227778","-22,95702778",Wasmannia affinis,481,"525,901001",Formação Florestal,Região Metropolitana,16050,PARQUE NACIONAL DA TIJUCA,Sim,Generalista
"-43,28227778","-22,95702778",Wasmannia affinis,482,"525,901001",Formação Florestal,Região Metropolitana,16050,PARQUE NACIONAL DA TIJUCA,Sim,Generalista
"-43,28227778","-22,95702778",Wasmannia affinis,483,"525,901001",Formação Florestal,Região Metropolitana,16050,PARQUE NACIONAL DA TIJUCA,Sim,Generalista
"-43,28227778","-22,95702778",Wasmannia affinis,484,"525,901001",Formação Florestal,Região Metropolitana,16050,PARQUE NACIONAL DA TIJUCA,Sim,Generalista
"-43,28227778","-22,95702778",Wasmannia affinis,485,"525,901001",Formação Florestal,Região Metropolitana,16050,PARQUE NACIONAL DA TIJUCA,Sim,Generalista
"-43,28227778","-22,95702778",Wasmannia affinis,486,"525,901001",Formação Florestal,Região Metropolitana,16050,PARQUE NACIONAL DA TIJUCA,Sim,Generalista
"-43,28227778","-22,95702778",Wasmannia affinis,487,"525,901001",Formação Florestal,Região Metropolitana,16050,PARQUE NACIONAL DA TIJUCA,Sim,Generalista
"-43,28227778","-22,95702778",Wasmannia affinis,488,"525,901001",Formação Florestal,Região Metropolitana,16050,PARQUE NACIONAL DA TIJUCA,Sim,Generalista
"-43,28227778","-22,95702778",Wasmannia affinis,489,"525,901001",Formação Florestal,Região Metropolitana,16050,PARQUE NACIONAL DA TIJUCA,Sim,Generalista
"-43,28227778","-22,95702778",Wasmannia affinis,490,"525,901001",Formação Florestal,Região Metropolitana,16050,PARQUE NACIONAL DA TIJUCA,Sim,Generalista
"-43,28994444","-22,96177778",Wasmannia affinis,491,"405,5350037",Formação Florestal,Região Metropolitana,16050,PARQUE NACIONAL DA TIJUCA,Sim,Generalista
"-43,28994444","-22,96177778",Wasmannia affinis,492,"405,5350037",Formação Florestal,Região Metropolitana,16050,PARQUE NACIONAL DA TIJUCA,Sim,Generalista
"-43,28980556","-22,96163889",Wasmannia auropunctata,493,"413,3210144",Formação Florestal,Região Metropolitana,16050,PARQUE NACIONAL DA TIJUCA,Sim,Generalista
"-43,28980556","-22,96163889",Wasmannia auropunctata,494,"413,3210144",Formação Florestal,Região Metropolitana,16050,PARQUE NACIONAL DA TIJUCA,Sim,Generalista
"-43,28980556","-22,96163889",Wasmannia auropunctata,495,"413,3210144",Formação Florestal,Região Metropolitana,16050,PARQUE NACIONAL DA TIJUCA,Sim,Generalista
"-43,28980556","-22,96163889",Wasmannia auropunctata,496,"413,3210144",Formação Florestal,Região Metropolitana,16050,PARQUE NACIONAL DA TIJUCA,Sim,Generalista
"-43,28980556","-22,96163889",Wasmannia auropunctata,497,"413,3210144",Formação Florestal,Região Metropolitana,16050,PARQUE NACIONAL DA TIJUCA,Sim,Generalista
"-43,28980556","-22,96163889",Wasmannia auropunctata,498,"413,3210144",Formação Florestal,Região Metropolitana,16050,PARQUE NACIONAL DA TIJUCA,Sim,Generalista
"-43,28980556","-22,96163889",Wasmannia auropunctata,499,"413,3210144",Formação Florestal,Região Metropolitana,16050,PARQUE NACIONAL DA TIJUCA,Sim,Generalista
"-43,28980556","-22,96163889",Wasmannia auropunctata,500,"413,3210144",Formação Florestal,Região Metropolitana,16050,PARQUE NACIONAL DA TIJUCA,Sim,Generalista
"-43,28980556","-22,96163889",Wasmannia auropunctata,501,"413,3210144",Formação Florestal,Região Metropolitana,16050,PARQUE NACIONAL DA TIJUCA,Sim,Generalista
"-43,28980556","-22,96163889",Wasmannia auropunctata,502,"413,3210144",Formação Florestal,Região Metropolitana,16050,PARQUE NACIONAL DA TIJUCA,Sim,Generalista
"-43,28980556","-22,96163889",Wasmannia auropunctata,503,"413,3210144",Formação Florestal,Região Metropolitana,16050,PARQUE NACIONAL DA TIJUCA,Sim,Generalista
"-43,28980556","-22,96163889",Wasmannia auropunctata,504,"413,3210144",Formação Florestal,Região Metropolitana,16050,PARQUE NACIONAL DA TIJUCA,Sim,Generalista
"-43,28980556","-22,96163889",Wasmannia auropunctata,505,"413,3210144",Formação Florestal,Região Metropolitana,16050,PARQUE NACIONAL DA TIJUCA,Sim,Generalista
"-43,28980556","-22,96163889",Wasmannia auropunctata,506,"413,3210144",Formação Florestal,Região Metropolitana,16050,PARQUE NACIONAL DA TIJUCA,Sim,Generalista
"-43,28980556","-22,96163889",Wasmannia auropunctata,507,"413,3210144",Formação Florestal,Região Metropolitana,16050,PARQUE NACIONAL DA TIJUCA,Sim,Generalista
"-43,29316667","-22,94672222",Wasmannia lutzi,508,"712,5209961",Formação Florestal,Região Metropolitana,16050,PARQUE NACIONAL DA TIJUCA,Sim,Especialista de Floresta
"-43,29316667","-22,94672222",Wasmannia lutzi,509,"712,5209961",Formação Florestal,Região Metropolitana,16050,PARQUE NACIONAL DA TIJUCA,Sim,Especialista de Floresta
"-43,29316667","-22,94672222",Wasmannia lutzi,510,"712,5209961",Formação Florestal,Região Metropolitana,16050,PARQUE NACIONAL DA TIJUCA,Sim,Especialista de Floresta
"-43,29316667","-22,94672222",Wasmannia lutzi,511,"712,5209961",Formação Florestal,Região Metropolitana,16050,PARQUE NACIONAL DA TIJUCA,Sim,Especialista de Floresta
"-43,28269444","-22,95661111",Wasmannia lutzi,512,"516,7559814",Formação Florestal,Região Metropolitana,16050,PARQUE NACIONAL DA TIJUCA,Sim,Especialista de Floresta
"-43,28269444","-22,95661111",Wasmannia lutzi,513,"516,7559814",Formação Florestal,Região Metropolitana,16050,PARQUE NACIONAL DA TIJUCA,Sim,Especialista de Floresta
"-43,28269444","-22,95661111",Wasmannia lutzi,514,"516,7559814",Formação Florestal,Região Metropolitana,16050,PARQUE NACIONAL DA TIJUCA,Sim,Especialista de Floresta
"-43,28269444","-22,95661111",Wasmannia lutzi,515,"516,7559814",Formação Florestal,Região Metropolitana,16050,PARQUE NACIONAL DA TIJUCA,Sim,Especialista de Floresta
"-43,28269444","-22,95661111",Wasmannia lutzi,516,"516,7559814",Formação Florestal,Região Metropolitana,16050,PARQUE NACIONAL DA TIJUCA,Sim,Especialista de Floresta
"-43,28269444","-22,95661111",Wasmannia lutzi,517,"516,7559814",Formação Florestal,Região Metropolitana,16050,PARQUE NACIONAL DA TIJUCA,Sim,Especialista de Floresta
"-43,28269444","-22,95661111",Wasmannia lutzi,518,"516,7559814",Formação Florestal,Região Metropolitana,16050,PARQUE NACIONAL DA TIJUCA,Sim,Especialista de Floresta
"-43,28319444","-22,95055556",Pseudomyrmex schuppi,519,"535,4959717",Formação Florestal,Região Metropolitana,16050,PARQUE NACIONAL DA TIJUCA,Sim,Especialista de Floresta
"-43,29136111","-22,94536111",Anochetus mayri,520,"726,3530273",Formação Florestal,Região Metropolitana,16050,PARQUE NACIONAL DA TIJUCA,Sim,Especialista de Floresta
"-43,29136111","-22,94536111",Anochetus mayri,521,"726,3530273",Formação Florestal,Região Metropolitana,16050,PARQUE NACIONAL DA TIJUCA,Sim,Especialista de Floresta
"-43,29136111","-22,94536111",Anochetus mayri,522,"726,3530273",Formação Florestal,Região Metropolitana,16050,PARQUE NACIONAL DA TIJUCA,Sim,Especialista de Floresta
"-43,29136111","-22,94536111",Anochetus mayri,523,"726,3530273",Formação Florestal,Região Metropolitana,16050,PARQUE NACIONAL DA TIJUCA,Sim,Especialista de Floresta
"-43,28330556","-22,95666667",Anochetus mayri,524,"514,6829834",Formação Florestal,Região Metropolitana,16050,PARQUE NACIONAL DA TIJUCA,Sim,Especialista de Floresta
"-43,28330556","-22,95666667",Anochetus mayri,525,"514,6829834",Formação Florestal,Região Metropolitana,16050,PARQUE NACIONAL DA TIJUCA,Sim,Especialista de Floresta
"-43,28330556","-22,95666667",Anochetus mayri,526,"514,6829834",Formação Florestal,Região Metropolitana,16050,PARQUE NACIONAL DA TIJUCA,Sim,Especialista de Floresta
"-43,28330556","-22,95666667",Anochetus mayri,527,"514,6829834",Formação Florestal,Região Metropolitana,16050,PARQUE NACIONAL DA TIJUCA,Sim,Especialista de Floresta
"-43,28330556","-22,95666667",Anochetus mayri,528,"514,6829834",Formação Florestal,Região Metropolitana,16050,PARQUE NACIONAL DA TIJUCA,Sim,Especialista de Floresta
"-43,28330556","-22,95666667",Anochetus mayri,529,"514,6829834",Formação Florestal,Região Metropolitana,16050,PARQUE NACIONAL DA TIJUCA,Sim,Especialista de Floresta
"-43,28330556","-22,95666667",Anochetus mayri,530,"514,6829834",Formação Florestal,Região Metropolitana,16050,PARQUE NACIONAL DA TIJUCA,Sim,Especialista de Floresta
"-43,28330556","-22,95666667",Anochetus mayri,531,"514,6829834",Formação Florestal,Região Metropolitana,16050,PARQUE NACIONAL DA TIJUCA,Sim,Especialista de Floresta
"-43,28330556","-22,95666667",Anochetus mayri,532,"514,6829834",Formação Florestal,Região Metropolitana,16050,PARQUE NACIONAL DA TIJUCA,Sim,Especialista de Floresta
"-43,29313889","-22,94680556",Hypoponera distinguenda,533,"712,5209961",Formação Florestal,Região Metropolitana,16050,PARQUE NACIONAL DA TIJUCA,Sim,Especialista de Floresta
"-43,29136111","-22,94536111",Hypoponera distinguenda,534,"726,3530273",Formação Florestal,Região Metropolitana,16050,PARQUE NACIONAL DA TIJUCA,Sim,Especialista de Floresta
"-43,29136111","-22,94536111",Hypoponera distinguenda,535,"726,3530273",Formação Florestal,Região Metropolitana,16050,PARQUE NACIONAL DA TIJUCA,Sim,Especialista de Floresta
"-43,292","-22,94555556",Hypoponera foreli,536,"716,1370239",Formação Florestal,Região Metropolitana,16050,PARQUE NACIONAL DA TIJUCA,Sim,Especialista de Floresta
"-43,292","-22,94555556",Hypoponera foreli,537,"716,1370239",Formação Florestal,Região Metropolitana,16050,PARQUE NACIONAL DA TIJUCA,Sim,Especialista de Floresta
"-43,292","-22,94555556",Hypoponera foreli,538,"716,1370239",Formação Florestal,Região Metropolitana,16050,PARQUE NACIONAL DA TIJUCA,Sim,Especialista de Floresta
"-43,292","-22,94555556",Hypoponera foreli,539,"716,1370239",Formação Florestal,Região Metropolitana,16050,PARQUE NACIONAL DA TIJUCA,Sim,Especialista de Floresta
"-43,292","-22,94555556",Hypoponera foreli,540,"716,1370239",Formação Florestal,Região Metropolitana,16050,PARQUE NACIONAL DA TIJUCA,Sim,Especialista de Floresta
"-43,292","-22,94555556",Hypoponera foreli,541,"716,1370239",Formação Florestal,Região Metropolitana,16050,PARQUE NACIONAL DA TIJUCA,Sim,Especialista de Floresta
"-43,292","-22,94555556",Hypoponera foreli,542,"716,1370239",Formação Florestal,Região Metropolitana,16050,PARQUE NACIONAL DA TIJUCA,Sim,Especialista de Floresta
"-43,292","-22,94555556",Hypoponera foreli,543,"716,1370239",Formação Florestal,Região Metropolitana,16050,PARQUE NACIONAL DA TIJUCA,Sim,Especialista de Floresta
"-43,292","-22,94555556",Hypoponera foreli,544,"716,1370239",Formação Florestal,Região Metropolitana,16050,PARQUE NACIONAL DA TIJUCA,Sim,Especialista de Floresta
"-43,292","-22,94555556",Hypoponera foreli,545,"716,1370239",Formação Florestal,Região Metropolitana,16050,PARQUE NACIONAL DA TIJUCA,Sim,Especialista de Floresta
"-43,292","-22,94555556",Hypoponera foreli,546,"716,1370239",Formação Florestal,Região Metropolitana,16050,PARQUE NACIONAL DA TIJUCA,Sim,Especialista de Floresta
"-43,292","-22,94555556",Hypoponera foreli,547,"716,1370239",Formação Florestal,Região Metropolitana,16050,PARQUE NACIONAL DA TIJUCA,Sim,Especialista de Floresta
"-43,292","-22,94555556",Hypoponera foreli,548,"716,1370239",Formação Florestal,Região Metropolitana,16050,PARQUE NACIONAL DA TIJUCA,Sim,Especialista de Floresta
"-43,292","-22,94555556",Hypoponera foreli,549,"716,1370239",Formação Florestal,Região Metropolitana,16050,PARQUE NACIONAL DA TIJUCA,Sim,Especialista de Floresta
"-43,28208333","-22,95744444",Hypoponera foreli,550,"528,3079834",Formação Florestal,Região Metropolitana,16050,PARQUE NACIONAL DA TIJUCA,Sim,Especialista de Floresta
"-43,28208333","-22,95744444",Hypoponera foreli,551,"528,3079834",Formação Florestal,Região Metropolitana,16050,PARQUE NACIONAL DA TIJUCA,Sim,Especialista de Floresta
"-43,28208333","-22,95744444",Hypoponera foreli,552,"528,3079834",Formação Florestal,Região Metropolitana,16050,PARQUE NACIONAL DA TIJUCA,Sim,Especialista de Floresta
"-43,28208333","-22,95744444",Hypoponera foreli,553,"528,3079834",Formação Florestal,Região Metropolitana,16050,PARQUE NACIONAL DA TIJUCA,Sim,Especialista de Floresta
"-43,28208333","-22,95744444",Hypoponera foreli,554,"528,3079834",Formação Florestal,Região Metropolitana,16050,PARQUE NACIONAL DA TIJUCA,Sim,Especialista de Floresta
"-43,28208333","-22,95744444",Hypoponera foreli,555,"528,3079834",Formação Florestal,Região Metropolitana,16050,PARQUE NACIONAL DA TIJUCA,Sim,Especialista de Floresta
"-43,29088889","-22,96155556",Hypoponera foreli,556,"428,5429993",Formação Florestal,Região Metropolitana,16050,PARQUE NACIONAL DA TIJUCA,Sim,Especialista de Floresta
"-43,29088889","-22,96155556",Hypoponera foreli,557,"428,5429993",Formação Florestal,Região Metropolitana,16050,PARQUE NACIONAL DA TIJUCA,Sim,Especialista de Floresta
"-43,29088889","-22,96155556",Hypoponera foreli,558,"428,5429993",Formação Florestal,Região Metropolitana,16050,PARQUE NACIONAL DA TIJUCA,Sim,Especialista de Floresta
"-43,29088889","-22,96155556",Hypoponera foreli,559,"428,5429993",Formação Florestal,Região Metropolitana,16050,PARQUE NACIONAL DA TIJUCA,Sim,Especialista de Floresta
"-43,29088889","-22,96155556",Hypoponera foreli,560,"428,5429993",Formação Florestal,Região Metropolitana,16050,PARQUE NACIONAL DA TIJUCA,Sim,Especialista de Floresta
"-43,29088889","-22,96155556",Hypoponera foreli,561,"428,5429993",Formação Florestal,Região Metropolitana,16050,PARQUE NACIONAL DA TIJUCA,Sim,Especialista de Floresta
"-43,29088889","-22,96155556",Hypoponera foreli,562,"428,5429993",Formação Florestal,Região Metropolitana,16050,PARQUE NACIONAL DA TIJUCA,Sim,Especialista de Floresta
"-43,29088889","-22,96155556",Hypoponera foreli,563,"428,5429993",Formação Florestal,Região Metropolitana,16050,PARQUE NACIONAL DA TIJUCA,Sim,Especialista de Floresta
"-43,29088889","-22,96155556",Hypoponera foreli,564,"428,5429993",Formação Florestal,Região Metropolitana,16050,PARQUE NACIONAL DA TIJUCA,Sim,Especialista de Floresta
"-43,29316667","-22,94672222",Hypoponera leveillei,565,"712,5209961",Formação Florestal,Região Metropolitana,16050,PARQUE NACIONAL DA TIJUCA,Sim,Sem Classificação
"-43,29316667","-22,94672222",Hypoponera leveillei,566,"712,5209961",Formação Florestal,Região Metropolitana,16050,PARQUE NACIONAL DA TIJUCA,Sim,Sem Classificação
"-43,29019444","-22,96158333",Hypoponera leveillei,567,"415,3999939",Formação Florestal,Região Metropolitana,16050,PARQUE NACIONAL DA TIJUCA,Sim,Sem Classificação
"-43,29141667","-22,94702778",Hypoponera parva,568,"678,8469849",Formação Florestal,Região Metropolitana,16050,PARQUE NACIONAL DA TIJUCA,Sim,Sem Classificação
"-43,29141667","-22,94702778",Hypoponera parva,569,"678,8469849",Formação Florestal,Região Metropolitana,16050,PARQUE NACIONAL DA TIJUCA,Sim,Sem Classificação
"-43,29141667","-22,94702778",Hypoponera parva,570,"678,8469849",Formação Florestal,Região Metropolitana,16050,PARQUE NACIONAL DA TIJUCA,Sim,Sem Classificação
"-43,29141667","-22,94702778",Hypoponera parva,571,"678,8469849",Formação Florestal,Região Metropolitana,16050,PARQUE NACIONAL DA TIJUCA,Sim,Sem Classificação
"-43,29141667","-22,94702778",Hypoponera parva,572,"678,8469849",Formação Florestal,Região Metropolitana,16050,PARQUE NACIONAL DA TIJUCA,Sim,Sem Classificação
"-43,29141667","-22,94702778",Hypoponera parva,573,"678,8469849",Formação Florestal,Região Metropolitana,16050,PARQUE NACIONAL DA TIJUCA,Sim,Sem Classificação
"-43,29141667","-22,94702778",Hypoponera parva,574,"678,8469849",Formação Florestal,Região Metropolitana,16050,PARQUE NACIONAL DA TIJUCA,Sim,Sem Classificação
"-43,29141667","-22,94702778",Hypoponera parva,575,"678,8469849",Formação Florestal,Região Metropolitana,16050,PARQUE NACIONAL DA TIJUCA,Sim,Sem Classificação
"-43,29141667","-22,94702778",Hypoponera parva,576,"678,8469849",Formação Florestal,Região Metropolitana,16050,PARQUE NACIONAL DA TIJUCA,Sim,Sem Classificação
"-43,29141667","-22,94702778",Hypoponera parva,577,"678,8469849",Formação Florestal,Região Metropolitana,16050,PARQUE NACIONAL DA TIJUCA,Sim,Sem Classificação
"-43,29141667","-22,94702778",Hypoponera parva,578,"678,8469849",Formação Florestal,Região Metropolitana,16050,PARQUE NACIONAL DA TIJUCA,Sim,Sem Classificação
"-43,29141667","-22,94702778",Hypoponera parva,579,"678,8469849",Formação Florestal,Região Metropolitana,16050,PARQUE NACIONAL DA TIJUCA,Sim,Sem Classificação
"-43,29022222","-22,96161111",Hypoponera parva,586,"415,3999939",Formação Florestal,Região Metropolitana,16050,PARQUE NACIONAL DA TIJUCA,Sim,Sem Classificação
"-43,29022222","-22,96161111",Hypoponera parva,587,"415,3999939",Formação Florestal,Região Metropolitana,16050,PARQUE NACIONAL DA TIJUCA,Sim,Sem Classificação
"-43,29022222","-22,96161111",Hypoponera parva,588,"415,3999939",Formação Florestal,Região Metropolitana,16050,PARQUE NACIONAL DA TIJUCA,Sim,Sem Classificação
"-43,29022222","-22,96161111",Hypoponera parva,589,"415,3999939",Formação Florestal,Região Metropolitana,16050,PARQUE NACIONAL DA TIJUCA,Sim,Sem Classificação
"-43,29241667","-22,94677778",Hypoponera trigona,590,"691,0170288",Formação Florestal,Região Metropolitana,16050,PARQUE NACIONAL DA TIJUCA,Sim,Especialista de Floresta
"-43,29241667","-22,94677778",Hypoponera trigona,591,"691,0170288",Formação Florestal,Região Metropolitana,16050,PARQUE NACIONAL DA TIJUCA,Sim,Especialista de Floresta
"-43,29241667","-22,94677778",Hypoponera trigona,592,"691,0170288",Formação Florestal,Região Metropolitana,16050,PARQUE NACIONAL DA TIJUCA,Sim,Especialista de Floresta
"-43,29241667","-22,94677778",Hypoponera trigona,593,"691,0170288",Formação Florestal,Região Metropolitana,16050,PARQUE NACIONAL DA TIJUCA,Sim,Especialista de Floresta
"-43,29241667","-22,94677778",Hypoponera trigona,594,"691,0170288",Formação Florestal,Região Metropolitana,16050,PARQUE NACIONAL DA TIJUCA,Sim,Especialista de Floresta
"-43,29241667","-22,94677778",Hypoponera trigona,595,"691,0170288",Formação Florestal,Região Metropolitana,16050,PARQUE NACIONAL DA TIJUCA,Sim,Especialista de Floresta
"-43,29241667","-22,94677778",Hypoponera trigona,596,"691,0170288",Formação Florestal,Região Metropolitana,16050,PARQUE NACIONAL DA TIJUCA,Sim,Especialista de Floresta
"-43,29241667","-22,94677778",Hypoponera trigona,597,"691,0170288",Formação Florestal,Região Metropolitana,16050,PARQUE NACIONAL DA TIJUCA,Sim,Especialista de Floresta
"-43,29241667","-22,94677778",Hypoponera trigona,598,"691,0170288",Formação Florestal,Região Metropolitana,16050,PARQUE NACIONAL DA TIJUCA,Sim,Especialista de Floresta
"-43,29241667","-22,94677778",Hypoponera trigona,599,"691,0170288",Formação Florestal,Região Metropolitana,16050,PARQUE NACIONAL DA TIJUCA,Sim,Especialista de Floresta
"-43,29241667","-22,94677778",Hypoponera trigona,600,"691,0170288",Formação Florestal,Região Metropolitana,16050,PARQUE NACIONAL DA TIJUCA,Sim,Especialista de Floresta
"-43,29241667","-22,94677778",Hypoponera trigona,601,"691,0170288",Formação Florestal,Região Metropolitana,16050,PARQUE NACIONAL DA TIJUCA,Sim,Especialista de Floresta
"-43,29241667","-22,94677778",Hypoponera trigona,602,"691,0170288",Formação Florestal,Região Metropolitana,16050,PARQUE NACIONAL DA TIJUCA,Sim,Especialista de Floresta
"-43,29241667","-22,94677778",Hypoponera trigona,603,"691,0170288",Formação Florestal,Região Metropolitana,16050,PARQUE NACIONAL DA TIJUCA,Sim,Especialista de Floresta
"-43,29241667","-22,94677778",Hypoponera trigona,604,"691,0170288",Formação Florestal,Região Metropolitana,16050,PARQUE NACIONAL DA TIJUCA,Sim,Especialista de Floresta
"-43,29241667","-22,94677778",Hypoponera trigona,605,"691,0170288",Formação Florestal,Região Metropolitana,16050,PARQUE NACIONAL DA TIJUCA,Sim,Especialista de Floresta
"-43,29241667","-22,94677778",Hypoponera trigona,606,"691,0170288",Formação Florestal,Região Metropolitana,16050,PARQUE NACIONAL DA TIJUCA,Sim,Especialista de Floresta
"-43,29241667","-22,94677778",Hypoponera trigona,607,"691,0170288",Formação Florestal,Região Metropolitana,16050,PARQUE NACIONAL DA TIJUCA,Sim,Especialista de Floresta
"-43,28227778","-22,95702778",Hypoponera trigona,608,"525,901001",Formação Florestal,Região Metropolitana,16050,PARQUE NACIONAL DA TIJUCA,Sim,Especialista de Floresta
"-43,28227778","-22,95702778",Hypoponera trigona,609,"525,901001",Formação Florestal,Região Metropolitana,16050,PARQUE NACIONAL DA TIJUCA,Sim,Especialista de Floresta
"-43,28227778","-22,95702778",Hypoponera trigona,610,"525,901001",Formação Florestal,Região Metropolitana,16050,PARQUE NACIONAL DA TIJUCA,Sim,Especialista de Floresta
"-43,28227778","-22,95702778",Hypoponera trigona,611,"525,901001",Formação Florestal,Região Metropolitana,16050,PARQUE NACIONAL DA TIJUCA,Sim,Especialista de Floresta
"-43,28227778","-22,95702778",Hypoponera trigona,612,"525,901001",Formação Florestal,Região Metropolitana,16050,PARQUE NACIONAL DA TIJUCA,Sim,Especialista de Floresta
"-43,28227778","-22,95702778",Hypoponera trigona,613,"525,901001",Formação Florestal,Região Metropolitana,16050,PARQUE NACIONAL DA TIJUCA,Sim,Especialista de Floresta
"-43,28227778","-22,95702778",Hypoponera trigona,614,"525,901001",Formação Florestal,Região Metropolitana,16050,PARQUE NACIONAL DA TIJUCA,Sim,Especialista de Floresta
"-43,28227778","-22,95702778",Hypoponera trigona,615,"525,901001",Formação Florestal,Região Metropolitana,16050,PARQUE NACIONAL DA TIJUCA,Sim,Especialista de Floresta
"-43,29113889","-22,96122222",Hypoponera trigona,616,"438,8590088",Formação Florestal,Região Metropolitana,16050,PARQUE NACIONAL DA TIJUCA,Sim,Especialista de Floresta
"-43,29113889","-22,96122222",Hypoponera trigona,617,"438,8590088",Formação Florestal,Região Metropolitana,16050,PARQUE NACIONAL DA TIJUCA,Sim,Especialista de Floresta
"-43,29113889","-22,96122222",Hypoponera trigona,618,"438,8590088",Formação Florestal,Região Metropolitana,16050,PARQUE NACIONAL DA TIJUCA,Sim,Especialista de Floresta
"-43,29113889","-22,96122222",Hypoponera trigona,619,"438,8590088",Formação Florestal,Região Metropolitana,16050,PARQUE NACIONAL DA TIJUCA,Sim,Especialista de Floresta
"-43,29113889","-22,96122222",Hypoponera trigona,620,"438,8590088",Formação Florestal,Região Metropolitana,16050,PARQUE NACIONAL DA TIJUCA,Sim,Especialista de Floresta
"-43,29113889","-22,96122222",Hypoponera trigona,621,"438,8590088",Formação Florestal,Região Metropolitana,16050,PARQUE NACIONAL DA TIJUCA,Sim,Especialista de Floresta
"-43,29113889","-22,96122222",Hypoponera trigona,622,"438,8590088",Formação Florestal,Região Metropolitana,16050,PARQUE NACIONAL DA TIJUCA,Sim,Especialista de Floresta
"-43,29113889","-22,96122222",Hypoponera trigona,623,"438,8590088",Formação Florestal,Região Metropolitana,16050,PARQUE NACIONAL DA TIJUCA,Sim,Especialista de Floresta
"-43,29113889","-22,96122222",Hypoponera trigona,624,"438,8590088",Formação Florestal,Região Metropolitana,16050,PARQUE NACIONAL DA TIJUCA,Sim,Especialista de Floresta
"-43,29113889","-22,96122222",Hypoponera trigona,625,"438,8590088",Formação Florestal,Região Metropolitana,16050,PARQUE NACIONAL DA TIJUCA,Sim,Especialista de Floresta
"-43,29113889","-22,96122222",Hypoponera trigona,626,"438,8590088",Formação Florestal,Região Metropolitana,16050,PARQUE NACIONAL DA TIJUCA,Sim,Especialista de Floresta
"-43,29113889","-22,96122222",Hypoponera trigona,627,"438,8590088",Formação Florestal,Região Metropolitana,16050,PARQUE NACIONAL DA TIJUCA,Sim,Especialista de Floresta
"-43,29113889","-22,96122222",Hypoponera trigona,628,"438,8590088",Formação Florestal,Região Metropolitana,16050,PARQUE NACIONAL DA TIJUCA,Sim,Especialista de Floresta
"-43,29113889","-22,96122222",Hypoponera trigona,629,"438,8590088",Formação Florestal,Região Metropolitana,16050,PARQUE NACIONAL DA TIJUCA,Sim,Especialista de Floresta
"-43,29183333","-22,94652778",Hypoponera viri,630,"686,5709839",Formação Florestal,Região Metropolitana,16050,PARQUE NACIONAL DA TIJUCA,Sim,Especialista de Floresta
"-43,29183333","-22,94652778",Hypoponera viri,631,"686,5709839",Formação Florestal,Região Metropolitana,16050,PARQUE NACIONAL DA TIJUCA,Sim,Especialista de Floresta
"-43,29183333","-22,94652778",Hypoponera viri,632,"686,5709839",Formação Florestal,Região Metropolitana,16050,PARQUE NACIONAL DA TIJUCA,Sim,Especialista de Floresta
"-43,29183333","-22,94652778",Hypoponera viri,633,"686,5709839",Formação Florestal,Região Metropolitana,16050,PARQUE NACIONAL DA TIJUCA,Sim,Especialista de Floresta
"-43,29183333","-22,94652778",Hypoponera viri,634,"686,5709839",Formação Florestal,Região Metropolitana,16050,PARQUE NACIONAL DA TIJUCA,Sim,Especialista de Floresta
"-43,29183333","-22,94652778",Hypoponera viri,635,"686,5709839",Formação Florestal,Região Metropolitana,16050,PARQUE NACIONAL DA TIJUCA,Sim,Especialista de Floresta
"-43,29183333","-22,94652778",Hypoponera viri,636,"686,5709839",Formação Florestal,Região Metropolitana,16050,PARQUE NACIONAL DA TIJUCA,Sim,Especialista de Floresta
"-43,29183333","-22,94652778",Hypoponera viri,637,"686,5709839",Formação Florestal,Região Metropolitana,16050,PARQUE NACIONAL DA TIJUCA,Sim,Especialista de Floresta
"-43,29183333","-22,94652778",Hypoponera viri,638,"686,5709839",Formação Florestal,Região Metropolitana,16050,PARQUE NACIONAL DA TIJUCA,Sim,Especialista de Floresta
"-43,29183333","-22,94652778",Hypoponera viri,639,"686,5709839",Formação Florestal,Região Metropolitana,16050,PARQUE NACIONAL DA TIJUCA,Sim,Especialista de Floresta
"-43,29183333","-22,94652778",Hypoponera viri,640,"686,5709839",Formação Florestal,Região Metropolitana,16050,PARQUE NACIONAL DA TIJUCA,Sim,Especialista de Floresta
"-43,28286111","-22,95833333",Hypoponera viri,641,"525,8660278",Formação Florestal,Região Metropolitana,16050,PARQUE NACIONAL DA TIJUCA,Sim,Especialista de Floresta
"-43,28286111","-22,95833333",Hypoponera viri,642,"525,8660278",Formação Florestal,Região Metropolitana,16050,PARQUE NACIONAL DA TIJUCA,Sim,Especialista de Floresta
"-43,28286111","-22,95833333",Hypoponera viri,643,"525,8660278",Formação Florestal,Região Metropolitana,16050,PARQUE NACIONAL DA TIJUCA,Sim,Especialista de Floresta
"-43,28286111","-22,95833333",Hypoponera viri,644,"525,8660278",Formação Florestal,Região Metropolitana,16050,PARQUE NACIONAL DA TIJUCA,Sim,Especialista de Floresta
"-43,28286111","-22,95833333",Hypoponera viri,645,"525,8660278",Formação Florestal,Região Metropolitana,16050,PARQUE NACIONAL DA TIJUCA,Sim,Especialista de Floresta
"-43,28286111","-22,95833333",Hypoponera viri,646,"525,8660278",Formação Florestal,Região Metropolitana,16050,PARQUE NACIONAL DA TIJUCA,Sim,Especialista de Floresta
"-43,29163889","-22,96125",Hypoponera viri,647,"444,6579895",Formação Florestal,Região Metropolitana,16050,PARQUE NACIONAL DA TIJUCA,Sim,Especialista de Floresta
"-43,29163889","-22,96125",Hypoponera viri,648,"444,6579895",Formação Florestal,Região Metropolitana,16050,PARQUE NACIONAL DA TIJUCA,Sim,Especialista de Floresta
"-43,29163889","-22,96125",Hypoponera viri,649,"444,6579895",Formação Florestal,Região Metropolitana,16050,PARQUE NACIONAL DA TIJUCA,Sim,Especialista de Floresta
"-43,29163889","-22,96125",Hypoponera viri,650,"444,6579895",Formação Florestal,Região Metropolitana,16050,PARQUE NACIONAL DA TIJUCA,Sim,Especialista de Floresta
"-43,29163889","-22,96125",Hypoponera viri,651,"444,6579895",Formação Florestal,Região Metropolitana,16050,PARQUE NACIONAL DA TIJUCA,Sim,Especialista de Floresta
"-43,29163889","-22,96125",Hypoponera viri,652,"444,6579895",Formação Florestal,Região Metropolitana,16050,PARQUE NACIONAL DA TIJUCA,Sim,Especialista de Floresta
"-43,29175","-22,94644444",Leptogenys luederwaldti,653,"686,5709839",Formação Florestal,Região Metropolitana,16050,PARQUE NACIONAL DA TIJUCA,Sim,Especialista de Floresta
"-43,29175","-22,94644444",Leptogenys luederwaldti,654,"686,5709839",Formação Florestal,Região Metropolitana,16050,PARQUE NACIONAL DA TIJUCA,Sim,Especialista de Floresta
"-43,29019444","-22,96169444",Leptogenys luederwaldti,655,"408,4400024",Formação Florestal,Região Metropolitana,16050,PARQUE NACIONAL DA TIJUCA,Sim,Especialista de Floresta
"-43,29019444","-22,96169444",Leptogenys luederwaldti,656,"408,4400024",Formação Florestal,Região Metropolitana,16050,PARQUE NACIONAL DA TIJUCA,Sim,Especialista de Floresta
"-43,29019444","-22,96169444",Leptogenys luederwaldti,657,"408,4400024",Formação Florestal,Região Metropolitana,16050,PARQUE NACIONAL DA TIJUCA,Sim,Especialista de Floresta
"-43,29019444","-22,96169444",Leptogenys luederwaldti,658,"408,4400024",Formação Florestal,Região Metropolitana,16050,PARQUE NACIONAL DA TIJUCA,Sim,Especialista de Floresta
"-43,28994444","-22,96183333",Neoponera verenae,659,"405,5350037",Formação Florestal,Região Metropolitana,16050,PARQUE NACIONAL DA TIJUCA,Sim,Generalista
"-43,28275","-22,95641667",Neoponera verenae,660,"516,7559814",Formação Florestal,Região Metropolitana,16050,PARQUE NACIONAL DA TIJUCA,Sim,Generalista
"-43,28275","-22,95641667",Neoponera verenae,661,"516,7559814",Formação Florestal,Região Metropolitana,16050,PARQUE NACIONAL DA TIJUCA,Sim,Generalista
"-43,28275","-22,95641667",Neoponera verenae,662,"516,7559814",Formação Florestal,Região Metropolitana,16050,PARQUE NACIONAL DA TIJUCA,Sim,Generalista
"-43,28275","-22,95641667",Neoponera verenae,663,"516,7559814",Formação Florestal,Região Metropolitana,16050,PARQUE NACIONAL DA TIJUCA,Sim,Generalista
"-43,28275","-22,95641667",Neoponera verenae,664,"516,7559814",Formação Florestal,Região Metropolitana,16050,PARQUE NACIONAL DA TIJUCA,Sim,Generalista
"-43,28275","-22,95641667",Neoponera verenae,665,"516,7559814",Formação Florestal,Região Metropolitana,16050,PARQUE NACIONAL DA TIJUCA,Sim,Generalista
"-43,29022222","-22,96161111",Odontomachus affinis,666,"415,3999939",Formação Florestal,Região Metropolitana,16050,PARQUE NACIONAL DA TIJUCA,Sim,Especialista de Floresta
"-43,29022222","-22,96161111",Odontomachus affinis,667,"415,3999939",Formação Florestal,Região Metropolitana,16050,PARQUE NACIONAL DA TIJUCA,Sim,Especialista de Floresta
"-43,29241667","-22,94677778",Odontomachus affinis,668,"691,0170288",Formação Florestal,Região Metropolitana,16050,PARQUE NACIONAL DA TIJUCA,Sim,Especialista de Floresta
"-43,29241667","-22,94677778",Odontomachus affinis,669,"691,0170288",Formação Florestal,Região Metropolitana,16050,PARQUE NACIONAL DA TIJUCA,Sim,Especialista de Floresta
"-43,29241667","-22,94677778",Odontomachus affinis,670,"691,0170288",Formação Florestal,Região Metropolitana,16050,PARQUE NACIONAL DA TIJUCA,Sim,Especialista de Floresta
"-43,29241667","-22,94677778",Odontomachus affinis,671,"691,0170288",Formação Florestal,Região Metropolitana,16050,PARQUE NACIONAL DA TIJUCA,Sim,Especialista de Floresta
"-43,29241667","-22,94677778",Odontomachus affinis,672,"691,0170288",Formação Florestal,Região Metropolitana,16050,PARQUE NACIONAL DA TIJUCA,Sim,Especialista de Floresta
"-43,28227778","-22,95702778",Odontomachus affinis,673,"525,901001",Formação Florestal,Região Metropolitana,16050,PARQUE NACIONAL DA TIJUCA,Sim,Especialista de Floresta
"-43,28227778","-22,95702778",Odontomachus affinis,674,"525,901001",Formação Florestal,Região Metropolitana,16050,PARQUE NACIONAL DA TIJUCA,Sim,Especialista de Floresta
"-43,28227778","-22,95702778",Odontomachus affinis,675,"525,901001",Formação Florestal,Região Metropolitana,16050,PARQUE NACIONAL DA TIJUCA,Sim,Especialista de Floresta
"-43,29266667","-22,94633333",Odontomachus brunneus,676,"709,3740234",Formação Florestal,Região Metropolitana,16050,PARQUE NACIONAL DA TIJUCA,Sim,Especialista de Floresta
"-43,29177778","-22,94661111",Odontomachus brunneus,677,"686,5709839",Formação Florestal,Região Metropolitana,16050,PARQUE NACIONAL DA TIJUCA,Sim,Especialista de Floresta
"-43,28997222","-22,96166667",Odontomachus chelifer,678,"405,5350037",Formação Florestal,Região Metropolitana,16050,PARQUE NACIONAL DA TIJUCA,Sim,Generalista
"-43,28997222","-22,96166667",Odontomachus chelifer,679,"405,5350037",Formação Florestal,Região Metropolitana,16050,PARQUE NACIONAL DA TIJUCA,Sim,Generalista
"-43,29161111","-22,94672222",Odontomachus chelifer,680,"679,9400024",Formação Florestal,Região Metropolitana,16050,PARQUE NACIONAL DA TIJUCA,Sim,Generalista
"-43,29161111","-22,94672222",Odontomachus chelifer,681,"679,9400024",Formação Florestal,Região Metropolitana,16050,PARQUE NACIONAL DA TIJUCA,Sim,Generalista
"-43,29161111","-22,94672222",Odontomachus chelifer,682,"679,9400024",Formação Florestal,Região Metropolitana,16050,PARQUE NACIONAL DA TIJUCA,Sim,Generalista
"-43,29252778","-22,94658333",Odontomachus chelifer,683,"701,7719727",Formação Florestal,Região Metropolitana,16050,PARQUE NACIONAL DA TIJUCA,Sim,Generalista
"-43,29252778","-22,94658333",Odontomachus chelifer,684,"701,7719727",Formação Florestal,Região Metropolitana,16050,PARQUE NACIONAL DA TIJUCA,Sim,Generalista
"-43,29241667","-22,94616667",Odontomachus meinerti,685,"701,8209839",Formação Florestal,Região Metropolitana,16050,PARQUE NACIONAL DA TIJUCA,Sim,Generalista
"-43,29161111","-22,94672222",Odontomachus meinerti,686,"679,9400024",Formação Florestal,Região Metropolitana,16050,PARQUE NACIONAL DA TIJUCA,Sim,Generalista
"-43,29161111","-22,94672222",Odontomachus meinerti,687,"679,9400024",Formação Florestal,Região Metropolitana,16050,PARQUE NACIONAL DA TIJUCA,Sim,Generalista
"-43,29161111","-22,94672222",Odontomachus meinerti,688,"679,9400024",Formação Florestal,Região Metropolitana,16050,PARQUE NACIONAL DA TIJUCA,Sim,Generalista
"-43,29161111","-22,94672222",Odontomachus meinerti,689,"679,9400024",Formação Florestal,Região Metropolitana,16050,PARQUE NACIONAL DA TIJUCA,Sim,Generalista
"-43,29161111","-22,94672222",Odontomachus meinerti,690,"679,9400024",Formação Florestal,Região Metropolitana,16050,PARQUE NACIONAL DA TIJUCA,Sim,Generalista
"-43,28269444","-22,95644444",Odontomachus meinerti,691,"516,7559814",Formação Florestal,Região Metropolitana,16050,PARQUE NACIONAL DA TIJUCA,Sim,Generalista
"-43,28269444","-22,95644444",Odontomachus meinerti,692,"516,7559814",Formação Florestal,Região Metropolitana,16050,PARQUE NACIONAL DA TIJUCA,Sim,Generalista
"-43,28269444","-22,95644444",Odontomachus meinerti,693,"516,7559814",Formação Florestal,Região Metropolitana,16050,PARQUE NACIONAL DA TIJUCA,Sim,Generalista
"-43,28205556","-22,9575",Pachycondyla harpax,694,"528,3079834",Formação Florestal,Região Metropolitana,16050,PARQUE NACIONAL DA TIJUCA,Sim,Especialista de Floresta
"-43,28205556","-22,9575",Pachycondyla harpax,695,"528,3079834",Formação Florestal,Região Metropolitana,16050,PARQUE NACIONAL DA TIJUCA,Sim,Especialista de Floresta
"-43,29125","-22,96111111",Pachycondyla harpax,696,"447,3900146",Formação Florestal,Região Metropolitana,16050,PARQUE NACIONAL DA TIJUCA,Sim,Especialista de Floresta
"-43,29125","-22,96111111",Pachycondyla harpax,697,"447,3900146",Formação Florestal,Região Metropolitana,16050,PARQUE NACIONAL DA TIJUCA,Sim,Especialista de Floresta
"-43,29236111","-22,946",Pachycondyla harpax,698,"711,4119873",Formação Florestal,Região Metropolitana,16050,PARQUE NACIONAL DA TIJUCA,Sim,Especialista de Floresta
"-43,29236111","-22,946",Pachycondyla harpax,699,"711,4119873",Formação Florestal,Região Metropolitana,16050,PARQUE NACIONAL DA TIJUCA,Sim,Especialista de Floresta
"-43,29236111","-22,946",Pachycondyla harpax,700,"711,4119873",Formação Florestal,Região Metropolitana,16050,PARQUE NACIONAL DA TIJUCA,Sim,Especialista de Floresta
"-43,29236111","-22,946",Pachycondyla harpax,701,"711,4119873",Formação Florestal,Região Metropolitana,16050,PARQUE NACIONAL DA TIJUCA,Sim,Especialista de Floresta
"-43,29236111","-22,946",Pachycondyla harpax,702,"711,4119873",Formação Florestal,Região Metropolitana,16050,PARQUE NACIONAL DA TIJUCA,Sim,Especialista de Floresta
"-43,29236111","-22,946",Pachycondyla harpax,703,"711,4119873",Formação Florestal,Região Metropolitana,16050,PARQUE NACIONAL DA TIJUCA,Sim,Especialista de Floresta
"-43,29236111","-22,946",Pachycondyla harpax,704,"711,4119873",Formação Florestal,Região Metropolitana,16050,PARQUE NACIONAL DA TIJUCA,Sim,Especialista de Floresta
"-43,29236111","-22,946",Pachycondyla harpax,705,"711,4119873",Formação Florestal,Região Metropolitana,16050,PARQUE NACIONAL DA TIJUCA,Sim,Especialista de Floresta
"-43,29236111","-22,946",Pachycondyla harpax,706,"711,4119873",Formação Florestal,Região Metropolitana,16050,PARQUE NACIONAL DA TIJUCA,Sim,Especialista de Floresta
"-43,29236111","-22,946",Pachycondyla harpax,707,"711,4119873",Formação Florestal,Região Metropolitana,16050,PARQUE NACIONAL DA TIJUCA,Sim,Especialista de Floresta
"-43,29236111","-22,946",Pachycondyla harpax,708,"711,4119873",Formação Florestal,Região Metropolitana,16050,PARQUE NACIONAL DA TIJUCA,Sim,Especialista de Floresta
"-43,29236111","-22,946",Pachycondyla harpax,709,"711,4119873",Formação Florestal,Região Metropolitana,16050,PARQUE NACIONAL DA TIJUCA,Sim,Especialista de Floresta
"-43,29236111","-22,946",Pachycondyla harpax,710,"711,4119873",Formação Florestal,Região Metropolitana,16050,PARQUE NACIONAL DA TIJUCA,Sim,Especialista de Floresta
"-43,29236111","-22,946",Pachycondyla harpax,711,"711,4119873",Formação Florestal,Região Metropolitana,16050,PARQUE NACIONAL DA TIJUCA,Sim,Especialista de Floresta
"-43,29236111","-22,946",Pachycondyla harpax,712,"711,4119873",Formação Florestal,Região Metropolitana,16050,PARQUE NACIONAL DA TIJUCA,Sim,Especialista de Floresta
"-43,28319444","-22,95055556",Pachycondyla striata,713,"535,4959717",Formação Florestal,Região Metropolitana,16050,PARQUE NACIONAL DA TIJUCA,Sim,Generalista
"-43,28319444","-22,95055556",Pachycondyla striata,714,"535,4959717",Formação Florestal,Região Metropolitana,16050,PARQUE NACIONAL DA TIJUCA,Sim,Generalista
"-43,28319444","-22,95055556",Pachycondyla striata,715,"535,4959717",Formação Florestal,Região Metropolitana,16050,PARQUE NACIONAL DA TIJUCA,Sim,Generalista
"-43,28319444","-22,95055556",Pachycondyla striata,716,"535,4959717",Formação Florestal,Região Metropolitana,16050,PARQUE NACIONAL DA TIJUCA,Sim,Generalista
"-43,28319444","-22,95055556",Pachycondyla striata,717,"535,4959717",Formação Florestal,Região Metropolitana,16050,PARQUE NACIONAL DA TIJUCA,Sim,Generalista
"-43,28319444","-22,95055556",Pachycondyla striata,718,"535,4959717",Formação Florestal,Região Metropolitana,16050,PARQUE NACIONAL DA TIJUCA,Sim,Generalista
"-43,28319444","-22,95055556",Pachycondyla striata,719,"535,4959717",Formação Florestal,Região Metropolitana,16050,PARQUE NACIONAL DA TIJUCA,Sim,Generalista
"-43,28319444","-22,95055556",Pachycondyla striata,720,"535,4959717",Formação Florestal,Região Metropolitana,16050,PARQUE NACIONAL DA TIJUCA,Sim,Generalista
"-43,28319444","-22,95055556",Pachycondyla striata,721,"535,4959717",Formação Florestal,Região Metropolitana,16050,PARQUE NACIONAL DA TIJUCA,Sim,Generalista
"-43,28319444","-22,95055556",Pachycondyla striata,722,"535,4959717",Formação Florestal,Região Metropolitana,16050,PARQUE NACIONAL DA TIJUCA,Sim,Generalista
"-43,28319444","-22,95055556",Pachycondyla striata,723,"535,4959717",Formação Florestal,Região Metropolitana,16050,PARQUE NACIONAL DA TIJUCA,Sim,Generalista
"-43,28319444","-22,95055556",Pachycondyla striata,724,"535,4959717",Formação Florestal,Região Metropolitana,16050,PARQUE NACIONAL DA TIJUCA,Sim,Generalista
"-43,28319444","-22,95055556",Pachycondyla striata,725,"535,4959717",Formação Florestal,Região Metropolitana,16050,PARQUE NACIONAL DA TIJUCA,Sim,Generalista
"-43,28319444","-22,95055556",Pachycondyla striata,726,"535,4959717",Formação Florestal,Região Metropolitana,16050,PARQUE NACIONAL DA TIJUCA,Sim,Generalista
"-43,28319444","-22,95055556",Pachycondyla striata,727,"535,4959717",Formação Florestal,Região Metropolitana,16050,PARQUE NACIONAL DA TIJUCA,Sim,Generalista
"-43,28319444","-22,95055556",Pachycondyla striata,728,"535,4959717",Formação Florestal,Região Metropolitana,16050,PARQUE NACIONAL DA TIJUCA,Sim,Generalista
"-43,28319444","-22,95055556",Pachycondyla striata,729,"535,4959717",Formação Florestal,Região Metropolitana,16050,PARQUE NACIONAL DA TIJUCA,Sim,Generalista
"-43,28319444","-22,95055556",Pachycondyla striata,730,"535,4959717",Formação Florestal,Região Metropolitana,16050,PARQUE NACIONAL DA TIJUCA,Sim,Generalista
"-43,28319444","-22,95055556",Pachycondyla striata,731,"535,4959717",Formação Florestal,Região Metropolitana,16050,PARQUE NACIONAL DA TIJUCA,Sim,Generalista
"-43,29136111","-22,94536111",Pachycondyla striata,732,"726,3530273",Formação Florestal,Região Metropolitana,16050,PARQUE NACIONAL DA TIJUCA,Sim,Generalista
"-43,29136111","-22,94536111",Pachycondyla striata,733,"726,3530273",Formação Florestal,Região Metropolitana,16050,PARQUE NACIONAL DA TIJUCA,Sim,Generalista
"-43,29136111","-22,94536111",Pachycondyla striata,734,"726,3530273",Formação Florestal,Região Metropolitana,16050,PARQUE NACIONAL DA TIJUCA,Sim,Generalista
"-43,29136111","-22,94536111",Pachycondyla striata,735,"726,3530273",Formação Florestal,Região Metropolitana,16050,PARQUE NACIONAL DA TIJUCA,Sim,Generalista
"-43,29136111","-22,94536111",Pachycondyla striata,736,"726,3530273",Formação Florestal,Região Metropolitana,16050,PARQUE NACIONAL DA TIJUCA,Sim,Generalista
"-43,29136111","-22,94536111",Pachycondyla striata,737,"726,3530273",Formação Florestal,Região Metropolitana,16050,PARQUE NACIONAL DA TIJUCA,Sim,Generalista
"-43,29136111","-22,94536111",Pachycondyla striata,738,"726,3530273",Formação Florestal,Região Metropolitana,16050,PARQUE NACIONAL DA TIJUCA,Sim,Generalista
"-43,29136111","-22,94536111",Pachycondyla striata,739,"726,3530273",Formação Florestal,Região Metropolitana,16050,PARQUE NACIONAL DA TIJUCA,Sim,Generalista
"-43,29136111","-22,94536111",Pachycondyla striata,740,"726,3530273",Formação Florestal,Região Metropolitana,16050,PARQUE NACIONAL DA TIJUCA,Sim,Generalista
"-43,29136111","-22,94536111",Pachycondyla striata,741,"726,3530273",Formação Florestal,Região Metropolitana,16050,PARQUE NACIONAL DA TIJUCA,Sim,Generalista
"-43,29136111","-22,94536111",Pachycondyla striata,742,"726,3530273",Formação Florestal,Região Metropolitana,16050,PARQUE NACIONAL DA TIJUCA,Sim,Generalista
"-43,29136111","-22,94536111",Pachycondyla striata,743,"726,3530273",Formação Florestal,Região Metropolitana,16050,PARQUE NACIONAL DA TIJUCA,Sim,Generalista
"-43,29136111","-22,94536111",Pachycondyla striata,744,"726,3530273",Formação Florestal,Região Metropolitana,16050,PARQUE NACIONAL DA TIJUCA,Sim,Generalista
"-43,28330556","-22,95666667",Pachycondyla striata,745,"514,6829834",Formação Florestal,Região Metropolitana,16050,PARQUE NACIONAL DA TIJUCA,Sim,Generalista
"-43,28330556","-22,95666667",Pachycondyla striata,746,"514,6829834",Formação Florestal,Região Metropolitana,16050,PARQUE NACIONAL DA TIJUCA,Sim,Generalista
"-43,28330556","-22,95666667",Pachycondyla striata,747,"514,6829834",Formação Florestal,Região Metropolitana,16050,PARQUE NACIONAL DA TIJUCA,Sim,Generalista
"-43,28330556","-22,95666667",Pachycondyla striata,748,"514,6829834",Formação Florestal,Região Metropolitana,16050,PARQUE NACIONAL DA TIJUCA,Sim,Generalista
"-43,28330556","-22,95666667",Pachycondyla striata,749,"514,6829834",Formação Florestal,Região Metropolitana,16050,PARQUE NACIONAL DA TIJUCA,Sim,Generalista
"-43,28330556","-22,95666667",Pachycondyla striata,750,"514,6829834",Formação Florestal,Região Metropolitana,16050,PARQUE NACIONAL DA TIJUCA,Sim,Generalista
"-43,28330556","-22,95666667",Pachycondyla striata,751,"514,6829834",Formação Florestal,Região Metropolitana,16050,PARQUE NACIONAL DA TIJUCA,Sim,Generalista
"-43,28330556","-22,95666667",Pachycondyla striata,752,"514,6829834",Formação Florestal,Região Metropolitana,16050,PARQUE NACIONAL DA TIJUCA,Sim,Generalista
"-43,28330556","-22,95666667",Pachycondyla striata,753,"514,6829834",Formação Florestal,Região Metropolitana,16050,PARQUE NACIONAL DA TIJUCA,Sim,Generalista
"-43,28330556","-22,95666667",Pachycondyla striata,754,"514,6829834",Formação Florestal,Região Metropolitana,16050,PARQUE NACIONAL DA TIJUCA,Sim,Generalista
"-43,29183333","-22,94652778",Discothyrea neotropica,755,"686,5709839",Formação Florestal,Região Metropolitana,16050,PARQUE NACIONAL DA TIJUCA,Sim,Especialista de Floresta
"-43,29183333","-22,94652778",Discothyrea neotropica,756,"686,5709839",Formação Florestal,Região Metropolitana,16050,PARQUE NACIONAL DA TIJUCA,Sim,Especialista de Floresta
"-43,29183333","-22,94652778",Discothyrea neotropica,757,"686,5709839",Formação Florestal,Região Metropolitana,16050,PARQUE NACIONAL DA TIJUCA,Sim,Especialista de Floresta
"-43,29183333","-22,94652778",Discothyrea neotropica,758,"686,5709839",Formação Florestal,Região Metropolitana,16050,PARQUE NACIONAL DA TIJUCA,Sim,Especialista de Floresta
"-43,28258333","-22,95772222",Discothyrea neotropica,759,"526,3029785",Formação Florestal,Região Metropolitana,16050,PARQUE NACIONAL DA TIJUCA,Sim,Especialista de Floresta
"-44,5224","-22,441",Strumigenys hindenburgi,GABI_00622801,"428,6170044",Área Urbanizada,Região do Médio Paraíba,17670,ÁREA DE PROTEÇÃO AMBIENTAL DE PENEDO,Sim,Especialista de Floresta
"-42,7608","-22,4682",Dolichoderus attelaboides,GABI_02300511,"51,5890007",Formação Florestal,Região Metropolitana,18055,REFÚGIO DE VIDA SILVESTRE DE MACACU,Sim,Especialista de Floresta
"-43,4163","-22,9496",Strumigenys crassicornis,GABI_01648189,"237,1990051",Formação Florestal,Região Metropolitana,19096,PARQUE ESTADUAL DA PEDRA BRANCA,Sim,Especialista de Floresta
"-42,3333","-22,3167",Eciton quadriglume,GABI_00517655,"815,4910278",Formação Florestal,Região Serrana,19106,ÁREA DE PROTEÇÃO AMBIENTAL DE MACAÉ DE CIMA,Sim,Especialista de Floresta
"-42,3333","-22,3167",Pseudomyrmex adustus,GABI_00509831,"815,4910278",Formação Florestal,Região Serrana,19106,ÁREA DE PROTEÇÃO AMBIENTAL DE MACAÉ DE CIMA,Sim,Generalista
"-43,9667","-23,0667",Linepithema iniquum,GABI_00038172,"421,1799927",Formação Florestal,Região da Costa Verde,19107,ÁREA DE PROTEÇÃO AMBIENTAL DE MANGARATIBA,Sim,Generalista
"-42,8283","-22,4009",Sericomyrmex saussurei,GABI_01862209,"965,9039917",Formação Florestal,Região Serrana,19726,PARQUE ESTADUAL DOS TRÊS PICOS,Sim,Especialista de Floresta
"-44,3158","-22,9978",Strumigenys elongata,GABI_01648294,"292,026001",Formação Florestal,Região da Costa Verde,20805,PARQUE NATURAL MUNICIPAL DA MATA ATLÂNTICA,Sim,Generalista
"-41,95","-21,969",Procryptocerus regularis,GABI_00604836,"992,8790283",Formação Florestal,Região Serrana,21775,PARQUE ESTADUAL DO DESENGANO,Sim,Especialista de Floresta
"-41,95","-21,969",Mayaponera arhuaca,GABI_00604804,"992,8790283",Formação Florestal,Região Serrana,21775,PARQUE ESTADUAL DO DESENGANO,Sim,Especialista de Floresta
"-41,95","-21,969",Fulakora armigera,GABI_00604875,"992,8790283",Formação Florestal,Região Serrana,21775,PARQUE ESTADUAL DO DESENGANO,Sim,Especialista de Floresta
"-41,95","-21,969",Eurhopalothrix speciosa,GABI_00604800,"992,8790283",Formação Florestal,Região Serrana,21775,PARQUE ESTADUAL DO DESENGANO,Sim,Especialista de Floresta
"-41,95","-21,969",Wasmannia lutzi,GABI_00604796,"992,8790283",Formação Florestal,Região Serrana,21775,PARQUE ESTADUAL DO DESENGANO,Sim,Especialista de Floresta
"-41,95","-21,969",Strumigenys louisianae,GABI_00604946,"992,8790283",Formação Florestal,Região Serrana,21775,PARQUE ESTADUAL DO DESENGANO,Sim,Especialista de Floresta
"-41,95","-21,969",Strumigenys subedentata,GABI_00604908,"992,8790283",Formação Florestal,Região Serrana,21775,PARQUE ESTADUAL DO DESENGANO,Sim,Especialista de Floresta
"-41,95","-21,969",Eciton burchellii,GABI_00604805,"992,8790283",Formação Florestal,Região Serrana,21775,PARQUE ESTADUAL DO DESENGANO,Sim,Generalista
"-41,95","-21,969",Neivamyrmex punctaticeps,GABI_00604788,"992,8790283",Formação Florestal,Região Serrana,21775,PARQUE ESTADUAL DO DESENGANO,Sim,Generalista
"-41,95","-21,969",Eurhopalothrix bruchi,GABI_00604821,"992,8790283",Formação Florestal,Região Serrana,21775,PARQUE ESTADUAL DO DESENGANO,Sim,Especialista de Floresta
"-41,95","-21,967",Oxyepoecus rastratus,GABI_00905459,"1026,349976",Formação Florestal,Região Serrana,21775,PARQUE ESTADUAL DO DESENGANO,Sim,Especialista de Floresta
"-41,95","-21,969",Wasmannia affinis,GABI_00604948,"992,8790283",Formação Florestal,Região Serrana,21775,PARQUE ESTADUAL DO DESENGANO,Sim,Generalista
"-41,95","-21,969",Basiceros disciger,GABI_00604866,"992,8790283",Formação Florestal,Região Serrana,21775,PARQUE ESTADUAL DO DESENGANO,Sim,Especialista de Floresta
"-41,95","-21,969",Acromyrmex aspersus,GABI_00604915,"992,8790283",Formação Florestal,Região Serrana,21775,PARQUE ESTADUAL DO DESENGANO,Sim,Especialista de Área Aberta
"-41,95","-21,969",Acromyrmex niger,GABI_00604892,"992,8790283",Formação Florestal,Região Serrana,21775,PARQUE ESTADUAL DO DESENGANO,Sim,Especialista de Área Aberta
"-41,95","-21,969",Hylomyrma reitteri,GABI_00604905,"992,8790283",Formação Florestal,Região Serrana,21775,PARQUE ESTADUAL DO DESENGANO,Sim,Especialista de Floresta
"-41,95","-21,969",Heteroponera mayri,GABI_00604879,"992,8790283",Formação Florestal,Região Serrana,21775,PARQUE ESTADUAL DO DESENGANO,Sim,Especialista de Floresta
"-41,95","-21,969",Neocerapachys splendens,GABI_00604778,"992,8790283",Formação Florestal,Região Serrana,21775,PARQUE ESTADUAL DO DESENGANO,Sim,Especialista de Floresta
"-41,95","-21,969",Megalomyrmex drifti,GABI_00604898,"992,8790283",Formação Florestal,Região Serrana,21775,PARQUE ESTADUAL DO DESENGANO,Sim,Especialista de Floresta
"-41,95","-21,969",Strumigenys elongata,GABI_00604855,"992,8790283",Formação Florestal,Região Serrana,21775,PARQUE ESTADUAL DO DESENGANO,Sim,Generalista
"-41,95","-21,969",Lachnomyrmex plaumanni,GABI_00604895,"992,8790283",Formação Florestal,Região Serrana,21775,PARQUE ESTADUAL DO DESENGANO,Sim,Especialista de Floresta
"-41,95","-21,969",Holcoponera striatula,GABI_00604877,"992,8790283",Formação Florestal,Região Serrana,21775,PARQUE ESTADUAL DO DESENGANO,Sim,Especialista de Floresta
"-41,95","-21,969",Oxyepoecus rastratus,GABI_00604776,"992,8790283",Formação Florestal,Região Serrana,21775,PARQUE ESTADUAL DO DESENGANO,Sim,Especialista de Floresta
"-41,95","-21,969",Strumigenys crassicornis,GABI_00604933,"992,8790283",Formação Florestal,Região Serrana,21775,PARQUE ESTADUAL DO DESENGANO,Sim,Especialista de Floresta
"-41,95","-21,969",Octostruma rugifera,GABI_00604937,"992,8790283",Formação Florestal,Região Serrana,21775,PARQUE ESTADUAL DO DESENGANO,Sim,Especialista de Floresta
"-41,95","-21,969",Strumigenys cosmostela,GABI_00604842,"992,8790283",Formação Florestal,Região Serrana,21775,PARQUE ESTADUAL DO DESENGANO,Sim,Especialista de Floresta
"-41,95","-21,969",Neoponera venusta,GABI_00604925,"992,8790283",Formação Florestal,Região Serrana,21775,PARQUE ESTADUAL DO DESENGANO,Sim,Especialista de Floresta
"-41,95","-21,969",Linepithema iniquum,GABI_00604885,"992,8790283",Formação Florestal,Região Serrana,21775,PARQUE ESTADUAL DO DESENGANO,Sim,Generalista
"-41,95","-21,969",Strumigenys denticulata,GABI_00604869,"992,8790283",Formação Florestal,Região Serrana,21775,PARQUE ESTADUAL DO DESENGANO,Sim,Especialista de Floresta
"-41,95","-21,969",Procryptocerus convergens,GABI_00604811,"992,8790283",Formação Florestal,Região Serrana,21775,PARQUE ESTADUAL DO DESENGANO,Sim,Especialista de Floresta
"-41,95","-21,969",Discothyrea neotropica,GABI_00604849,"992,8790283",Formação Florestal,Região Serrana,21775,PARQUE ESTADUAL DO DESENGANO,Sim,Especialista de Floresta
"-41,95","-21,969",Rasopone lunaris,GABI_00604828,"992,8790283",Formação Florestal,Região Serrana,21775,PARQUE ESTADUAL DO DESENGANO,Sim,Especialista de Floresta
"-41,95","-21,969",Oxyepoecus rosai,GABI_00604765,"992,8790283",Formação Florestal,Região Serrana,21775,PARQUE ESTADUAL DO DESENGANO,Sim,Especialista de Floresta
"-41,95","-21,969",Discothyrea sexarticulata,GABI_00604760,"992,8790283",Formação Florestal,Região Serrana,21775,PARQUE ESTADUAL DO DESENGANO,Sim,Especialista de Floresta
"-41,95","-21,969",Acanthognathus brevicornis,GABI_00604901,"992,8790283",Formação Florestal,Região Serrana,21775,PARQUE ESTADUAL DO DESENGANO,Sim,Generalista
"-41,95","-21,969",Strumigenys schmalzi,GABI_00604771,"992,8790283",Formação Florestal,Região Serrana,21775,PARQUE ESTADUAL DO DESENGANO,Sim,Especialista de Floresta
"-41,95","-21,969",Wasmannia scrobifera,GABI_00604815,"992,8790283",Formação Florestal,Região Serrana,21775,PARQUE ESTADUAL DO DESENGANO,Sim,Especialista de Floresta
"-41,95","-21,969",Poneracantha rastrata,GABI_00604870,"992,8790283",Formação Florestal,Região Serrana,21775,PARQUE ESTADUAL DO DESENGANO,Sim,Especialista de Floresta
"-41,95","-21,969",Acanthognathus lentus,GABI_00604798,"992,8790283",Formação Florestal,Região Serrana,21775,PARQUE ESTADUAL DO DESENGANO,Sim,Sem Classificação
"-41,95","-21,969",Oxyepoecus myops,GABI_00604845,"992,8790283",Formação Florestal,Região Serrana,21775,PARQUE ESTADUAL DO DESENGANO,Sim,Especialista de Floresta
"-42,0333","-22,45",Linepithema neotropicum,GABI_00038578,"41,47040176",Pastagem,Região das Baixadas Litorâneas,23359,ÁREA DE PROTEÇÃO AMBIENTAL DA BACIA DO RIO SÃO JOÃO - MICO-LEÃO-DOURADO,Sim,Generalista
"-42,0333","-22,45",Linepithema neotropicum,GABI_00875334,"41,47040176",Pastagem,Região das Baixadas Litorâneas,23359,ÁREA DE PROTEÇÃO AMBIENTAL DA BACIA DO RIO SÃO JOÃO - MICO-LEÃO-DOURADO,Sim,Generalista
"-43,1667","-22,5167",Procryptocerus lepidus,GABI_01851170,"945,5529785",Formação Florestal,Região Metropolitana,23362,ÁREA DE PROTEÇÃO AMBIENTAL DA REGIÃO SERRANA DE PETRÓPOLIS,Sim,Especialista de Área Aberta
"-43,178","-22,505",Cephalotes pusillus,GABI_00932058,"824,9760132",Área Urbanizada,Região Metropolitana,23362,ÁREA DE PROTEÇÃO AMBIENTAL DA REGIÃO SERRANA DE PETRÓPOLIS,Sim,Generalista
"-43,1844","-22,5108",Holcoponera striatula,GABI_00683596,"829,9279785",Área Urbanizada,Região Metropolitana,23362,ÁREA DE PROTEÇÃO AMBIENTAL DA REGIÃO SERRANA DE PETRÓPOLIS,Sim,Especialista de Floresta
"-43,178","-22,505",Camponotus brasiliensis,GABI_00923078,"824,9760132",Área Urbanizada,Região Metropolitana,23362,ÁREA DE PROTEÇÃO AMBIENTAL DA REGIÃO SERRANA DE PETRÓPOLIS,Sim,Generalista
"-43,1844","-22,5108",Odontomachus affinis,GABI_00683067,"829,9279785",Área Urbanizada,Região Metropolitana,23362,ÁREA DE PROTEÇÃO AMBIENTAL DA REGIÃO SERRANA DE PETRÓPOLIS,Sim,Especialista de Floresta
"-43,1844","-22,5108",Holcoponera striatula,GABI_00683608,"829,9279785",Área Urbanizada,Região Metropolitana,23362,ÁREA DE PROTEÇÃO AMBIENTAL DA REGIÃO SERRANA DE PETRÓPOLIS,Sim,Especialista de Floresta
"-43,1844","-22,5108",Pachycondyla striata,GABI_00684463,"829,9279785",Área Urbanizada,Região Metropolitana,23362,ÁREA DE PROTEÇÃO AMBIENTAL DA REGIÃO SERRANA DE PETRÓPOLIS,Sim,Generalista
"-43,1844","-22,5108",Pheidole cordiceps,GABI_00683744,"829,9279785",Área Urbanizada,Região Metropolitana,23362,ÁREA DE PROTEÇÃO AMBIENTAL DA REGIÃO SERRANA DE PETRÓPOLIS,Sim,Sem Classificação
"-43,1844","-22,5108",Hypoponera opaciceps,GABI_00683878,"829,9279785",Área Urbanizada,Região Metropolitana,23362,ÁREA DE PROTEÇÃO AMBIENTAL DA REGIÃO SERRANA DE PETRÓPOLIS,Sim,Generalista
"-43,1844","-22,5108",Pseudomyrmex phyllophilus,GABI_00682851,"829,9279785",Área Urbanizada,Região Metropolitana,23362,ÁREA DE PROTEÇÃO AMBIENTAL DA REGIÃO SERRANA DE PETRÓPOLIS,Sim,Generalista
"-43,2167","-22,4667",Poneracantha rastrata,GABI_00591194,"1103,619995",Formação Florestal,Região Metropolitana,23362,ÁREA DE PROTEÇÃO AMBIENTAL DA REGIÃO SERRANA DE PETRÓPOLIS,Sim,Especialista de Floresta
"-43,1779","-22,5112",Cephalotes pusillus,GABI_00860983,"828,1900024",Área Urbanizada,Região Metropolitana,23362,ÁREA DE PROTEÇÃO AMBIENTAL DA REGIÃO SERRANA DE PETRÓPOLIS,Sim,Generalista
"-43,2167","-22,4667",Megalomyrmex drifti,GABI_00591211,"1103,619995",Formação Florestal,Região Metropolitana,23362,ÁREA DE PROTEÇÃO AMBIENTAL DA REGIÃO SERRANA DE PETRÓPOLIS,Sim,Especialista de Floresta
"-43,178","-22,505",Neoponera crenata,GABI_00937628,"824,9760132",Área Urbanizada,Região Metropolitana,23362,ÁREA DE PROTEÇÃO AMBIENTAL DA REGIÃO SERRANA DE PETRÓPOLIS,Sim,Generalista
"-43,178","-22,505",Crematogaster montana,GABI_00924401,"824,9760132",Área Urbanizada,Região Metropolitana,23362,ÁREA DE PROTEÇÃO AMBIENTAL DA REGIÃO SERRANA DE PETRÓPOLIS,Sim,Sem Classificação
"-43,1667","-22,5167",Procryptocerus goeldii,GABI_00289962,"945,5529785",Formação Florestal,Região Metropolitana,23362,ÁREA DE PROTEÇÃO AMBIENTAL DA REGIÃO SERRANA DE PETRÓPOLIS,Sim,Especialista de Floresta
"-43,1779","-22,5112",Eciton burchellii,GABI_00517548,"828,1900024",Área Urbanizada,Região Metropolitana,23362,ÁREA DE PROTEÇÃO AMBIENTAL DA REGIÃO SERRANA DE PETRÓPOLIS,Sim,Generalista
"-43,1844","-22,5108",Pheidole schmalzi,GABI_00684432,"829,9279785",Área Urbanizada,Região Metropolitana,23362,ÁREA DE PROTEÇÃO AMBIENTAL DA REGIÃO SERRANA DE PETRÓPOLIS,Sim,Especialista de Floresta
"-43,1779","-22,5112",Heteroponera dentinodis,GABI_00417839,"828,1900024",Área Urbanizada,Região Metropolitana,23362,ÁREA DE PROTEÇÃO AMBIENTAL DA REGIÃO SERRANA DE PETRÓPOLIS,Sim,Generalista
"-43,2167","-22,4667",Proceratium brasiliense,GABI_00591229,"1103,619995",Formação Florestal,Região Metropolitana,23362,ÁREA DE PROTEÇÃO AMBIENTAL DA REGIÃO SERRANA DE PETRÓPOLIS,Sim,Especialista de Floresta
"-43,1779","-22,5112",Nomamyrmex esenbeckii,GABI_00515770,"828,1900024",Área Urbanizada,Região Metropolitana,23362,ÁREA DE PROTEÇÃO AMBIENTAL DA REGIÃO SERRANA DE PETRÓPOLIS,Sim,Generalista
"-43,1667","-22,5167",Procryptocerus schmalzi,GABI_01851292,"945,5529785",Formação Florestal,Região Metropolitana,23362,ÁREA DE PROTEÇÃO AMBIENTAL DA REGIÃO SERRANA DE PETRÓPOLIS,Sim,Especialista de Floresta
"-43,178","-22,505",Tapinoma gibbosum,GABI_00930622,"824,9760132",Área Urbanizada,Região Metropolitana,23362,ÁREA DE PROTEÇÃO AMBIENTAL DA REGIÃO SERRANA DE PETRÓPOLIS,Sim,Sem Classificação
"-43,1779","-22,5112",Mycetarotes senticosus,GABI_00507591,"828,1900024",Área Urbanizada,Região Metropolitana,23362,ÁREA DE PROTEÇÃO AMBIENTAL DA REGIÃO SERRANA DE PETRÓPOLIS,Sim,Especialista de Área Aberta
"-43,178","-22,505",Cephalotes nilpiei,GABI_00933242,"824,9760132",Área Urbanizada,Região Metropolitana,23362,ÁREA DE PROTEÇÃO AMBIENTAL DA REGIÃO SERRANA DE PETRÓPOLIS,Sim,Generalista
"-43,1779","-22,5112",Camponotus subtruncatus,GABI_01752721,"828,1900024",Área Urbanizada,Região Metropolitana,23362,ÁREA DE PROTEÇÃO AMBIENTAL DA REGIÃO SERRANA DE PETRÓPOLIS,Sim,Sem Classificação
"-43,2167","-22,4667",Mycocepurus smithii,GABI_00591200,"1103,619995",Formação Florestal,Região Metropolitana,23362,ÁREA DE PROTEÇÃO AMBIENTAL DA REGIÃO SERRANA DE PETRÓPOLIS,Sim,Generalista
"-43,1844","-22,5108",Pseudomyrmex phyllophilus,GABI_00684489,"829,9279785",Área Urbanizada,Região Metropolitana,23362,ÁREA DE PROTEÇÃO AMBIENTAL DA REGIÃO SERRANA DE PETRÓPOLIS,Sim,Generalista
"-43,1844","-22,5108",Odontomachus haematodus,GABI_00683266,"829,9279785",Área Urbanizada,Região Metropolitana,23362,ÁREA DE PROTEÇÃO AMBIENTAL DA REGIÃO SERRANA DE PETRÓPOLIS,Sim,Generalista
"-43,1844","-22,5108",Hypoponera trigona,GABI_00683179,"829,9279785",Área Urbanizada,Região Metropolitana,23362,ÁREA DE PROTEÇÃO AMBIENTAL DA REGIÃO SERRANA DE PETRÓPOLIS,Sim,Especialista de Floresta
"-43,1844","-22,5108",Labidus coecus,GABI_00682630,"829,9279785",Área Urbanizada,Região Metropolitana,23362,ÁREA DE PROTEÇÃO AMBIENTAL DA REGIÃO SERRANA DE PETRÓPOLIS,Sim,Generalista
"-43,1844","-22,5108",Leptogenys crudelis,GABI_00684165,"829,9279785",Área Urbanizada,Região Metropolitana,23362,ÁREA DE PROTEÇÃO AMBIENTAL DA REGIÃO SERRANA DE PETRÓPOLIS,Sim,Sem Classificação
"-43,1779","-22,5112",Linepithema micans,GABI_00875252,"828,1900024",Área Urbanizada,Região Metropolitana,23362,ÁREA DE PROTEÇÃO AMBIENTAL DA REGIÃO SERRANA DE PETRÓPOLIS,Sim,Generalista
"-43,1667","-22,5167",Procryptocerus goeldii,GABI_01851947,"945,5529785",Formação Florestal,Região Metropolitana,23362,ÁREA DE PROTEÇÃO AMBIENTAL DA REGIÃO SERRANA DE PETRÓPOLIS,Sim,Especialista de Floresta
"-43,1779","-22,5112",Pseudomyrmex phyllophilus,GABI_00509811,"828,1900024",Área Urbanizada,Região Metropolitana,23362,ÁREA DE PROTEÇÃO AMBIENTAL DA REGIÃO SERRANA DE PETRÓPOLIS,Sim,Generalista
"-43,1844","-22,5108",Odontomachus affinis,GABI_00683068,"829,9279785",Área Urbanizada,Região Metropolitana,23362,ÁREA DE PROTEÇÃO AMBIENTAL DA REGIÃO SERRANA DE PETRÓPOLIS,Sim,Especialista de Floresta
"-43,2167","-22,4667",Odontomachus meinerti,GABI_00591220,"1103,619995",Formação Florestal,Região Metropolitana,23362,ÁREA DE PROTEÇÃO AMBIENTAL DA REGIÃO SERRANA DE PETRÓPOLIS,Sim,Generalista
"-43,1779","-22,5112",Neivamyrmex detectus,GABI_00568175,"828,1900024",Área Urbanizada,Região Metropolitana,23362,ÁREA DE PROTEÇÃO AMBIENTAL DA REGIÃO SERRANA DE PETRÓPOLIS,Sim,Sem Classificação
"-43,1779","-22,5112",Crematogaster montana,GABI_01658205,"828,1900024",Área Urbanizada,Região Metropolitana,23362,ÁREA DE PROTEÇÃO AMBIENTAL DA REGIÃO SERRANA DE PETRÓPOLIS,Sim,Sem Classificação
"-43,1779","-22,5112",Neoponera moesta,GABI_00516028,"828,1900024",Área Urbanizada,Região Metropolitana,23362,ÁREA DE PROTEÇÃO AMBIENTAL DA REGIÃO SERRANA DE PETRÓPOLIS,Sim,Especialista de Floresta
"-43,1667","-22,5167",Linepithema iniquum,GABI_00038202,"945,5529785",Formação Florestal,Região Metropolitana,23362,ÁREA DE PROTEÇÃO AMBIENTAL DA REGIÃO SERRANA DE PETRÓPOLIS,Sim,Generalista
"-43,1779","-22,5112",Leptogenys iheringi,GABI_00845078,"828,1900024",Área Urbanizada,Região Metropolitana,23362,ÁREA DE PROTEÇÃO AMBIENTAL DA REGIÃO SERRANA DE PETRÓPOLIS,Sim,Sem Classificação
"-43,2167","-22,4667",Gnamptogenys horni,GABI_00591193,"1103,619995",Formação Florestal,Região Metropolitana,23362,ÁREA DE PROTEÇÃO AMBIENTAL DA REGIÃO SERRANA DE PETRÓPOLIS,Sim,Especialista de Floresta
"-43,1844","-22,5108",Leptogenys crudelis,GABI_00684167,"829,9279785",Área Urbanizada,Região Metropolitana,23362,ÁREA DE PROTEÇÃO AMBIENTAL DA REGIÃO SERRANA DE PETRÓPOLIS,Sim,Sem Classificação
"-43,1779","-22,5112",Camponotus subtruncatus,GABI_02460761,"828,1900024",Área Urbanizada,Região Metropolitana,23362,ÁREA DE PROTEÇÃO AMBIENTAL DA REGIÃO SERRANA DE PETRÓPOLIS,Sim,Sem Classificação
"-43,1779","-22,5112",Myrmelachista catharinae petropolitana,GABI_00488576,"828,1900024",Área Urbanizada,Região Metropolitana,23362,ÁREA DE PROTEÇÃO AMBIENTAL DA REGIÃO SERRANA DE PETRÓPOLIS,Sim,Especialista de Floresta
"-43,1667","-22,5167",Linepithema iniquum,GABI_00038190,"945,5529785",Formação Florestal,Região Metropolitana,23362,ÁREA DE PROTEÇÃO AMBIENTAL DA REGIÃO SERRANA DE PETRÓPOLIS,Sim,Generalista
"-43,1779","-22,5112",Pachycondyla harpax,GABI_00508365,"828,1900024",Área Urbanizada,Região Metropolitana,23362,ÁREA DE PROTEÇÃO AMBIENTAL DA REGIÃO SERRANA DE PETRÓPOLIS,Sim,Especialista de Floresta
"-43,1844","-22,5108",Crematogaster cristata,GABI_00683419,"829,9279785",Área Urbanizada,Região Metropolitana,23362,ÁREA DE PROTEÇÃO AMBIENTAL DA REGIÃO SERRANA DE PETRÓPOLIS,Sim,Sem Classificação
"-43,1844","-22,5108",Camponotus subtruncatus,GABI_00684402,"829,9279785",Área Urbanizada,Região Metropolitana,23362,ÁREA DE PROTEÇÃO AMBIENTAL DA REGIÃO SERRANA DE PETRÓPOLIS,Sim,Sem Classificação
"-43,1844","-22,5108",Holcoponera striatula,GABI_00683282,"829,9279785",Área Urbanizada,Região Metropolitana,23362,ÁREA DE PROTEÇÃO AMBIENTAL DA REGIÃO SERRANA DE PETRÓPOLIS,Sim,Especialista de Floresta
"-43,1779","-22,5113",Strumigenys louisianae,GABI_01648345,"828,1900024",Área Urbanizada,Região Metropolitana,23362,ÁREA DE PROTEÇÃO AMBIENTAL DA REGIÃO SERRANA DE PETRÓPOLIS,Sim,Especialista de Floresta
"-43,1844","-22,5108",Eciton burchellii,GABI_00683841,"829,9279785",Área Urbanizada,Região Metropolitana,23362,ÁREA DE PROTEÇÃO AMBIENTAL DA REGIÃO SERRANA DE PETRÓPOLIS,Sim,Generalista
"-43,1868","-22,5107",Linepithema iniquum,GABI_00875033,"890,3330078",Formação Florestal,Região Metropolitana,23362,ÁREA DE PROTEÇÃO AMBIENTAL DA REGIÃO SERRANA DE PETRÓPOLIS,Sim,Generalista
"-43,178","-22,505",Solenopsis brevicornis,GABI_00930104,"824,9760132",Área Urbanizada,Região Metropolitana,23362,ÁREA DE PROTEÇÃO AMBIENTAL DA REGIÃO SERRANA DE PETRÓPOLIS,Sim,Especialista de Floresta
"-43,1779","-22,5112",Solenopsis clytemnestra,GABI_01823002,"828,1900024",Área Urbanizada,Região Metropolitana,23362,ÁREA DE PROTEÇÃO AMBIENTAL DA REGIÃO SERRANA DE PETRÓPOLIS,Sim,Sem Classificação
"-43,1844","-22,5108",Hypoponera trigona,GABI_00683176,"829,9279785",Área Urbanizada,Região Metropolitana,23362,ÁREA DE PROTEÇÃO AMBIENTAL DA REGIÃO SERRANA DE PETRÓPOLIS,Sim,Especialista de Floresta
"-43,1817","-22,4855",Megalomyrmex pusillus,GABI_00845882,"918,4899902",Área Urbanizada,Região Metropolitana,23362,ÁREA DE PROTEÇÃO AMBIENTAL DA REGIÃO SERRANA DE PETRÓPOLIS,Sim,Especialista de Floresta
"-43,1779","-22,5112",Crematogaster cristata,GABI_01822474,"828,1900024",Área Urbanizada,Região Metropolitana,23362,ÁREA DE PROTEÇÃO AMBIENTAL DA REGIÃO SERRANA DE PETRÓPOLIS,Sim,Sem Classificação
"-43,2167","-22,4667",Camponotus novogranadensis,GABI_00591195,"1103,619995",Formação Florestal,Região Metropolitana,23362,ÁREA DE PROTEÇÃO AMBIENTAL DA REGIÃO SERRANA DE PETRÓPOLIS,Sim,Generalista
"-43,178","-22,505",Leptogenys vogeli,GABI_00926279,"824,9760132",Área Urbanizada,Região Metropolitana,23362,ÁREA DE PROTEÇÃO AMBIENTAL DA REGIÃO SERRANA DE PETRÓPOLIS,Sim,Especialista de Floresta
"-43,1556","-22,4811",Holcoponera striatula,GABI_00683551,"733,8140259",Área Urbanizada,Região Metropolitana,23362,ÁREA DE PROTEÇÃO AMBIENTAL DA REGIÃO SERRANA DE PETRÓPOLIS,Sim,Especialista de Floresta
"-43,1844","-22,5108",Pseudomyrmex phyllophilus,GABI_00684487,"829,9279785",Área Urbanizada,Região Metropolitana,23362,ÁREA DE PROTEÇÃO AMBIENTAL DA REGIÃO SERRANA DE PETRÓPOLIS,Sim,Generalista
"-43,1667","-22,5167",Procryptocerus goeldii,GABI_00846691,"945,5529785",Formação Florestal,Região Metropolitana,23362,ÁREA DE PROTEÇÃO AMBIENTAL DA REGIÃO SERRANA DE PETRÓPOLIS,Sim,Especialista de Floresta
"-43,178","-22,505",Pachycondyla lenis,GABI_00927962,"824,9760132",Área Urbanizada,Região Metropolitana,23362,ÁREA DE PROTEÇÃO AMBIENTAL DA REGIÃO SERRANA DE PETRÓPOLIS,Sim,Especialista de Floresta
"-43,1779","-22,5112",Neoponera marginata,GABI_00517018,"828,1900024",Área Urbanizada,Região Metropolitana,23362,ÁREA DE PROTEÇÃO AMBIENTAL DA REGIÃO SERRANA DE PETRÓPOLIS,Sim,Generalista
"-43,1844","-22,5108",Neoponera moesta,GABI_00683606,"829,9279785",Área Urbanizada,Região Metropolitana,23362,ÁREA DE PROTEÇÃO AMBIENTAL DA REGIÃO SERRANA DE PETRÓPOLIS,Sim,Especialista de Floresta
"-43,2167","-22,4667",Neoponera venusta,GABI_00591226,"1103,619995",Formação Florestal,Região Metropolitana,23362,ÁREA DE PROTEÇÃO AMBIENTAL DA REGIÃO SERRANA DE PETRÓPOLIS,Sim,Especialista de Floresta
"-43,1779","-22,5112",Azteca muelleri,GABI_00516368,"828,1900024",Área Urbanizada,Região Metropolitana,23362,ÁREA DE PROTEÇÃO AMBIENTAL DA REGIÃO SERRANA DE PETRÓPOLIS,Sim,Especialista de Floresta
"-43,1779","-22,5112",Pheidole schmalzi,GABI_00515492,"828,1900024",Área Urbanizada,Região Metropolitana,23362,ÁREA DE PROTEÇÃO AMBIENTAL DA REGIÃO SERRANA DE PETRÓPOLIS,Sim,Especialista de Floresta
"-43,1844","-22,5108",Crematogaster cristata,GABI_00683439,"829,9279785",Área Urbanizada,Região Metropolitana,23362,ÁREA DE PROTEÇÃO AMBIENTAL DA REGIÃO SERRANA DE PETRÓPOLIS,Sim,Sem Classificação
"-43,1779","-22,5112",Camponotus cingulatus,GABI_00526406,"828,1900024",Área Urbanizada,Região Metropolitana,23362,ÁREA DE PROTEÇÃO AMBIENTAL DA REGIÃO SERRANA DE PETRÓPOLIS,Sim,Generalista
"-43,1844","-22,5108",Pachycondyla striata,GABI_00683194,"829,9279785",Área Urbanizada,Região Metropolitana,23362,ÁREA DE PROTEÇÃO AMBIENTAL DA REGIÃO SERRANA DE PETRÓPOLIS,Sim,Generalista
"-43,1844","-22,5108",Labidus praedator,GABI_00682610,"829,9279785",Área Urbanizada,Região Metropolitana,23362,ÁREA DE PROTEÇÃO AMBIENTAL DA REGIÃO SERRANA DE PETRÓPOLIS,Sim,Especialista de Floresta
"-43,1844","-22,5108",Eciton quadriglume,GABI_00684502,"829,9279785",Área Urbanizada,Região Metropolitana,23362,ÁREA DE PROTEÇÃO AMBIENTAL DA REGIÃO SERRANA DE PETRÓPOLIS,Sim,Especialista de Floresta
"-43,2167","-22,4667",Neoponera bucki,GABI_00591221,"1103,619995",Formação Florestal,Região Metropolitana,23362,ÁREA DE PROTEÇÃO AMBIENTAL DA REGIÃO SERRANA DE PETRÓPOLIS,Sim,Especialista de Floresta
"-43,2167","-22,4667",Wasmannia auropunctata,GABI_00591215,"1103,619995",Formação Florestal,Região Metropolitana,23362,ÁREA DE PROTEÇÃO AMBIENTAL DA REGIÃO SERRANA DE PETRÓPOLIS,Sim,Generalista
"-43,2167","-22,4667",Acromyrmex niger,GABI_00591199,"1103,619995",Formação Florestal,Região Metropolitana,23362,ÁREA DE PROTEÇÃO AMBIENTAL DA REGIÃO SERRANA DE PETRÓPOLIS,Sim,Especialista de Área Aberta
"-43,1779","-22,5112",Leptogenys vogeli,GABI_00845085,"828,1900024",Área Urbanizada,Região Metropolitana,23362,ÁREA DE PROTEÇÃO AMBIENTAL DA REGIÃO SERRANA DE PETRÓPOLIS,Sim,Especialista de Floresta
"-43,178","-22,505",Eciton quadriglume,GABI_00925119,"824,9760132",Área Urbanizada,Região Metropolitana,23362,ÁREA DE PROTEÇÃO AMBIENTAL DA REGIÃO SERRANA DE PETRÓPOLIS,Sim,Especialista de Floresta
"-43,1783","-22,5278",Neoponera moesta,GABI_00498772,"871,8909912",Área Urbanizada,Região Metropolitana,23362,ÁREA DE PROTEÇÃO AMBIENTAL DA REGIÃO SERRANA DE PETRÓPOLIS,Sim,Especialista de Floresta
"-43,2167","-22,4667",Wasmannia lutzi,GABI_00591216,"1103,619995",Formação Florestal,Região Metropolitana,23362,ÁREA DE PROTEÇÃO AMBIENTAL DA REGIÃO SERRANA DE PETRÓPOLIS,Sim,Especialista de Floresta
"-43,1779","-22,5112",Leptogenys vogeli,GABI_00097825,"828,1900024",Área Urbanizada,Região Metropolitana,23362,ÁREA DE PROTEÇÃO AMBIENTAL DA REGIÃO SERRANA DE PETRÓPOLIS,Sim,Especialista de Floresta
"-43,1667","-22,5167",Procryptocerus victoris,GABI_00289413,"945,5529785",Formação Florestal,Região Metropolitana,23362,ÁREA DE PROTEÇÃO AMBIENTAL DA REGIÃO SERRANA DE PETRÓPOLIS,Sim,Especialista de Floresta
"-43,1779","-22,5112",Procryptocerus schmalzi,GABI_00860577,"828,1900024",Área Urbanizada,Região Metropolitana,23362,ÁREA DE PROTEÇÃO AMBIENTAL DA REGIÃO SERRANA DE PETRÓPOLIS,Sim,Especialista de Floresta
"-43,1779","-22,5112",Odontomachus affinis,GABI_00098237,"828,1900024",Área Urbanizada,Região Metropolitana,23362,ÁREA DE PROTEÇÃO AMBIENTAL DA REGIÃO SERRANA DE PETRÓPOLIS,Sim,Especialista de Floresta
"-43,1214","-22,4237",Megalomyrmex goeldii,GABI_00503322,"800,6329956",Mosaico de usos,Região Metropolitana,23362,ÁREA DE PROTEÇÃO AMBIENTAL DA REGIÃO SERRANA DE PETRÓPOLIS,Sim,Especialista de Floresta
"-43,1779","-22,5112",Procryptocerus montanus,GABI_00507114,"828,1900024",Área Urbanizada,Região Metropolitana,23362,ÁREA DE PROTEÇÃO AMBIENTAL DA REGIÃO SERRANA DE PETRÓPOLIS,Sim,Especialista de Área Aberta
"-43,1844","-22,5108",Heteroponera dolo,GABI_00683603,"829,9279785",Área Urbanizada,Região Metropolitana,23362,ÁREA DE PROTEÇÃO AMBIENTAL DA REGIÃO SERRANA DE PETRÓPOLIS,Sim,Especialista de Floresta
"-43,178","-22,505",Cephalotes pusillus,GABI_00932059,"824,9760132",Área Urbanizada,Região Metropolitana,23362,ÁREA DE PROTEÇÃO AMBIENTAL DA REGIÃO SERRANA DE PETRÓPOLIS,Sim,Generalista
"-43,1779","-22,5112",Neivamyrmex punctaticeps,GABI_00515618,"828,1900024",Área Urbanizada,Região Metropolitana,23362,ÁREA DE PROTEÇÃO AMBIENTAL DA REGIÃO SERRANA DE PETRÓPOLIS,Sim,Generalista
"-43,1779","-22,5112",Eciton burchellii,GABI_00515687,"828,1900024",Área Urbanizada,Região Metropolitana,23362,ÁREA DE PROTEÇÃO AMBIENTAL DA REGIÃO SERRANA DE PETRÓPOLIS,Sim,Generalista
"-43,1779","-22,5112",Eciton quadriglume,GABI_00515705,"828,1900024",Área Urbanizada,Região Metropolitana,23362,ÁREA DE PROTEÇÃO AMBIENTAL DA REGIÃO SERRANA DE PETRÓPOLIS,Sim,Especialista de Floresta
"-43,1779","-22,5112",Tapinoma gibbosum,GABI_00431490,"828,1900024",Área Urbanizada,Região Metropolitana,23362,ÁREA DE PROTEÇÃO AMBIENTAL DA REGIÃO SERRANA DE PETRÓPOLIS,Sim,Sem Classificação
"-43,2167","-22,4667",Octostruma iheringi,GABI_00591204,"1103,619995",Formação Florestal,Região Metropolitana,23362,ÁREA DE PROTEÇÃO AMBIENTAL DA REGIÃO SERRANA DE PETRÓPOLIS,Sim,Especialista de Floresta
"-43,178","-22,505",Strumigenys louisianae,GABI_00916219,"824,9760132",Área Urbanizada,Região Metropolitana,23362,ÁREA DE PROTEÇÃO AMBIENTAL DA REGIÃO SERRANA DE PETRÓPOLIS,Sim,Especialista de Floresta
"-43,178","-22,505",Camponotus nepos,GABI_00923809,"824,9760132",Área Urbanizada,Região Metropolitana,23362,ÁREA DE PROTEÇÃO AMBIENTAL DA REGIÃO SERRANA DE PETRÓPOLIS,Sim,Sem Classificação
"-43,1779","-22,5112",Solenopsis brevicornis,GABI_00576093,"828,1900024",Área Urbanizada,Região Metropolitana,23362,ÁREA DE PROTEÇÃO AMBIENTAL DA REGIÃO SERRANA DE PETRÓPOLIS,Sim,Especialista de Floresta
"-43,1779","-22,5112",Acromyrmex niger,GABI_00547912,"828,1900024",Área Urbanizada,Região Metropolitana,23362,ÁREA DE PROTEÇÃO AMBIENTAL DA REGIÃO SERRANA DE PETRÓPOLIS,Sim,Especialista de Área Aberta
"-43,067","-22,417",Oxyepoecus rastratus,GABI_00905460,"1092,26001",Formação Florestal,Região Metropolitana,23362,ÁREA DE PROTEÇÃO AMBIENTAL DA REGIÃO SERRANA DE PETRÓPOLIS,Sim,Especialista de Floresta
"-43,1844","-22,5108",Leptogenys australis,GABI_00684392,"829,9279785",Área Urbanizada,Região Metropolitana,23362,ÁREA DE PROTEÇÃO AMBIENTAL DA REGIÃO SERRANA DE PETRÓPOLIS,Sim,Especialista de Floresta
"-43,1844","-22,5108",Pheidole schmalzi,GABI_00684430,"829,9279785",Área Urbanizada,Região Metropolitana,23362,ÁREA DE PROTEÇÃO AMBIENTAL DA REGIÃO SERRANA DE PETRÓPOLIS,Sim,Especialista de Floresta
"-43,178","-22,505",Leptogenys luederwaldti,GABI_00926254,"824,9760132",Área Urbanizada,Região Metropolitana,23362,ÁREA DE PROTEÇÃO AMBIENTAL DA REGIÃO SERRANA DE PETRÓPOLIS,Sim,Especialista de Floresta
"-43,2167","-22,4667",Prionopelta punctulata,GABI_00591187,"1103,619995",Formação Florestal,Região Metropolitana,23362,ÁREA DE PROTEÇÃO AMBIENTAL DA REGIÃO SERRANA DE PETRÓPOLIS,Sim,Especialista de Floresta
"-43,178","-22,505",Pachycondyla lenis,GABI_00938361,"824,9760132",Área Urbanizada,Região Metropolitana,23362,ÁREA DE PROTEÇÃO AMBIENTAL DA REGIÃO SERRANA DE PETRÓPOLIS,Sim,Especialista de Floresta
"-43,178","-22,505",Camponotus cingulatus,GABI_00923508,"824,9760132",Área Urbanizada,Região Metropolitana,23362,ÁREA DE PROTEÇÃO AMBIENTAL DA REGIÃO SERRANA DE PETRÓPOLIS,Sim,Generalista
"-43,1844","-22,5108",Anochetus altisquamis,GABI_00683390,"829,9279785",Área Urbanizada,Região Metropolitana,23362,ÁREA DE PROTEÇÃO AMBIENTAL DA REGIÃO SERRANA DE PETRÓPOLIS,Sim,Especialista de Floresta
"-43,1783","-22,5278",Camponotus coriolanus,GABI_00509337,"871,8909912",Área Urbanizada,Região Metropolitana,23362,ÁREA DE PROTEÇÃO AMBIENTAL DA REGIÃO SERRANA DE PETRÓPOLIS,Sim,Sem Classificação
"-43,1779","-22,5112",Eciton quadriglume,GABI_00517651,"828,1900024",Área Urbanizada,Região Metropolitana,23362,ÁREA DE PROTEÇÃO AMBIENTAL DA REGIÃO SERRANA DE PETRÓPOLIS,Sim,Especialista de Floresta
"-43,1779","-22,5112",Labidus praedator,GABI_00517399,"828,1900024",Área Urbanizada,Região Metropolitana,23362,ÁREA DE PROTEÇÃO AMBIENTAL DA REGIÃO SERRANA DE PETRÓPOLIS,Sim,Especialista de Floresta
"-43,2167","-22,4667",Linepithema pulex,GABI_00591189,"1103,619995",Formação Florestal,Região Metropolitana,23362,ÁREA DE PROTEÇÃO AMBIENTAL DA REGIÃO SERRANA DE PETRÓPOLIS,Sim,Especialista de Floresta
"-43,178","-22,505",Myrmelachista catharinae petropolitana,GABI_00926826,"824,9760132",Área Urbanizada,Região Metropolitana,23362,ÁREA DE PROTEÇÃO AMBIENTAL DA REGIÃO SERRANA DE PETRÓPOLIS,Sim,Especialista de Floresta
"-43,1779","-22,5112",Acromyrmex crassispinus,GABI_00547770,"828,1900024",Área Urbanizada,Região Metropolitana,23362,ÁREA DE PROTEÇÃO AMBIENTAL DA REGIÃO SERRANA DE PETRÓPOLIS,Sim,Especialista de Área Aberta
"-43,2167","-22,4667",Carebara urichi,GABI_00591206,"1103,619995",Formação Florestal,Região Metropolitana,23362,ÁREA DE PROTEÇÃO AMBIENTAL DA REGIÃO SERRANA DE PETRÓPOLIS,Sim,Generalista
"-43,1779","-22,5112",Neivamyrmex dorbignii,GABI_00518062,"828,1900024",Área Urbanizada,Região Metropolitana,23362,ÁREA DE PROTEÇÃO AMBIENTAL DA REGIÃO SERRANA DE PETRÓPOLIS,Sim,Generalista
"-43,1779","-22,5112",Holcoponera striatula,GABI_00487705,"828,1900024",Área Urbanizada,Região Metropolitana,23362,ÁREA DE PROTEÇÃO AMBIENTAL DA REGIÃO SERRANA DE PETRÓPOLIS,Sim,Especialista de Floresta
"-43,2167","-22,4667",Pachycondyla striata,GABI_00591225,"1103,619995",Formação Florestal,Região Metropolitana,23362,ÁREA DE PROTEÇÃO AMBIENTAL DA REGIÃO SERRANA DE PETRÓPOLIS,Sim,Generalista
"-43,1844","-22,5108",Hypoponera trigona,GABI_00683177,"829,9279785",Área Urbanizada,Região Metropolitana,23362,ÁREA DE PROTEÇÃO AMBIENTAL DA REGIÃO SERRANA DE PETRÓPOLIS,Sim,Especialista de Floresta
"-43,1779","-22,5112",Leptogenys crudelis,GABI_00845071,"828,1900024",Área Urbanizada,Região Metropolitana,23362,ÁREA DE PROTEÇÃO AMBIENTAL DA REGIÃO SERRANA DE PETRÓPOLIS,Sim,Sem Classificação
"-43,1779","-22,5112",Pheidole schmalzi,GABI_01822746,"828,1900024",Área Urbanizada,Região Metropolitana,23362,ÁREA DE PROTEÇÃO AMBIENTAL DA REGIÃO SERRANA DE PETRÓPOLIS,Sim,Especialista de Floresta
"-43,1844","-22,5108",Hypoponera schmalzi,GABI_00683604,"829,9279785",Área Urbanizada,Região Metropolitana,23362,ÁREA DE PROTEÇÃO AMBIENTAL DA REGIÃO SERRANA DE PETRÓPOLIS,Sim,Especialista de Floresta
"-43,2167","-22,4667",Discothyrea sexarticulata,GABI_00591228,"1103,619995",Formação Florestal,Região Metropolitana,23362,ÁREA DE PROTEÇÃO AMBIENTAL DA REGIÃO SERRANA DE PETRÓPOLIS,Sim,Especialista de Floresta
"-43,1779","-22,5112",Pheidole heyeri,GABI_01822685,"828,1900024",Área Urbanizada,Região Metropolitana,23362,ÁREA DE PROTEÇÃO AMBIENTAL DA REGIÃO SERRANA DE PETRÓPOLIS,Sim,Especialista de Floresta
"-43,1779","-22,5112",Odontomachus affinis,GABI_00516169,"828,1900024",Área Urbanizada,Região Metropolitana,23362,ÁREA DE PROTEÇÃO AMBIENTAL DA REGIÃO SERRANA DE PETRÓPOLIS,Sim,Especialista de Floresta
"-43,1779","-22,5112",Acanthoponera mucronata,GABI_01716974,"828,1900024",Área Urbanizada,Região Metropolitana,23362,ÁREA DE PROTEÇÃO AMBIENTAL DA REGIÃO SERRANA DE PETRÓPOLIS,Sim,Generalista
"-43,178","-22,505",Neoponera marginata,GABI_00938434,"824,9760132",Área Urbanizada,Região Metropolitana,23362,ÁREA DE PROTEÇÃO AMBIENTAL DA REGIÃO SERRANA DE PETRÓPOLIS,Sim,Generalista
"-43,1844","-22,5108",Labidus praedator,GABI_00683997,"829,9279785",Área Urbanizada,Região Metropolitana,23362,ÁREA DE PROTEÇÃO AMBIENTAL DA REGIÃO SERRANA DE PETRÓPOLIS,Sim,Especialista de Floresta
"-43,178","-22,505",Apterostigma pilosum,GABI_00922164,"824,9760132",Área Urbanizada,Região Metropolitana,23362,ÁREA DE PROTEÇÃO AMBIENTAL DA REGIÃO SERRANA DE PETRÓPOLIS,Sim,Generalista
"-43,2167","-22,4667",Neocerapachys splendens,GABI_00591188,"1103,619995",Formação Florestal,Região Metropolitana,23362,ÁREA DE PROTEÇÃO AMBIENTAL DA REGIÃO SERRANA DE PETRÓPOLIS,Sim,Especialista de Floresta
"-43,1779","-22,5112",Camponotus hedwigae,GABI_00509305,"828,1900024",Área Urbanizada,Região Metropolitana,23362,ÁREA DE PROTEÇÃO AMBIENTAL DA REGIÃO SERRANA DE PETRÓPOLIS,Sim,Especialista de Floresta
"-43,1779","-22,5112",Crematogaster cristata,GABI_01822473,"828,1900024",Área Urbanizada,Região Metropolitana,23362,ÁREA DE PROTEÇÃO AMBIENTAL DA REGIÃO SERRANA DE PETRÓPOLIS,Sim,Sem Classificação
"-43,1779","-22,5112",Camponotus ager,GABI_00147907,"828,1900024",Área Urbanizada,Região Metropolitana,23362,ÁREA DE PROTEÇÃO AMBIENTAL DA REGIÃO SERRANA DE PETRÓPOLIS,Sim,Especialista de Floresta
"-43,2167","-22,4667",Lachnomyrmex plaumanni,GABI_00591210,"1103,619995",Formação Florestal,Região Metropolitana,23362,ÁREA DE PROTEÇÃO AMBIENTAL DA REGIÃO SERRANA DE PETRÓPOLIS,Sim,Especialista de Floresta
"-43,1844","-22,5108",Pheidole radoszkowskii,GABI_00683317,"829,9279785",Área Urbanizada,Região Metropolitana,23362,ÁREA DE PROTEÇÃO AMBIENTAL DA REGIÃO SERRANA DE PETRÓPOLIS,Sim,Generalista
"-43,1779","-22,5112",Odontomachus affinis,GABI_00515462,"828,1900024",Área Urbanizada,Região Metropolitana,23362,ÁREA DE PROTEÇÃO AMBIENTAL DA REGIÃO SERRANA DE PETRÓPOLIS,Sim,Especialista de Floresta
"-43,1667","-22,5167",Crematogaster nitidiceps,GABI_01836368,"945,5529785",Formação Florestal,Região Metropolitana,23362,ÁREA DE PROTEÇÃO AMBIENTAL DA REGIÃO SERRANA DE PETRÓPOLIS,Sim,Sem Classificação
"-43,178","-22,505",Pachycondyla striata,GABI_00938924,"824,9760132",Área Urbanizada,Região Metropolitana,23362,ÁREA DE PROTEÇÃO AMBIENTAL DA REGIÃO SERRANA DE PETRÓPOLIS,Sim,Generalista
"-43,178","-22,505",Pheidole schmalzi,GABI_00928975,"824,9760132",Área Urbanizada,Região Metropolitana,23362,ÁREA DE PROTEÇÃO AMBIENTAL DA REGIÃO SERRANA DE PETRÓPOLIS,Sim,Especialista de Floresta
"-43,156","-22,4759",Holcoponera striatula,GABI_00487706,"754,8129883",Área Urbanizada,Região Metropolitana,23362,ÁREA DE PROTEÇÃO AMBIENTAL DA REGIÃO SERRANA DE PETRÓPOLIS,Sim,Especialista de Floresta
"-43,1779","-22,5112",Camponotus subtruncatus,GABI_01759180,"828,1900024",Área Urbanizada,Região Metropolitana,23362,ÁREA DE PROTEÇÃO AMBIENTAL DA REGIÃO SERRANA DE PETRÓPOLIS,Sim,Sem Classificação
"-43,1779","-22,5112",Pachycondyla lenis,GABI_00508385,"828,1900024",Área Urbanizada,Região Metropolitana,23362,ÁREA DE PROTEÇÃO AMBIENTAL DA REGIÃO SERRANA DE PETRÓPOLIS,Sim,Especialista de Floresta
"-43,2167","-22,4667",Fulakora elongata,GABI_00591186,"1103,619995",Formação Florestal,Região Metropolitana,23362,ÁREA DE PROTEÇÃO AMBIENTAL DA REGIÃO SERRANA DE PETRÓPOLIS,Sim,Especialista de Floresta
"-43,1844","-22,5108",Hypoponera trigona,GABI_00683180,"829,9279785",Área Urbanizada,Região Metropolitana,23362,ÁREA DE PROTEÇÃO AMBIENTAL DA REGIÃO SERRANA DE PETRÓPOLIS,Sim,Especialista de Floresta
"-43,178","-22,505",Strumigenys louisianae,GABI_00934351,"824,9760132",Área Urbanizada,Região Metropolitana,23362,ÁREA DE PROTEÇÃO AMBIENTAL DA REGIÃO SERRANA DE PETRÓPOLIS,Sim,Especialista de Floresta
"-43,2167","-22,4667",Hylomyrma balzani,GABI_00591208,"1103,619995",Formação Florestal,Região Metropolitana,23362,ÁREA DE PROTEÇÃO AMBIENTAL DA REGIÃO SERRANA DE PETRÓPOLIS,Sim,Especialista de Floresta
"-43,1844","-22,5108",Pheidole schmalzi,GABI_00684431,"829,9279785",Área Urbanizada,Região Metropolitana,23362,ÁREA DE PROTEÇÃO AMBIENTAL DA REGIÃO SERRANA DE PETRÓPOLIS,Sim,Especialista de Floresta
"-43,1779","-22,5112",Linepithema leucomelas,GABI_00875175,"828,1900024",Área Urbanizada,Região Metropolitana,23362,ÁREA DE PROTEÇÃO AMBIENTAL DA REGIÃO SERRANA DE PETRÓPOLIS,Sim,Especialista de Floresta
"-43,2167","-22,4667",Basiceros disciger,GABI_00591203,"1103,619995",Formação Florestal,Região Metropolitana,23362,ÁREA DE PROTEÇÃO AMBIENTAL DA REGIÃO SERRANA DE PETRÓPOLIS,Sim,Especialista de Floresta
"-43,1779","-22,5112",Solenopsis clytemnestra,GABI_00515495,"828,1900024",Área Urbanizada,Região Metropolitana,23362,ÁREA DE PROTEÇÃO AMBIENTAL DA REGIÃO SERRANA DE PETRÓPOLIS,Sim,Sem Classificação
"-43,1779","-22,5112",Myrmelachista catharinae petropolitana,GABI_01752866,"828,1900024",Área Urbanizada,Região Metropolitana,23362,ÁREA DE PROTEÇÃO AMBIENTAL DA REGIÃO SERRANA DE PETRÓPOLIS,Sim,Especialista de Floresta
"-43,1779","-22,5112",Neoponera crenata,GABI_00516022,"828,1900024",Área Urbanizada,Região Metropolitana,23362,ÁREA DE PROTEÇÃO AMBIENTAL DA REGIÃO SERRANA DE PETRÓPOLIS,Sim,Generalista
"-43,1779","-22,5112",Pseudomyrmex gracilis,GABI_00499264,"828,1900024",Área Urbanizada,Região Metropolitana,23362,ÁREA DE PROTEÇÃO AMBIENTAL DA REGIÃO SERRANA DE PETRÓPOLIS,Sim,Generalista
"-43,1779","-22,5112",Solenopsis saevissima,GABI_00520441,"828,1900024",Área Urbanizada,Região Metropolitana,23362,ÁREA DE PROTEÇÃO AMBIENTAL DA REGIÃO SERRANA DE PETRÓPOLIS,Sim,Generalista
"-43,1779","-22,5112",Labidus praedator,GABI_00515780,"828,1900024",Área Urbanizada,Região Metropolitana,23362,ÁREA DE PROTEÇÃO AMBIENTAL DA REGIÃO SERRANA DE PETRÓPOLIS,Sim,Especialista de Floresta
"-43,1779","-22,5112",Camponotus macrocephalus,GABI_00509326,"828,1900024",Área Urbanizada,Região Metropolitana,23362,ÁREA DE PROTEÇÃO AMBIENTAL DA REGIÃO SERRANA DE PETRÓPOLIS,Sim,Generalista
"-43,1779","-22,5112",Strumigenys louisianae,GABI_00968474,"828,1900024",Área Urbanizada,Região Metropolitana,23362,ÁREA DE PROTEÇÃO AMBIENTAL DA REGIÃO SERRANA DE PETRÓPOLIS,Sim,Especialista de Floresta
"-43,1667","-22,5167",Procryptocerus victoris,GABI_01851287,"945,5529785",Formação Florestal,Região Metropolitana,23362,ÁREA DE PROTEÇÃO AMBIENTAL DA REGIÃO SERRANA DE PETRÓPOLIS,Sim,Especialista de Floresta
"-43,1667","-22,5167",Procryptocerus goeldii,GABI_01851957,"945,5529785",Formação Florestal,Região Metropolitana,23362,ÁREA DE PROTEÇÃO AMBIENTAL DA REGIÃO SERRANA DE PETRÓPOLIS,Sim,Especialista de Floresta
"-43,1667","-22,5167",Linepithema leucomelas,GABI_00038302,"945,5529785",Formação Florestal,Região Metropolitana,23362,ÁREA DE PROTEÇÃO AMBIENTAL DA REGIÃO SERRANA DE PETRÓPOLIS,Sim,Especialista de Floresta
"-43,2167","-22,4667",Rasopone ferruginea,GABI_00591222,"1103,619995",Formação Florestal,Região Metropolitana,23362,ÁREA DE PROTEÇÃO AMBIENTAL DA REGIÃO SERRANA DE PETRÓPOLIS,Sim,Especialista de Floresta
"-43,1844","-22,5108",Pseudomyrmex flavidulus,GABI_00682898,"829,9279785",Área Urbanizada,Região Metropolitana,23362,ÁREA DE PROTEÇÃO AMBIENTAL DA REGIÃO SERRANA DE PETRÓPOLIS,Sim,Especialista de Área Aberta
"-43,1844","-22,5108",Pheidole radoszkowskii,GABI_00683169,"829,9279785",Área Urbanizada,Região Metropolitana,23362,ÁREA DE PROTEÇÃO AMBIENTAL DA REGIÃO SERRANA DE PETRÓPOLIS,Sim,Generalista
"-43,1779","-22,5112",Brachymyrmex admotus,GABI_02374674,"828,1900024",Área Urbanizada,Região Metropolitana,23362,ÁREA DE PROTEÇÃO AMBIENTAL DA REGIÃO SERRANA DE PETRÓPOLIS,Sim,Generalista
"-43,2167","-22,4667",Eurhopalothrix bruchi,GABI_00591202,"1103,619995",Formação Florestal,Região Metropolitana,23362,ÁREA DE PROTEÇÃO AMBIENTAL DA REGIÃO SERRANA DE PETRÓPOLIS,Sim,Especialista de Floresta
"-43,1779","-22,5112",Pachycondyla striata,GABI_00516087,"828,1900024",Área Urbanizada,Região Metropolitana,23362,ÁREA DE PROTEÇÃO AMBIENTAL DA REGIÃO SERRANA DE PETRÓPOLIS,Sim,Generalista
"-43,178","-22,505",Crematogaster montana,GABI_00906708,"824,9760132",Área Urbanizada,Região Metropolitana,23362,ÁREA DE PROTEÇÃO AMBIENTAL DA REGIÃO SERRANA DE PETRÓPOLIS,Sim,Sem Classificação
"-43,178","-22,505",Camponotus crassus,GABI_00923126,"824,9760132",Área Urbanizada,Região Metropolitana,23362,ÁREA DE PROTEÇÃO AMBIENTAL DA REGIÃO SERRANA DE PETRÓPOLIS,Sim,Generalista
"-43,1667","-22,5167",Procryptocerus schmalzi,GABI_01836249,"945,5529785",Formação Florestal,Região Metropolitana,23362,ÁREA DE PROTEÇÃO AMBIENTAL DA REGIÃO SERRANA DE PETRÓPOLIS,Sim,Especialista de Floresta
"-43,1667","-22,5167",Linepithema neotropicum,GABI_00038516,"945,5529785",Formação Florestal,Região Metropolitana,23362,ÁREA DE PROTEÇÃO AMBIENTAL DA REGIÃO SERRANA DE PETRÓPOLIS,Sim,Generalista
"-43,1844","-22,5108",Pseudomyrmex pallens,GABI_00684470,"829,9279785",Área Urbanizada,Região Metropolitana,23362,ÁREA DE PROTEÇÃO AMBIENTAL DA REGIÃO SERRANA DE PETRÓPOLIS,Sim,Sem Classificação
"-43,178","-22,505",Camponotus subtruncatus,GABI_00923650,"824,9760132",Área Urbanizada,Região Metropolitana,23362,ÁREA DE PROTEÇÃO AMBIENTAL DA REGIÃO SERRANA DE PETRÓPOLIS,Sim,Sem Classificação
"-43,1779","-22,5112",Leptogenys vogeli,GABI_00515523,"828,1900024",Área Urbanizada,Região Metropolitana,23362,ÁREA DE PROTEÇÃO AMBIENTAL DA REGIÃO SERRANA DE PETRÓPOLIS,Sim,Especialista de Floresta
"-43,1844","-22,5108",Anochetus altisquamis,GABI_00683432,"829,9279785",Área Urbanizada,Região Metropolitana,23362,ÁREA DE PROTEÇÃO AMBIENTAL DA REGIÃO SERRANA DE PETRÓPOLIS,Sim,Especialista de Floresta
"-43,1779","-22,5112",Procryptocerus goeldii,GABI_00860485,"828,1900024",Área Urbanizada,Região Metropolitana,23362,ÁREA DE PROTEÇÃO AMBIENTAL DA REGIÃO SERRANA DE PETRÓPOLIS,Sim,Especialista de Floresta
"-43,1779","-22,5112",Linepithema neotropicum,GABI_00875333,"828,1900024",Área Urbanizada,Região Metropolitana,23362,ÁREA DE PROTEÇÃO AMBIENTAL DA REGIÃO SERRANA DE PETRÓPOLIS,Sim,Generalista
"-43,1779","-22,5112",Strumigenys louisianae,GABI_01774998,"828,1900024",Área Urbanizada,Região Metropolitana,23362,ÁREA DE PROTEÇÃO AMBIENTAL DA REGIÃO SERRANA DE PETRÓPOLIS,Sim,Especialista de Floresta
"-43,1779","-22,5112",Strumigenys louisianae,GABI_00479912,"828,1900024",Área Urbanizada,Região Metropolitana,23362,ÁREA DE PROTEÇÃO AMBIENTAL DA REGIÃO SERRANA DE PETRÓPOLIS,Sim,Especialista de Floresta
"-43,2167","-22,4667",Ectatomma edentatum,GABI_00591191,"1103,619995",Formação Florestal,Região Metropolitana,23362,ÁREA DE PROTEÇÃO AMBIENTAL DA REGIÃO SERRANA DE PETRÓPOLIS,Sim,Generalista
"-43,1779","-22,5112",Holcoponera striatula,GABI_00515896,"828,1900024",Área Urbanizada,Região Metropolitana,23362,ÁREA DE PROTEÇÃO AMBIENTAL DA REGIÃO SERRANA DE PETRÓPOLIS,Sim,Especialista de Floresta
"-43,2167","-22,4667",Pseudoponera stigma,GABI_00591224,"1103,619995",Formação Florestal,Região Metropolitana,23362,ÁREA DE PROTEÇÃO AMBIENTAL DA REGIÃO SERRANA DE PETRÓPOLIS,Sim,Especialista de Floresta
"-43,2167","-22,4667",Ectatomma brunneum,GABI_00591192,"1103,619995",Formação Florestal,Região Metropolitana,23362,ÁREA DE PROTEÇÃO AMBIENTAL DA REGIÃO SERRANA DE PETRÓPOLIS,Sim,Generalista
"-43,2167","-22,4667",Mycetarotes carinatus,GABI_00591201,"1103,619995",Formação Florestal,Região Metropolitana,23362,ÁREA DE PROTEÇÃO AMBIENTAL DA REGIÃO SERRANA DE PETRÓPOLIS,Sim,Sem Classificação
"-43,1779","-22,5112",Pheidole punctithorax,GABI_00515489,"828,1900024",Área Urbanizada,Região Metropolitana,23362,ÁREA DE PROTEÇÃO AMBIENTAL DA REGIÃO SERRANA DE PETRÓPOLIS,Sim,Sem Classificação
"-43,1844","-22,5108",Odontomachus haematodus,GABI_00683267,"829,9279785",Área Urbanizada,Região Metropolitana,23362,ÁREA DE PROTEÇÃO AMBIENTAL DA REGIÃO SERRANA DE PETRÓPOLIS,Sim,Generalista
"-43,178","-22,505",Cephalotes nilpiei,GABI_00933241,"824,9760132",Área Urbanizada,Região Metropolitana,23362,ÁREA DE PROTEÇÃO AMBIENTAL DA REGIÃO SERRANA DE PETRÓPOLIS,Sim,Generalista
"-43,1667","-22,5167",Procryptocerus regularis,GABI_00289351,"945,5529785",Formação Florestal,Região Metropolitana,23362,ÁREA DE PROTEÇÃO AMBIENTAL DA REGIÃO SERRANA DE PETRÓPOLIS,Sim,Especialista de Floresta
"-43,1779","-22,5112",Acromyrmex aspersus,GABI_00547655,"828,1900024",Área Urbanizada,Região Metropolitana,23362,ÁREA DE PROTEÇÃO AMBIENTAL DA REGIÃO SERRANA DE PETRÓPOLIS,Sim,Especialista de Área Aberta
"-43,1779","-22,5112",Pheidole punctithorax,GABI_01658315,"828,1900024",Área Urbanizada,Região Metropolitana,23362,ÁREA DE PROTEÇÃO AMBIENTAL DA REGIÃO SERRANA DE PETRÓPOLIS,Sim,Sem Classificação
"-43,1844","-22,5108",Hypoponera trigona,GABI_00683178,"829,9279785",Área Urbanizada,Região Metropolitana,23362,ÁREA DE PROTEÇÃO AMBIENTAL DA REGIÃO SERRANA DE PETRÓPOLIS,Sim,Especialista de Floresta
"-43,1779","-22,5112",Linepithema iniquum,GABI_00516295,"828,1900024",Área Urbanizada,Região Metropolitana,23362,ÁREA DE PROTEÇÃO AMBIENTAL DA REGIÃO SERRANA DE PETRÓPOLIS,Sim,Generalista
"-43,1779","-22,5112",Crematogaster cristata,GABI_00509138,"828,1900024",Área Urbanizada,Região Metropolitana,23362,ÁREA DE PROTEÇÃO AMBIENTAL DA REGIÃO SERRANA DE PETRÓPOLIS,Sim,Sem Classificação
"-43,1779","-22,5112",Leptogenys crudelis,GABI_00515511,"828,1900024",Área Urbanizada,Região Metropolitana,23362,ÁREA DE PROTEÇÃO AMBIENTAL DA REGIÃO SERRANA DE PETRÓPOLIS,Sim,Sem Classificação
"-43,1779","-22,5112",Strumigenys louisianae,GABI_01774683,"828,1900024",Área Urbanizada,Região Metropolitana,23362,ÁREA DE PROTEÇÃO AMBIENTAL DA REGIÃO SERRANA DE PETRÓPOLIS,Sim,Especialista de Floresta
"-43,1779","-22,5112",Holcoponera striatula,GABI_00487698,"828,1900024",Área Urbanizada,Região Metropolitana,23362,ÁREA DE PROTEÇÃO AMBIENTAL DA REGIÃO SERRANA DE PETRÓPOLIS,Sim,Especialista de Floresta
"-43,1214","-22,4237",Megalomyrmex goeldii,GABI_00845559,"800,6329956",Mosaico de usos,Região Metropolitana,23362,ÁREA DE PROTEÇÃO AMBIENTAL DA REGIÃO SERRANA DE PETRÓPOLIS,Sim,Especialista de Floresta
"-43,1779","-22,5112",Pseudomyrmex adustus,GABI_00509830,"828,1900024",Área Urbanizada,Região Metropolitana,23362,ÁREA DE PROTEÇÃO AMBIENTAL DA REGIÃO SERRANA DE PETRÓPOLIS,Sim,Generalista
"-43,1779","-22,5112",Typhlomyrmex major,GABI_00418523,"828,1900024",Área Urbanizada,Região Metropolitana,23362,ÁREA DE PROTEÇÃO AMBIENTAL DA REGIÃO SERRANA DE PETRÓPOLIS,Sim,Especialista de Floresta
"-43,178","-22,505",Cephalotes atratus,GABI_00931470,"824,9760132",Área Urbanizada,Região Metropolitana,23362,ÁREA DE PROTEÇÃO AMBIENTAL DA REGIÃO SERRANA DE PETRÓPOLIS,Sim,Generalista
"-43,1779","-22,5112",Labidus praedator,GABI_00517416,"828,1900024",Área Urbanizada,Região Metropolitana,23362,ÁREA DE PROTEÇÃO AMBIENTAL DA REGIÃO SERRANA DE PETRÓPOLIS,Sim,Especialista de Floresta
"-43,144","-22,4524",Crematogaster montana,GABI_01822468,"695,6309814",Área Urbanizada,Região Metropolitana,23362,ÁREA DE PROTEÇÃO AMBIENTAL DA REGIÃO SERRANA DE PETRÓPOLIS,Sim,Sem Classificação
"-43,1779","-22,5112",Pheidole schmalzi,GABI_01822745,"828,1900024",Área Urbanizada,Região Metropolitana,23362,ÁREA DE PROTEÇÃO AMBIENTAL DA REGIÃO SERRANA DE PETRÓPOLIS,Sim,Especialista de Floresta
"-43,1667","-22,5167",Procryptocerus regularis,GABI_01851209,"945,5529785",Formação Florestal,Região Metropolitana,23362,ÁREA DE PROTEÇÃO AMBIENTAL DA REGIÃO SERRANA DE PETRÓPOLIS,Sim,Especialista de Floresta
"-43,1779","-22,5112",Neivamyrmex mars,GABI_00517444,"828,1900024",Área Urbanizada,Região Metropolitana,23362,ÁREA DE PROTEÇÃO AMBIENTAL DA REGIÃO SERRANA DE PETRÓPOLIS,Sim,Sem Classificação
"-43,1844","-22,5108",Pachycondyla striata,GABI_00684464,"829,9279785",Área Urbanizada,Região Metropolitana,23362,ÁREA DE PROTEÇÃO AMBIENTAL DA REGIÃO SERRANA DE PETRÓPOLIS,Sim,Generalista
"-43,1667","-22,5167",Crematogaster nitidiceps,GABI_01848791,"945,5529785",Formação Florestal,Região Metropolitana,23362,ÁREA DE PROTEÇÃO AMBIENTAL DA REGIÃO SERRANA DE PETRÓPOLIS,Sim,Sem Classificação
"-43,2167","-22,4667",Crematogaster nigropilosa,GABI_00591207,"1103,619995",Formação Florestal,Região Metropolitana,23362,ÁREA DE PROTEÇÃO AMBIENTAL DA REGIÃO SERRANA DE PETRÓPOLIS,Sim,Generalista
"-43,2167","-22,4667",Odontomachus haematodus,GABI_00591219,"1103,619995",Formação Florestal,Região Metropolitana,23362,ÁREA DE PROTEÇÃO AMBIENTAL DA REGIÃO SERRANA DE PETRÓPOLIS,Sim,Generalista
"-43,1779","-22,5112",Pseudomyrmex schuppi,GABI_00509728,"828,1900024",Área Urbanizada,Região Metropolitana,23362,ÁREA DE PROTEÇÃO AMBIENTAL DA REGIÃO SERRANA DE PETRÓPOLIS,Sim,Especialista de Floresta
"-43,1844","-22,5108",Acanthoponera mucronata,GABI_00684472,"829,9279785",Área Urbanizada,Região Metropolitana,23362,ÁREA DE PROTEÇÃO AMBIENTAL DA REGIÃO SERRANA DE PETRÓPOLIS,Sim,Generalista
"-43,1844","-22,5108",Pheidole schmalzi,GABI_00684434,"829,9279785",Área Urbanizada,Região Metropolitana,23362,ÁREA DE PROTEÇÃO AMBIENTAL DA REGIÃO SERRANA DE PETRÓPOLIS,Sim,Especialista de Floresta
"-43,1779","-22,5112",Linepithema gallardoi,GABI_00874802,"828,1900024",Área Urbanizada,Região Metropolitana,23362,ÁREA DE PROTEÇÃO AMBIENTAL DA REGIÃO SERRANA DE PETRÓPOLIS,Sim,Especialista de Área Aberta
"-43,1779","-22,5112",Strumigenys louisianae,GABI_02021614,"828,1900024",Área Urbanizada,Região Metropolitana,23362,ÁREA DE PROTEÇÃO AMBIENTAL DA REGIÃO SERRANA DE PETRÓPOLIS,Sim,Especialista de Floresta
"-43,1779","-22,5112",Mycetophylax olitor,GABI_00508954,"828,1900024",Área Urbanizada,Região Metropolitana,23362,ÁREA DE PROTEÇÃO AMBIENTAL DA REGIÃO SERRANA DE PETRÓPOLIS,Sim,Generalista
"-43,1783","-22,5278",Neoponera moesta,GABI_00516027,"871,8909912",Área Urbanizada,Região Metropolitana,23362,ÁREA DE PROTEÇÃO AMBIENTAL DA REGIÃO SERRANA DE PETRÓPOLIS,Sim,Especialista de Floresta
"-43,1788","-22,505",Atta sexdens,GABI_00407685,"820,2449951",Área Urbanizada,Região Metropolitana,23362,ÁREA DE PROTEÇÃO AMBIENTAL DA REGIÃO SERRANA DE PETRÓPOLIS,Sim,Generalista
"-43,0014","-22,4939",Heteroponera dolo,GABI_01717371,"398,0950012",Formação Florestal,Região Metropolitana,23906,PARQUE NACIONAL DA SERRA DOS ÓRGÃOS,Sim,Especialista de Floresta
"-44,787","-23,2984",Basiceros disciger,GABI_02374547,"1106,719971",Formação Florestal,Região da Costa Verde,24450,ÁREA DE PROTEÇÃO AMBIENTAL DE CAIRUÇU,Sim,Especialista de Floresta
"-44,787","-23,2984",Basiceros disciger,GABI_02374549,"1106,719971",Formação Florestal,Região da Costa Verde,24450,ÁREA DE PROTEÇÃO AMBIENTAL DE CAIRUÇU,Sim,Especialista de Floresta
"-44,0912","-22,5509",Alfaria minuta,GABI_02368357,"428,4370117",Formação Florestal,Região do Médio Paraíba,24943,ÁREA DE RELEVANTE INTERESSE ECOLÓGICO FLORESTA DA CICUTA,Sim,Especialista de Floresta
"-43,414","-22,571",Strumigenys subedentata,GABI_00606632,"307,4530029",Formação Florestal,Região Metropolitana,25424,RESERVA BIOLÓGICA DO TINGUÁ,Sim,Especialista de Floresta
"-43,4","-22,5667",Prionopelta punctulata,GABI_00500798,"260,4419861",Formação Florestal,Região Metropolitana,25424,RESERVA BIOLÓGICA DO TINGUÁ,Sim,Especialista de Floresta
"-43,414","-22,571",Acromyrmex niger,GABI_00606698,"307,4530029",Formação Florestal,Região Metropolitana,25424,RESERVA BIOLÓGICA DO TINGUÁ,Sim,Especialista de Área Aberta
"-43,414","-22,571",Acromyrmex aspersus,GABI_00606714,"307,4530029",Formação Florestal,Região Metropolitana,25424,RESERVA BIOLÓGICA DO TINGUÁ,Sim,Especialista de Área Aberta
"-43,4141","-22,5705",Sericomyrmex saussurei,GABI_01862097,"324,6109924",Formação Florestal,Região Metropolitana,25424,RESERVA BIOLÓGICA DO TINGUÁ,Sim,Especialista de Floresta
"-43,4","-22,5667",Thaumatomyrmex mutilatus,GABI_00500799,"260,4419861",Formação Florestal,Região Metropolitana,25424,RESERVA BIOLÓGICA DO TINGUÁ,Sim,Generalista
"-43,414","-22,571",Octostruma iheringi,GABI_00606694,"307,4530029",Formação Florestal,Região Metropolitana,25424,RESERVA BIOLÓGICA DO TINGUÁ,Sim,Especialista de Floresta
"-43,414","-22,571",Holcoponera striatula,GABI_00606774,"307,4530029",Formação Florestal,Região Metropolitana,25424,RESERVA BIOLÓGICA DO TINGUÁ,Sim,Especialista de Floresta
"-43,414","-22,571",Odontomachus meinerti,GABI_00606713,"307,4530029",Formação Florestal,Região Metropolitana,25424,RESERVA BIOLÓGICA DO TINGUÁ,Sim,Generalista
"-43,4142","-22,5706",Strumigenys tanymastax,GABI_01648498,"322,8930054",Formação Florestal,Região Metropolitana,25424,RESERVA BIOLÓGICA DO TINGUÁ,Sim,Generalista
"-43,414","-22,571",Acropyga goeldii,GABI_00606649,"307,4530029",Formação Florestal,Região Metropolitana,25424,RESERVA BIOLÓGICA DO TINGUÁ,Sim,Especialista de Floresta
"-43,4142","-22,5706",Strumigenys denticulata,GABI_01648247,"322,8930054",Formação Florestal,Região Metropolitana,25424,RESERVA BIOLÓGICA DO TINGUÁ,Sim,Especialista de Floresta
"-43,4142","-22,5706",Strumigenys elongata,GABI_01648295,"322,8930054",Formação Florestal,Região Metropolitana,25424,RESERVA BIOLÓGICA DO TINGUÁ,Sim,Generalista
"-43,414","-22,571",Strumigenys denticulata,GABI_00606749,"307,4530029",Formação Florestal,Região Metropolitana,25424,RESERVA BIOLÓGICA DO TINGUÁ,Sim,Especialista de Floresta
"-43,4141","-22,5705",Sericomyrmex mayri,GABI_01862731,"324,6109924",Formação Florestal,Região Metropolitana,25424,RESERVA BIOLÓGICA DO TINGUÁ,Sim,Generalista
"-43,414","-22,571",Poneracantha mediatrix,GABI_00606654,"307,4530029",Formação Florestal,Região Metropolitana,25424,RESERVA BIOLÓGICA DO TINGUÁ,Sim,Especialista de Floresta
"-43,414","-22,571",Strumigenys crassicornis,GABI_00606740,"307,4530029",Formação Florestal,Região Metropolitana,25424,RESERVA BIOLÓGICA DO TINGUÁ,Sim,Especialista de Floresta
"-43,414","-22,571",Mycetarotes carinatus,GABI_00606671,"307,4530029",Formação Florestal,Região Metropolitana,25424,RESERVA BIOLÓGICA DO TINGUÁ,Sim,Sem Classificação
"-43,414","-22,571",Strumigenys reticeps,GABI_00606705,"307,4530029",Formação Florestal,Região Metropolitana,25424,RESERVA BIOLÓGICA DO TINGUÁ,Sim,Sem Classificação
"-43,414","-22,571",Pachycondyla lenis,GABI_00606757,"307,4530029",Formação Florestal,Região Metropolitana,25424,RESERVA BIOLÓGICA DO TINGUÁ,Sim,Especialista de Floresta
"-43,414","-22,571",Discothyrea neotropica,GABI_00606685,"307,4530029",Formação Florestal,Região Metropolitana,25424,RESERVA BIOLÓGICA DO TINGUÁ,Sim,Especialista de Floresta
"-43,4142","-22,5706",Strumigenys crassicornis,GABI_01648191,"322,8930054",Formação Florestal,Região Metropolitana,25424,RESERVA BIOLÓGICA DO TINGUÁ,Sim,Especialista de Floresta
"-43,4141","-22,5705",Sericomyrmex saussurei,GABI_01862169,"324,6109924",Formação Florestal,Região Metropolitana,25424,RESERVA BIOLÓGICA DO TINGUÁ,Sim,Especialista de Floresta
"-43,414","-22,571",Gnamptogenys horni,GABI_00606661,"307,4530029",Formação Florestal,Região Metropolitana,25424,RESERVA BIOLÓGICA DO TINGUÁ,Sim,Especialista de Floresta
"-43,414","-22,571",Camponotus alboannulatus,GABI_00606651,"307,4530029",Formação Florestal,Região Metropolitana,25424,RESERVA BIOLÓGICA DO TINGUÁ,Sim,Generalista
"-43,414","-22,571",Wasmannia affinis,GABI_00606744,"307,4530029",Formação Florestal,Região Metropolitana,25424,RESERVA BIOLÓGICA DO TINGUÁ,Sim,Generalista
"-43,4","-22,5667",Linepithema pulex,GABI_00875456,"260,4419861",Formação Florestal,Região Metropolitana,25424,RESERVA BIOLÓGICA DO TINGUÁ,Sim,Especialista de Floresta
"-43,414","-22,571",Megalomyrmex silvestrii,GABI_00606770,"307,4530029",Formação Florestal,Região Metropolitana,25424,RESERVA BIOLÓGICA DO TINGUÁ,Sim,Generalista
"-43,414","-22,571",Neoponera venusta,GABI_00606717,"307,4530029",Formação Florestal,Região Metropolitana,25424,RESERVA BIOLÓGICA DO TINGUÁ,Sim,Especialista de Floresta
"-43,414","-22,571",Pachycondyla striata,GABI_00606753,"307,4530029",Formação Florestal,Região Metropolitana,25424,RESERVA BIOLÓGICA DO TINGUÁ,Sim,Generalista
"-43,414","-22,571",Heteroponera mayri,GABI_00606710,"307,4530029",Formação Florestal,Região Metropolitana,25424,RESERVA BIOLÓGICA DO TINGUÁ,Sim,Especialista de Floresta
"-43,414","-22,571",Thaumatomyrmex mutilatus,GABI_00606769,"307,4530029",Formação Florestal,Região Metropolitana,25424,RESERVA BIOLÓGICA DO TINGUÁ,Sim,Generalista
"-43,414","-22,571",Basiceros disciger,GABI_00606731,"307,4530029",Formação Florestal,Região Metropolitana,25424,RESERVA BIOLÓGICA DO TINGUÁ,Sim,Especialista de Floresta
"-43,414","-22,571",Wasmannia rochai,GABI_00606779,"307,4530029",Formação Florestal,Região Metropolitana,25424,RESERVA BIOLÓGICA DO TINGUÁ,Sim,Especialista de Floresta
"-43,414","-22,571",Octostruma rugifera,GABI_00606762,"307,4530029",Formação Florestal,Região Metropolitana,25424,RESERVA BIOLÓGICA DO TINGUÁ,Sim,Especialista de Floresta
"-43,414","-22,571",Lachnomyrmex plaumanni,GABI_00948142,"307,4530029",Formação Florestal,Região Metropolitana,25424,RESERVA BIOLÓGICA DO TINGUÁ,Sim,Especialista de Floresta
"-43,414","-22,571",Anochetus mayri,GABI_00606720,"307,4530029",Formação Florestal,Região Metropolitana,25424,RESERVA BIOLÓGICA DO TINGUÁ,Sim,Especialista de Floresta
"-43,414","-22,571",Poneracantha rastrata,GABI_00606745,"307,4530029",Formação Florestal,Região Metropolitana,25424,RESERVA BIOLÓGICA DO TINGUÁ,Sim,Especialista de Floresta
"-43,4","-22,5667",Fulakora armigera,GABI_00500795,"260,4419861",Formação Florestal,Região Metropolitana,25424,RESERVA BIOLÓGICA DO TINGUÁ,Sim,Especialista de Floresta
"-43,4141","-22,5705",Sericomyrmex saussurei,GABI_01737424,"324,6109924",Formação Florestal,Região Metropolitana,25424,RESERVA BIOLÓGICA DO TINGUÁ,Sim,Especialista de Floresta
"-43,4142","-22,5706",Strumigenys subedentata,GABI_01648478,"322,8930054",Formação Florestal,Região Metropolitana,25424,RESERVA BIOLÓGICA DO TINGUÁ,Sim,Especialista de Floresta
"-43,414","-22,571",Oxyepoecus myops,GABI_00606627,"307,4530029",Formação Florestal,Região Metropolitana,25424,RESERVA BIOLÓGICA DO TINGUÁ,Sim,Especialista de Floresta
"-43,4","-22,5667",Fulakora elongata,GABI_00500796,"260,4419861",Formação Florestal,Região Metropolitana,25424,RESERVA BIOLÓGICA DO TINGUÁ,Sim,Especialista de Floresta
"-43,4141","-22,5705",Sericomyrmex mayri,GABI_01737416,"324,6109924",Formação Florestal,Região Metropolitana,25424,RESERVA BIOLÓGICA DO TINGUÁ,Sim,Generalista
"-43,414","-22,571",Rasopone ferruginea,GABI_00606678,"307,4530029",Formação Florestal,Região Metropolitana,25424,RESERVA BIOLÓGICA DO TINGUÁ,Sim,Especialista de Floresta
"-43,4142","-22,5706",Strumigenys crassicornis,GABI_01648190,"322,8930054",Formação Florestal,Região Metropolitana,25424,RESERVA BIOLÓGICA DO TINGUÁ,Sim,Especialista de Floresta
"-43,414","-22,571",Strumigenys tanymastax,GABI_00606648,"307,4530029",Formação Florestal,Região Metropolitana,25424,RESERVA BIOLÓGICA DO TINGUÁ,Sim,Generalista
"-43,414","-22,571",Rogeria subarmata,GABI_00606657,"307,4530029",Formação Florestal,Região Metropolitana,25424,RESERVA BIOLÓGICA DO TINGUÁ,Sim,Especialista de Floresta
"-43,414","-22,571",Alfaria minuta,GABI_00606658,"307,4530029",Formação Florestal,Região Metropolitana,25424,RESERVA BIOLÓGICA DO TINGUÁ,Sim,Especialista de Floresta
"-43,414","-22,571",Hylomyrma reitteri,GABI_00606735,"307,4530029",Formação Florestal,Região Metropolitana,25424,RESERVA BIOLÓGICA DO TINGUÁ,Sim,Especialista de Floresta
"-43,1898","-22,9294",Acromyrmex disciger,GABI_00547781,"72,1414032",Área Urbanizada,Região Metropolitana,27574,APA DE SÃO JOSÉ,Sim,Especialista de Área Aberta
"-41,95","-21,9781",Strumigenys appretiata,GABI_01648140,"624,8549805",Formação Florestal,Região Serrana,21775,PARQUE ESTADUAL DO DESENGANO,Sim,Especialista de Floresta
"-41,95","-21,9781",Strumigenys schmalzi,GABI_01648439,"624,8549805",Formação Florestal,Região Serrana,21775,PARQUE ESTADUAL DO DESENGANO,Sim,Especialista de Floresta
"-41,95","-21,979",Lachnomyrmex plaumanni,GABI_00948143,"626,3400269",Formação Florestal,Região Serrana,21775,PARQUE ESTADUAL DO DESENGANO,Sim,Especialista de Floresta
"-41,95","-21,9781",Strumigenys reticeps,GABI_01648402,"624,8549805",Formação Florestal,Região Serrana,21775,PARQUE ESTADUAL DO DESENGANO,Sim,Sem Classificação
"-41,95","-21,9781",Acanthognathus lentus,GABI_01647092,"624,8549805",Formação Florestal,Região Serrana,21775,PARQUE ESTADUAL DO DESENGANO,Sim,Sem Classificação
"-41,95","-21,9781",Strumigenys subedentata,GABI_01648479,"624,8549805",Formação Florestal,Região Serrana,21775,PARQUE ESTADUAL DO DESENGANO,Sim,Especialista de Floresta
"-41,95","-21,9781",Heteroponera inermis,GABI_01717528,"624,8549805",Formação Florestal,Região Serrana,21775,PARQUE ESTADUAL DO DESENGANO,Sim,Especialista de Floresta
"-41,95","-21,9781",Acanthognathus brevicornis,GABI_01647085,"624,8549805",Formação Florestal,Região Serrana,21775,PARQUE ESTADUAL DO DESENGANO,Sim,Generalista
"-41,95","-21,9781",Strumigenys louisianae,GABI_01648346,"624,8549805",Formação Florestal,Região Serrana,21775,PARQUE ESTADUAL DO DESENGANO,Sim,Especialista de Floresta
"-43,5669","-23,0637",Mycetomoellerius iheringi,GABI_00500808,"47,4538002",Área Urbanizada,Região Metropolitana,21791,RESERVA BIOLÓGICA ESTADUAL DE GUARATIBA,Sim,Especialista de Área Aberta
"-43,5669","-23,0637",Thaumatomyrmex mutilatus,GABI_00500807,"47,4538002",Área Urbanizada,Região Metropolitana,21791,RESERVA BIOLÓGICA ESTADUAL DE GUARATIBA,Sim,Generalista
"-43,5669","-23,0637",Pseudoponera stigma,GABI_00500805,"47,4538002",Área Urbanizada,Região Metropolitana,21791,RESERVA BIOLÓGICA ESTADUAL DE GUARATIBA,Sim,Especialista de Floresta
"-42,034","-22,9067",Mycetophylax conformis,GABI_00837520,"6,462520123",Área Urbanizada,Região das Baixadas Litorâneas,21793,PARQUE ESTADUAL DA COSTA DO SOL,Sim,Especialista de Área Aberta
"-42,034","-22,9067",Mycetophylax conformis,GABI_00837525,"6,462520123",Área Urbanizada,Região das Baixadas Litorâneas,21793,PARQUE ESTADUAL DA COSTA DO SOL,Sim,Especialista de Área Aberta
"-43,1729","-22,9068",Crematogaster limata,GABI_00499006,"25,10580063",Área Urbanizada,Região Metropolitana,,,Não,Generalista
"-43,1729","-22,9068",Pseudomyrmex unicolor,GABI_00562384,"25,10580063",Área Urbanizada,Região Metropolitana,,,Não,Generalista
"-43,1729","-22,9068",Dolichoderus attelaboides,GABI_02382344,"25,10580063",Área Urbanizada,Região Metropolitana,,,Não,Especialista de Floresta
"-43,196","-22,908",Linepithema iniquum,GABI_00926068,"7,072179794",Área Urbanizada,Região Metropolitana,,,Não,Generalista
"-44,5721","-22,4912",Neivamyrmex clavifemur,GABI_02142615,"413,302002",Área Urbanizada,Região do Médio Paraíba,,,Não,Sem Classificação
"-43,7247","-22,5261",Neivamyrmex modestus,GABI_01005630,"445,1040039",Formação Florestal,Região Centro-Sul Fluminense,,,Não,Sem Classificação
"-43,3458","-22,8844",Neivamyrmex densepunctatus,GABI_00680601,"31,31739998",Área Urbanizada,Região Metropolitana,,,Não,Sem Classificação
"-43,7247","-22,5261",Neivamyrmex modestus,GABI_00680572,"445,1040039",Formação Florestal,Região Centro-Sul Fluminense,,,Não,Sem Classificação
"-43,1729","-22,9068",Pheidole megacephala,GABI_02409340,"25,10580063",Área Urbanizada,Região Metropolitana,,,Não,Generalista
"-43,1729","-22,9068",Labidus praedator,GABI_00683805,"25,10580063",Área Urbanizada,Região Metropolitana,,,Não,Especialista de Floresta
"-42,9569","-22,371",Pheidole goeldii,GABI_00722971,"824,5689697",Formação Florestal,Região Serrana,,,Não,Sem Classificação
"-43,1729","-22,9068",Neoponera inversa,GABI_00516072,"25,10580063",Área Urbanizada,Região Metropolitana,,,Não,Generalista
"-43,1729","-22,9068",Labidus praedator,GABI_00867108,"25,10580063",Área Urbanizada,Região Metropolitana,,,Não,Especialista de Floresta
"-43,1729","-22,9068",Paratrachymyrmex cornetzi,GABI_02370974,"25,10580063",Área Urbanizada,Região Metropolitana,,,Não,Especialista de Floresta
"-43,1729","-22,9068",Camponotus subtruncatus,GABI_00562406,"25,10580063",Área Urbanizada,Região Metropolitana,,,Não,Sem Classificação
"-43,2265","-22,9058",Camponotus sexguttatus,GABI_00923411,"28,57290077",Área Urbanizada,Região Metropolitana,,,Não,Especialista de Área Aberta
"-43,2265","-22,9058",Procryptocerus goeldii,GABI_00929336,"28,57290077",Área Urbanizada,Região Metropolitana,,,Não,Especialista de Floresta
"-43,6821","-22,7645",Neivamyrmex pilosus,GABI_00518005,"20,98069954",Mosaico de usos,Região Metropolitana,,,Não,Especialista de Floresta
"-43,3535","-22,93447222",Linepithema micans,4,"32,5094986",Área Urbanizada,Região Metropolitana,,,Não,Generalista
"-43,1729","-22,9068",Procryptocerus schmalzi,GABI_00519351,"25,10580063",Área Urbanizada,Região Metropolitana,,,Não,Especialista de Floresta
"-43,1729","-22,9068",Nomamyrmex hartigii,GABI_00517507,"25,10580063",Área Urbanizada,Região Metropolitana,,,Não,Generalista
"-43,1729","-22,9068",Rasopone lunaris,GABI_00938409,"25,10580063",Área Urbanizada,Região Metropolitana,,,Não,Especialista de Floresta
"-43,7312","-22,5255",Acromyrmex molestans,GABI_00548063,"420,9200134",Área Urbanizada,Região Centro-Sul Fluminense,,,Não,Sem Classificação
"-44,5721","-22,4912",Neivamyrmex clavifemur,GABI_00518339,"413,302002",Área Urbanizada,Região do Médio Paraíba,,,Não,Sem Classificação
"-43,1729","-22,9068",Atta sexdens,GABI_00503349,"25,10580063",Área Urbanizada,Região Metropolitana,,,Não,Generalista
"-43,2265","-22,9058",Camponotus cingulatus,GABI_00923506,"28,57290077",Área Urbanizada,Região Metropolitana,,,Não,Generalista
"-42,3833","-22,65",Linepithema neotropicum,GABI_00038600,"12,19379997",Pastagem,Região das Baixadas Litorâneas,,,Não,Generalista
"-43,7247","-22,5261",Neivamyrmex orthonotus,GABI_00680553,"445,1040039",Formação Florestal,Região Centro-Sul Fluminense,,,Não,Generalista
"-43,7312","-22,5255",Camponotus hermanni,GABI_00561261,"420,9200134",Área Urbanizada,Região Centro-Sul Fluminense,,,Não,Sem Classificação
"-43,1729","-22,9068",Neoponera curvinodis,GABI_02369064,"25,10580063",Área Urbanizada,Região Metropolitana,,,Não,Especialista de Floresta
"-43,3248","-22,8529",Hylomyrma balzani,GABI_00561292,"25,09119987",Área Urbanizada,Região Metropolitana,,,Não,Especialista de Floresta
"-43,1729","-22,9068",Neivamyrmex modestus,GABI_00867428,"25,10580063",Área Urbanizada,Região Metropolitana,,,Não,Sem Classificação
"-43,1729","-22,9068",Labidus coecus,GABI_00683819,"25,10580063",Área Urbanizada,Região Metropolitana,,,Não,Generalista
"-42,0541","-22,0607",Acromyrmex coronatus,GABI_00547672,"663,2050171",Área Urbanizada,Região Serrana,,,Não,Especialista de Floresta
"-43,1729","-22,9068",Atta laevigata,GABI_00548089,"25,10580063",Área Urbanizada,Região Metropolitana,,,Não,Especialista de Área Aberta
"-43,1729","-22,9068",Neivamyrmex carinifrons,GABI_00867201,"25,10580063",Área Urbanizada,Região Metropolitana,,,Não,Sem Classificação
"-44,6285","-22,3698",Pheidole aper,GABI_02408992,"2425,370117",Formação Campestre,Região do Médio Paraíba,,,Não,Especialista de Floresta
"-44,6285","-22,3698",Holcoponera striatula,GABI_02407541,"2425,370117",Formação Campestre,Região do Médio Paraíba,,,Não,Especialista de Floresta
"-44,5721","-22,4912",Megalomyrmex goeldii,GABI_00547095,"413,302002",Área Urbanizada,Região do Médio Paraíba,,,Não,Especialista de Floresta
"-42,9569","-22,371",Megalomyrmex goeldii,GABI_00845556,"824,5689697",Formação Florestal,Região Serrana,,,Não,Especialista de Floresta
"-43,2095","-22,1183",Solenopsis metallica,GABI_01907327,"276,0629883",Área Urbanizada,Região Centro-Sul Fluminense,,,Não,Sem Classificação
"-43,1729","-22,9068",Procryptocerus schmalzi,GABI_01836246,"25,10580063",Área Urbanizada,Região Metropolitana,,,Não,Especialista de Floresta
"-42,9569","-22,371",Azteca muelleri,GABI_00430583,"824,5689697",Formação Florestal,Região Serrana,,,Não,Especialista de Floresta
"-43,1763","-22,9638",Acromyrmex niger,GABI_00547933,"38,89619827",Área Urbanizada,Região Metropolitana,,,Não,Especialista de Área Aberta
"-43,1729","-22,9068",Carebara urichi,GABI_00562392,"25,10580063",Área Urbanizada,Região Metropolitana,,,Não,Generalista
"-44,5721","-22,4912",Atta bisphaerica,GABI_00516916,"413,302002",Área Urbanizada,Região do Médio Paraíba,,,Não,Sem Classificação
"-43,2265","-22,9058",Acromyrmex aspersus,GABI_00921694,"28,57290077",Área Urbanizada,Região Metropolitana,,,Não,Especialista de Área Aberta
"-43,1729","-22,9068",Crematogaster nigropilosa,GABI_00499032,"25,10580063",Área Urbanizada,Região Metropolitana,,,Não,Generalista
"-43,1729","-22,9068",Camponotus macrocephalus,GABI_00512103,"25,10580063",Área Urbanizada,Região Metropolitana,,,Não,Generalista
"-43,7247","-22,5261",Neivamyrmex modestus,GABI_00680585,"445,1040039",Formação Florestal,Região Centro-Sul Fluminense,,,Não,Sem Classificação
"-43,1729","-22,9068",Eciton vagans,GABI_00684371,"25,10580063",Área Urbanizada,Região Metropolitana,,,Não,Generalista
"-43,7247","-22,5261",Neivamyrmex orthonotus,GABI_00680551,"445,1040039",Formação Florestal,Região Centro-Sul Fluminense,,,Não,Generalista
"-42,8833","-22,7",Ectatomma tuberculatum,GABI_00683697,"17,16419983",Área Urbanizada,Região Metropolitana,,,Não,Generalista
"-44,5667","-22,5",Labidus coecus,GABI_00515745,"419,1839905",Área Urbanizada,Região do Médio Paraíba,,,Não,Generalista
"-43,2265","-22,9058",Centromyrmex gigas,GABI_00924036,"28,57290077",Área Urbanizada,Região Metropolitana,,,Não,Especialista de Área Aberta
"-43,7247","-22,5261",Neivamyrmex modestus,GABI_01005658,"445,1040039",Formação Florestal,Região Centro-Sul Fluminense,,,Não,Sem Classificação
"-41,3267","-21,7587",Camponotus picipes spengleri,GABI_01752715,"10,04279995",Área Urbanizada,Região Norte Fluminense,,,Não,Sem Classificação
"-44,5721","-22,4912",Neivamyrmex densepunctatus,GABI_00515527,"413,302002",Área Urbanizada,Região do Médio Paraíba,,,Não,Sem Classificação
"-43,1729","-22,9068",Camponotus crassus,GABI_00561339,"25,10580063",Área Urbanizada,Região Metropolitana,,,Não,Generalista
"-43,7312","-22,5255",Pseudomyrmex schuppi,GABI_00547082,"420,9200134",Área Urbanizada,Região Centro-Sul Fluminense,,,Não,Especialista de Floresta
"-43,2851","-22,9204",Leptogenys iheringi,GABI_00845080,"201,298996",Mosaico de usos,Região Metropolitana,,,Não,Sem Classificação
"-43,196","-22,908",Camponotus blandus,GABI_00922849,"7,072179794",Área Urbanizada,Região Metropolitana,,,Não,Generalista
"-43,2333","-22,9",Pseudomyrmex gracilis,GABI_00683564,"52,23049927",Área Urbanizada,Região Metropolitana,,,Não,Generalista
"-43,7247","-22,5261",Neivamyrmex modestus,GABI_01005651,"445,1040039",Formação Florestal,Região Centro-Sul Fluminense,,,Não,Sem Classificação
"-43,7247","-22,5261",Neivamyrmex modestus,GABI_00680609,"445,1040039",Formação Florestal,Região Centro-Sul Fluminense,,,Não,Sem Classificação
"-42,5","-22,1833",Procryptocerus regularis,GABI_01851211,"936,5780029",Pastagem,Região Serrana,,,Não,Especialista de Floresta
"-43,1729","-22,9068",Pseudomyrmex godmani,GABI_00507174,"25,10580063",Área Urbanizada,Região Metropolitana,,,Não,Especialista de Floresta
"-43,196","-22,908",Odontomachus haematodus,GABI_00927758,"7,072179794",Área Urbanizada,Região Metropolitana,,,Não,Generalista
"-43,7247","-22,5261",Neivamyrmex modestus,GABI_01005615,"445,1040039",Formação Florestal,Região Centro-Sul Fluminense,,,Não,Sem Classificação
"-43,196","-22,908",Cephalotes pallens,GABI_00928201,"7,072179794",Área Urbanizada,Região Metropolitana,,,Não,Especialista de Floresta
"-43,3008","-22,779",Linepithema micans,GABI_00516285,"8,659950256",Área Urbanizada,Região Metropolitana,,,Não,Generalista
"-42,983","-22,45",Oxyepoecus rosai,GABI_00905746,"936,3909912",Formação Florestal,Região Serrana,,,Não,Especialista de Floresta
"-42,8796","-22,7009",Nesomyrmex tonsuratus,GABI_00510938,"23,6923008",Área Urbanizada,Região Metropolitana,,,Não,Sem Classificação
"-43,3248","-22,8529",Rasopone lunaris,GABI_00561307,"25,09119987",Área Urbanizada,Região Metropolitana,,,Não,Especialista de Floresta
"-44,5721","-22,4912",Pseudomyrmex gracilis,GABI_00547077,"413,302002",Área Urbanizada,Região do Médio Paraíba,,,Não,Generalista
"-43,2265","-22,9058",Cephalotes depressus,GABI_00928069,"28,57290077",Área Urbanizada,Região Metropolitana,,,Não,Generalista
"-43,7247","-22,5261",Neivamyrmex modestus,GABI_01005616,"445,1040039",Formação Florestal,Região Centro-Sul Fluminense,,,Não,Sem Classificação
"-43,1729","-22,9068",Neivamyrmex latiscapus,GABI_00519031,"25,10580063",Área Urbanizada,Região Metropolitana,,,Não,Sem Classificação
"-43,1729","-22,9068",Mycetarotes parallelus,GABI_00935861,"25,10580063",Área Urbanizada,Região Metropolitana,,,Não,Especialista de Área Aberta
"-43,1729","-22,9068",Neivamyrmex pilosus,GABI_00683741,"25,10580063",Área Urbanizada,Região Metropolitana,,,Não,Especialista de Floresta
"-43,7247","-22,5261",Neivamyrmex modestus,GABI_01005631,"445,1040039",Formação Florestal,Região Centro-Sul Fluminense,,,Não,Sem Classificação
"-43,1729","-22,9068",Azteca chartifex spiriti,GABI_00516327,"25,10580063",Área Urbanizada,Região Metropolitana,,,Não,Especialista de Floresta
"-43,7247","-22,5261",Neivamyrmex modestus,GABI_00680573,"445,1040039",Formação Florestal,Região Centro-Sul Fluminense,,,Não,Sem Classificação
"-42,9569","-22,371",Megalomyrmex goeldii,GABI_01819776,"824,5689697",Formação Florestal,Região Serrana,,,Não,Especialista de Floresta
"-43,1729","-22,9068",Pheidole tijucana,GABI_01822779,"25,10580063",Área Urbanizada,Região Metropolitana,,,Não,Sem Classificação
"-43,7312","-22,5255",Carebara urichi,GABI_02131369,"420,9200134",Área Urbanizada,Região Centro-Sul Fluminense,,,Não,Generalista
"-44,5721","-22,4912",Camponotus macrocephalus,GABI_00509325,"413,302002",Área Urbanizada,Região do Médio Paraíba,,,Não,Generalista
"-43,1729","-22,9068",Leptogenys arcuata,GABI_02386705,"25,10580063",Área Urbanizada,Região Metropolitana,,,Não,Especialista de Floresta
"-44,5721","-22,4912",Brachymyrmex admotus,GABI_02374673,"413,302002",Área Urbanizada,Região do Médio Paraíba,,,Não,Generalista
"-43,1729","-22,9068",Azteca muelleri,GABI_00836849,"25,10580063",Área Urbanizada,Região Metropolitana,,,Não,Especialista de Floresta
"-43,7312","-22,5255",Pheidole schmalzi,GABI_00547085,"420,9200134",Área Urbanizada,Região Centro-Sul Fluminense,,,Não,Especialista de Floresta
"-43,2265","-22,9058",Mycocepurus goeldii,GABI_00926766,"28,57290077",Área Urbanizada,Região Metropolitana,,,Não,Generalista
"-41,1167","-21,9167",Sericomyrmex mayri,GABI_01862737,"3,398560047",Pastagem,Região Norte Fluminense,,,Não,Generalista
"-43,1322","-22,382",Procryptocerus sampaioi,GABI_00860503,"722,5980225",Área Urbanizada,Região Metropolitana,,,Não,Especialista de Floresta
"-43,1729","-22,9068",Crematogaster curvispinosa,GABI_02367663,"25,10580063",Área Urbanizada,Região Metropolitana,,,Não,Generalista
"-44,5721","-22,4912",Nesomyrmex sculptiventris,GABI_00507129,"413,302002",Área Urbanizada,Região do Médio Paraíba,,,Não,Especialista de Floresta
"-44,5721","-22,4912",Neivamyrmex pilosus,GABI_00568239,"413,302002",Área Urbanizada,Região do Médio Paraíba,,,Não,Especialista de Floresta
"-43,1729","-22,9068",Procryptocerus goeldii,GABI_00846680,"25,10580063",Área Urbanizada,Região Metropolitana,,,Não,Especialista de Floresta
"-43,7247","-22,5261",Neivamyrmex modestus,GABI_00680575,"445,1040039",Formação Florestal,Região Centro-Sul Fluminense,,,Não,Sem Classificação
"-42,5333","-22,2667",Crematogaster corticicola,GABI_01836318,"851,507019",Área Urbanizada,Região Serrana,,,Não,Especialista de Floresta
"-43,1153","-22,8859",Sericomyrmex mayri,GABI_00498901,"7,022339821",Área Urbanizada,Região Metropolitana,,,Não,Generalista
"-43,3248","-22,8529",Crematogaster distans,GABI_00561287,"25,09119987",Área Urbanizada,Região Metropolitana,,,Não,Generalista
"-43,7312","-22,5255",Carebara urichi,GABI_00623472,"420,9200134",Área Urbanizada,Região Centro-Sul Fluminense,,,Não,Generalista
"-43,1729","-22,9068",Cylindromyrmex brasiliensis,GABI_02374816,"25,10580063",Área Urbanizada,Região Metropolitana,,,Não,Especialista de Floresta
"-43,3248","-22,8529",Odontomachus haematodus,GABI_00561303,"25,09119987",Área Urbanizada,Região Metropolitana,,,Não,Generalista
"-43,2265","-22,9058",Nesomyrmex sculptiventris,GABI_00926328,"28,57290077",Área Urbanizada,Região Metropolitana,,,Não,Especialista de Floresta
"-43,1729","-22,9068",Pachycondyla lenis,GABI_00936514,"25,10580063",Área Urbanizada,Região Metropolitana,,,Não,Especialista de Floresta
"-43,7312","-22,5255",Carebara urichi,GABI_02131373,"420,9200134",Área Urbanizada,Região Centro-Sul Fluminense,,,Não,Generalista
"-43,1729","-22,9068",Dorymyrmex pyramicus,GABI_00924203,"25,10580063",Área Urbanizada,Região Metropolitana,,,Não,Generalista
"-43,7247","-22,5261",Neivamyrmex modestus,GABI_00680591,"445,1040039",Formação Florestal,Região Centro-Sul Fluminense,,,Não,Sem Classificação
"-43,1729","-22,9068",Ectatomma permagnum,GABI_00683563,"25,10580063",Área Urbanizada,Região Metropolitana,,,Não,Generalista
"-43,241","-22,9326",Pheidole tijucana,GABI_00515470,"33,86259842",Área Urbanizada,Região Metropolitana,,,Não,Sem Classificação
"-43,1729","-22,9068",Pheidole strobeli,GABI_00682688,"25,10580063",Área Urbanizada,Região Metropolitana,,,Não,Especialista de Floresta
"-43,1729","-22,9068",Pheidole punctithorax,GABI_02394541,"25,10580063",Área Urbanizada,Região Metropolitana,,,Não,Sem Classificação
"-43,1729","-22,9068",Gnamptogenys horni,GABI_02381998,"25,10580063",Área Urbanizada,Região Metropolitana,,,Não,Especialista de Floresta
"-43,1729","-22,9068",Pachycondyla striata,GABI_00938925,"25,10580063",Área Urbanizada,Região Metropolitana,,,Não,Generalista
"-43,1729","-22,9068",Pachycondyla striata,GABI_00938922,"25,10580063",Área Urbanizada,Região Metropolitana,,,Não,Generalista
"-44,103","-22,522",Cephalotes pallens,GABI_00631824,"383,6059875",Área Urbanizada,Região do Médio Paraíba,,,Não,Especialista de Floresta
"-42,9732","-22,4179",Procryptocerus sulcatus,GABI_00860507,"884,8779907",Área Urbanizada,Região Serrana,,,Não,Sem Classificação
"-43,7247","-22,5261",Neivamyrmex modestus,GABI_01005636,"445,1040039",Formação Florestal,Região Centro-Sul Fluminense,,,Não,Sem Classificação
"-42,5","-22,1833",Procryptocerus convergens,GABI_00289294,"936,5780029",Pastagem,Região Serrana,,,Não,Especialista de Floresta
"-43,3248","-22,8529",Carebara urichi,GABI_00561283,"25,09119987",Área Urbanizada,Região Metropolitana,,,Não,Generalista
"-43,1729","-22,9068",Pheidole tristis,GABI_00485734,"25,10580063",Área Urbanizada,Região Metropolitana,,,Não,Especialista de Floresta
"-44,5721","-22,4912",Neivamyrmex mars,GABI_00515607,"413,302002",Área Urbanizada,Região do Médio Paraíba,,,Não,Sem Classificação
"-43,1729","-22,9068",Procryptocerus sampaioi,GABI_00498967,"25,10580063",Área Urbanizada,Região Metropolitana,,,Não,Especialista de Floresta
"-44,5721","-22,4912",Pogonomyrmex naegelii,GABI_00507885,"413,302002",Área Urbanizada,Região do Médio Paraíba,,,Não,Especialista de Área Aberta
"-43,1729","-22,9068",Cyphomyrmex bicornis,GABI_00924661,"25,10580063",Área Urbanizada,Região Metropolitana,,,Não,Sem Classificação
"-43,3248","-22,8529",Crematogaster nigropilosa,GABI_00561286,"25,09119987",Área Urbanizada,Região Metropolitana,,,Não,Generalista
"-43,1729","-22,9068",Ectatomma permagnum,GABI_00561361,"25,10580063",Área Urbanizada,Região Metropolitana,,,Não,Generalista
"-43,2333","-22,9",Neoponera villosa,GABI_00683558,"52,23049927",Área Urbanizada,Região Metropolitana,,,Não,Generalista
"-43,1729","-22,9068",Poneracantha rastrata,GABI_00561364,"25,10580063",Área Urbanizada,Região Metropolitana,,,Não,Especialista de Floresta
"-43,1729","-22,9068",Acromyrmex coronatus,GABI_00480412,"25,10580063",Área Urbanizada,Região Metropolitana,,,Não,Especialista de Floresta
"-43,1729","-22,9068",Camponotus senex,GABI_00147897,"25,10580063",Área Urbanizada,Região Metropolitana,,,Não,Generalista
"-43,1729","-22,9068",Pachycondyla impressa,GABI_00938255,"25,10580063",Área Urbanizada,Região Metropolitana,,,Não,Especialista de Floresta
"-43,2265","-22,9058",Azteca alfari,GABI_00922361,"28,57290077",Área Urbanizada,Região Metropolitana,,,Não,Generalista
"-42,9569","-22,371",Pheidole aper,GABI_00148614,"824,5689697",Formação Florestal,Região Serrana,,,Não,Especialista de Floresta
"-43,2265","-22,9058",Mycetophylax conformis,GABI_00926726,"28,57290077",Área Urbanizada,Região Metropolitana,,,Não,Especialista de Área Aberta
"-43,1729","-22,9068",Centromyrmex brachycola,GABI_00476123,"25,10580063",Área Urbanizada,Região Metropolitana,,,Não,Generalista
"-44,6285","-22,3698",Pheidole guilelmimuelleri,GABI_02409162,"2425,370117",Formação Campestre,Região do Médio Paraíba,,,Não,Especialista de Área Aberta
"-44,6285","-22,3698",Heteroponera dolo,GABI_02407556,"2425,370117",Formação Campestre,Região do Médio Paraíba,,,Não,Especialista de Floresta
"-43,7247","-22,5261",Neivamyrmex modestus,GABI_01005620,"445,1040039",Formação Florestal,Região Centro-Sul Fluminense,,,Não,Sem Classificação
"-44,2956","-22,418",Nomamyrmex esenbeckii,GABI_00515597,"395,2770081",Área Urbanizada,Região do Médio Paraíba,,,Não,Generalista
"-44,5679","-22,4902",Strumigenys louisianae,GABI_01648343,"409,1849976",Área Urbanizada,Região do Médio Paraíba,,,Não,Especialista de Floresta
"-43,1729","-22,9068",Acromyrmex subterraneus,GABI_01820070,"25,10580063",Área Urbanizada,Região Metropolitana,,,Não,Especialista de Área Aberta
"-43,2265","-22,9058",Dolichoderus attelaboides,GABI_00924904,"28,57290077",Área Urbanizada,Região Metropolitana,,,Não,Especialista de Floresta
"-43,1729","-22,9068",Cephalotes atratus,GABI_00931469,"25,10580063",Área Urbanizada,Região Metropolitana,,,Não,Generalista
"-43,196","-22,908",Cephalotes angustus,GABI_00933738,"7,072179794",Área Urbanizada,Região Metropolitana,,,Não,Generalista
"-43,1729","-22,9068",Acromyrmex aspersus,GABI_02372322,"25,10580063",Área Urbanizada,Região Metropolitana,,,Não,Especialista de Área Aberta
"-43,1729","-22,9068",Mayaponera arhuaca,GABI_02399594,"25,10580063",Área Urbanizada,Região Metropolitana,,,Não,Especialista de Floresta
"-41,3267","-21,7587",Crematogaster crinosa,GABI_00201404,"10,04279995",Área Urbanizada,Região Norte Fluminense,,,Não,Especialista de Floresta
"-43,3458","-22,8844",Neivamyrmex densepunctatus,GABI_01005643,"31,31739998",Área Urbanizada,Região Metropolitana,,,Não,Sem Classificação
"-43,1729","-22,9068",Camponotus sericeiventris,GABI_00561271,"25,10580063",Área Urbanizada,Região Metropolitana,,,Não,Generalista
"-43,2265","-22,9058",Camponotus canescens,GABI_00923113,"28,57290077",Área Urbanizada,Região Metropolitana,,,Não,Especialista de Floresta
"-43,1729","-22,9068",Anochetus mayri,GABI_02373255,"25,10580063",Área Urbanizada,Região Metropolitana,,,Não,Especialista de Floresta
"-43,1729","-22,9068",Pheidole gertrudae,GABI_01819443,"25,10580063",Área Urbanizada,Região Metropolitana,,,Não,Generalista
"-43,1729","-22,9068",Cyphomyrmex transversus,GABI_02381651,"25,10580063",Área Urbanizada,Região Metropolitana,,,Não,Generalista
"-43,2265","-22,9058",Pseudomyrmex kuenckeli,GABI_00929680,"28,57290077",Área Urbanizada,Região Metropolitana,,,Não,Generalista
"-42,8796","-22,7009",Pseudomyrmex kuenckeli,GABI_00844352,"23,6923008",Área Urbanizada,Região Metropolitana,,,Não,Generalista
"-44,787","-23,299",Heteroponera mayri,GABI_01717628,"1148,72998",Formação Florestal,,,,Não,Especialista de Floresta
"-42,5341","-22,2887",Strumigenys saliens,GABI_00529244,"855,190979",Área Urbanizada,Região Serrana,,,Não,Especialista de Floresta
"-43,7312","-22,5255",Mycocepurus smithii,GABI_00508678,"420,9200134",Área Urbanizada,Região Centro-Sul Fluminense,,,Não,Generalista
"-44,5721","-22,4912",Neivamyrmex mars,GABI_00517442,"413,302002",Área Urbanizada,Região do Médio Paraíba,,,Não,Sem Classificação
"-43,2265","-22,9058",Pachycondyla impressa,GABI_00927960,"28,57290077",Área Urbanizada,Região Metropolitana,,,Não,Especialista de Floresta
"-43,2265","-22,9058",Neoponera villosa,GABI_00927472,"28,57290077",Área Urbanizada,Região Metropolitana,,,Não,Generalista
"-43,2476","-22,8464",Pheidole reichenspergeri,GABI_01822748,"9,620940208",Área Urbanizada,Região Metropolitana,,,Não,Sem Classificação
"-44,6285","-22,3698",Camponotus ager,GABI_02406659,"2425,370117",Formação Campestre,Região do Médio Paraíba,,,Não,Especialista de Floresta
"-43,7247","-22,5261",Neivamyrmex modestus,GABI_00680611,"445,1040039",Formação Florestal,Região Centro-Sul Fluminense,,,Não,Sem Classificação
"-43,7247","-22,5261",Neivamyrmex modestus,GABI_01005565,"445,1040039",Formação Florestal,Região Centro-Sul Fluminense,,,Não,Sem Classificação
"-43,1729","-22,9068",Azteca chartifex,GABI_01820244,"25,10580063",Área Urbanizada,Região Metropolitana,,,Não,Especialista de Floresta
"-43,196","-22,908",Cephalotes notatus,GABI_00928196,"7,072179794",Área Urbanizada,Região Metropolitana,,,Não,Generalista
"-43,1729","-22,9068",Myrmelachista rudolphi,GABI_00414307,"25,10580063",Área Urbanizada,Região Metropolitana,,,Não,Sem Classificação
"-41,1167","-21,9167",Sericomyrmex mayri,GABI_01862740,"3,398560047",Pastagem,Região Norte Fluminense,,,Não,Generalista
"-43,1729","-22,9068",Procryptocerus convergens,GABI_00503340,"25,10580063",Área Urbanizada,Região Metropolitana,,,Não,Especialista de Floresta
"-43,1729","-22,9068",Nylanderia steinheili,GABI_00949644,"25,10580063",Área Urbanizada,Região Metropolitana,,,Não,Sem Classificação
"-43,1729","-22,9068",Cyphomyrmex minutus,GABI_00561351,"25,10580063",Área Urbanizada,Região Metropolitana,,,Não,Generalista
"-44,5667","-22,5",Pheidole strobeli,GABI_00683161,"419,1839905",Área Urbanizada,Região do Médio Paraíba,,,Não,Especialista de Floresta
"-44,5667","-22,5",Pheidole fallax,GABI_00684289,"419,1839905",Área Urbanizada,Região do Médio Paraíba,,,Não,Especialista de Área Aberta
"-43,1729","-22,9068",Cephalotes pusillus,GABI_00932057,"25,10580063",Área Urbanizada,Região Metropolitana,,,Não,Generalista
"-44,5721","-22,4912",Neivamyrmex legionis,GABI_00517938,"413,302002",Área Urbanizada,Região do Médio Paraíba,,,Não,Especialista de Floresta
"-43,1729","-22,9068",Dorymyrmex pyramicus rubriceps,GABI_00431077,"25,10580063",Área Urbanizada,Região Metropolitana,,,Não,Generalista
"-43,1729","-22,9068",Megalomyrmex goeldii,GABI_00845561,"25,10580063",Área Urbanizada,Região Metropolitana,,,Não,Especialista de Floresta
"-43,1729","-22,9068",Camponotus sericeiventris,GABI_02297372,"25,10580063",Área Urbanizada,Região Metropolitana,,,Não,Generalista
"-43,1907","-22,9191",Solenopsis condei,GABI_02153299,"101,7720032",Área Urbanizada,Região Metropolitana,,,Não,Sem Classificação
"-43,1729","-22,9068",Odontomachus hastatus,GABI_00683705,"25,10580063",Área Urbanizada,Região Metropolitana,,,Não,Especialista de Floresta
"-43,1729","-22,9068",Odontomachus hastatus,GABI_00683062,"25,10580063",Área Urbanizada,Região Metropolitana,,,Não,Especialista de Floresta
"-44,5721","-22,4912",Eciton vagans dispar,GABI_00517808,"413,302002",Área Urbanizada,Região do Médio Paraíba,,,Não,Generalista
"-43,1729","-22,9068",Nomamyrmex esenbeckii,GABI_00867712,"25,10580063",Área Urbanizada,Região Metropolitana,,,Não,Generalista
"-43,1729","-22,9068",Azteca chartifex spiriti,GABI_00499429,"25,10580063",Área Urbanizada,Região Metropolitana,,,Não,Especialista de Floresta
"-43,1729","-22,9068",Octostruma rugifera,GABI_00561371,"25,10580063",Área Urbanizada,Região Metropolitana,,,Não,Especialista de Floresta
"-43,1729","-22,9068",Cephalotes atratus,GABI_00931479,"25,10580063",Área Urbanizada,Região Metropolitana,,,Não,Generalista
"-43,7247","-22,5261",Neivamyrmex modestus,GABI_00680525,"445,1040039",Formação Florestal,Região Centro-Sul Fluminense,,,Não,Sem Classificação
"-43,1729","-22,9068",Crematogaster limata,GABI_01831796,"25,10580063",Área Urbanizada,Região Metropolitana,,,Não,Generalista
"-43,7247","-22,5261",Neivamyrmex orthonotus,GABI_00680549,"445,1040039",Formação Florestal,Região Centro-Sul Fluminense,,,Não,Generalista
"-43,1729","-22,9068",Crematogaster nigropilosa,GABI_02380538,"25,10580063",Área Urbanizada,Região Metropolitana,,,Não,Generalista
"-44,6285","-22,3698",Megalomyrmex goeldii,GABI_02407893,"2425,370117",Formação Campestre,Região do Médio Paraíba,,,Não,Especialista de Floresta
"-44,6285","-22,3698",Camponotus rufipes,GABI_02406898,"2425,370117",Formação Campestre,Região do Médio Paraíba,,,Não,Generalista
"-44,5721","-22,4912",Linepithema iniquum,GABI_00875031,"413,302002",Área Urbanizada,Região do Médio Paraíba,,,Não,Generalista
"-44,5721","-22,4912",Mycocepurus goeldii,GABI_00508625,"413,302002",Área Urbanizada,Região do Médio Paraíba,,,Não,Generalista
"-43,1729","-22,9068",Cephalotes pallidicephalus,GABI_00519370,"25,10580063",Área Urbanizada,Região Metropolitana,,,Não,Especialista de Floresta
"-43,2265","-22,9058",Crematogaster carinata,GABI_00906527,"28,57290077",Área Urbanizada,Região Metropolitana,,,Não,Especialista de Floresta
"-43,7312","-22,5255",Camponotus macrocephalus,GABI_00561263,"420,9200134",Área Urbanizada,Região Centro-Sul Fluminense,,,Não,Generalista
"-43,2333","-22,9",Pheidole punctithorax,GABI_00684395,"52,23049927",Área Urbanizada,Região Metropolitana,,,Não,Sem Classificação
"-43,196","-22,908",Cephalotes membranaceus,GABI_00931074,"7,072179794",Área Urbanizada,Região Metropolitana,,,Não,Especialista de Floresta
"-43,196","-22,908",Odontomachus bauri,GABI_00927824,"7,072179794",Área Urbanizada,Região Metropolitana,,,Não,Generalista
"-43,385","-22,8565",Rogeria subarmata,GABI_01658345,"24,57579994",Área Urbanizada,Região Metropolitana,,,Não,Especialista de Floresta
"-42,9569","-22,371",Cephalotes pinelii,GABI_00498942,"824,5689697",Formação Florestal,Região Serrana,,,Não,Especialista de Área Aberta
"-44,5721","-22,4912",Eciton burchellii,GABI_00547057,"413,302002",Área Urbanizada,Região do Médio Paraíba,,,Não,Generalista
"-43,1729","-22,9068",Camponotus atriceps,GABI_00488586,"25,10580063",Área Urbanizada,Região Metropolitana,,,Não,Generalista
"-43,1729","-22,9068",Pseudomyrmex schuppi,GABI_00499283,"25,10580063",Área Urbanizada,Região Metropolitana,,,Não,Especialista de Floresta
"-43,7312","-22,5255",Acromyrmex niger,GABI_00547928,"420,9200134",Área Urbanizada,Região Centro-Sul Fluminense,,,Não,Especialista de Área Aberta
"-43,1729","-22,9068",Nylanderia guatemalensis,GABI_02369142,"25,10580063",Área Urbanizada,Região Metropolitana,,,Não,Especialista de Floresta
"-43,7247","-22,5261",Neivamyrmex modestus,GABI_01005568,"445,1040039",Formação Florestal,Região Centro-Sul Fluminense,,,Não,Sem Classificação
"-44,6285","-22,3698",Wasmannia affinis,GABI_02410343,"2425,370117",Formação Campestre,Região do Médio Paraíba,,,Não,Generalista
"-41,8605","-22,3674",Neivamyrmex mars,GABI_00517445,"28,26040077",Área Urbanizada,Região Norte Fluminense,,,Não,Sem Classificação
"-43,1729","-22,9068",Labidus coecus,GABI_00684467,"25,10580063",Área Urbanizada,Região Metropolitana,,,Não,Generalista
"-42,5341","-22,2887",Heteroponera inermis,GABI_00519250,"855,190979",Área Urbanizada,Região Serrana,,,Não,Especialista de Floresta
"-43,1729","-22,9068",Eciton vagans dispar,GABI_00866979,"25,10580063",Área Urbanizada,Região Metropolitana,,,Não,Generalista
"-42,9569","-22,371",Hypoponera trigona cauta,GABI_00516147,"824,5689697",Formação Florestal,Região Serrana,,,Não,Especialista de Floresta
"-43,1729","-22,9068",Atta robusta,GABI_00561336,"25,10580063",Área Urbanizada,Região Metropolitana,,,Não,Sem Classificação
"-43,3907","-22,9682",Solenopsis hostilis,GABI_00517029,"4,895840168",Área Urbanizada,Região Metropolitana,,,Não,Sem Classificação
"-43,385","-22,8565",Acromyrmex aspersus,GABI_00547658,"24,57579994",Área Urbanizada,Região Metropolitana,,,Não,Especialista de Área Aberta
"-43,1729","-22,9068",Pachycondyla impressa,GABI_00562375,"25,10580063",Área Urbanizada,Região Metropolitana,,,Não,Especialista de Floresta
"-43,3248","-22,8529",Cyphomyrmex transversus,GABI_00561288,"25,09119987",Área Urbanizada,Região Metropolitana,,,Não,Generalista
"-43,1729","-22,9068",Atta sexdens,GABI_02367138,"25,10580063",Área Urbanizada,Região Metropolitana,,,Não,Generalista
"-43,1729","-22,9068",Pseudomyrmex tenuissimus,GABI_02370291,"25,10580063",Área Urbanizada,Região Metropolitana,,,Não,Generalista
"-43,1729","-22,9068",Camponotus cingulatus,GABI_02367265,"25,10580063",Área Urbanizada,Região Metropolitana,,,Não,Generalista
"-44,103","-22,522",Odontomachus meinerti,GABI_00631830,"383,6059875",Área Urbanizada,Região do Médio Paraíba,,,Não,Generalista
"-44,5721","-22,4912",Megalomyrmex goeldii,GABI_00845558,"413,302002",Área Urbanizada,Região do Médio Paraíba,,,Não,Especialista de Floresta
"-43,1729","-22,9068",Procryptocerus schmalzi,GABI_01836248,"25,10580063",Área Urbanizada,Região Metropolitana,,,Não,Especialista de Floresta
"-43,1729","-22,9068",Pachycondyla striata,GABI_00938927,"25,10580063",Área Urbanizada,Região Metropolitana,,,Não,Generalista
"-43,1729","-22,9068",Nesomyrmex echinatinodis,GABI_01819887,"25,10580063",Área Urbanizada,Região Metropolitana,,,Não,Sem Classificação
"-43,196","-22,908",Megalomyrmex silvestrii,GABI_00926485,"7,072179794",Área Urbanizada,Região Metropolitana,,,Não,Generalista
"-43,2265","-22,9058",Dolichoderus lutosus,GABI_00925839,"28,57290077",Área Urbanizada,Região Metropolitana,,,Não,Generalista
"-43,2265","-22,9058",Azteca chartifex spiriti,GABI_00922403,"28,57290077",Área Urbanizada,Região Metropolitana,,,Não,Especialista de Floresta
"-43,3248","-22,8529",Anochetus mayri,GABI_00561301,"25,09119987",Área Urbanizada,Região Metropolitana,,,Não,Especialista de Floresta
"-43,1729","-22,9068",Pheidole sensitiva,GABI_00929001,"25,10580063",Área Urbanizada,Região Metropolitana,,,Não,Especialista de Floresta
"-43,3248","-22,8529",Cephalotes pusillus,GABI_00561285,"25,09119987",Área Urbanizada,Região Metropolitana,,,Não,Generalista
"-43,1729","-22,9068",Crematogaster goeldii,GABI_00515318,"25,10580063",Área Urbanizada,Região Metropolitana,,,Não,Sem Classificação
"-43,1729","-22,9068",Dolichoderus lamellosus,GABI_02367900,"25,10580063",Área Urbanizada,Região Metropolitana,,,Não,Generalista
"-43,1729","-22,9068",Neivamyrmex latiscapus,GABI_00562369,"25,10580063",Área Urbanizada,Região Metropolitana,,,Não,Sem Classificação
"-42,8796","-22,7009",Pseudomyrmex kuenckeli,GABI_00509866,"23,6923008",Área Urbanizada,Região Metropolitana,,,Não,Generalista
"-43,1729","-22,9068",Procryptocerus schmalzi,GABI_01836250,"25,10580063",Área Urbanizada,Região Metropolitana,,,Não,Especialista de Floresta
"-43,1729","-22,9068",Camponotus sericeiventris,GABI_00608611,"25,10580063",Área Urbanizada,Região Metropolitana,,,Não,Generalista
"-41,4697","-22,1036",Mycetophylax conformis,GABI_00558565,"8,949350357",Área Urbanizada,Região Norte Fluminense,,,Não,Especialista de Área Aberta
"-41,7827","-22,3837",Pseudomyrmex termitarius,GABI_00509539,"6,937069893",Área Urbanizada,Região Norte Fluminense,,,Não,Especialista de Área Aberta
"-43,7312","-22,5255",Mycocepurus smithii,GABI_00508668,"420,9200134",Área Urbanizada,Região Centro-Sul Fluminense,,,Não,Generalista
"-43,2333","-22,9",Pheidole tristis,GABI_00682650,"52,23049927",Área Urbanizada,Região Metropolitana,,,Não,Especialista de Floresta
"-43,1729","-22,9068",Neoponera bucki,GABI_02369051,"25,10580063",Área Urbanizada,Região Metropolitana,,,Não,Especialista de Floresta
"-44,5721","-22,4912",Neivamyrmex jerrmanni,GABI_00517925,"413,302002",Área Urbanizada,Região do Médio Paraíba,,,Não,Generalista
"-43,1729","-22,9068",Wasmannia rochai,GABI_02371066,"25,10580063",Área Urbanizada,Região Metropolitana,,,Não,Especialista de Floresta
"-43,1729","-22,9068",Pheidole bergi,GABI_00682840,"25,10580063",Área Urbanizada,Região Metropolitana,,,Não,Sem Classificação
"-43,7312","-22,5255",Camponotus landolti,GABI_00561247,"420,9200134",Área Urbanizada,Região Centro-Sul Fluminense,,,Não,Sem Classificação
"-43,1729","-22,9068",Camponotus excisus,GABI_00498667,"25,10580063",Área Urbanizada,Região Metropolitana,,,Não,Especialista de Floresta
"-44,5667","-22,5",Pheidole radoszkowskii,GABI_00683157,"419,1839905",Área Urbanizada,Região do Médio Paraíba,,,Não,Generalista
"-43,196","-22,908",Acanthoponera mucronata,GABI_00921650,"7,072179794",Área Urbanizada,Região Metropolitana,,,Não,Generalista
"-43,7312","-22,5255",Carebara urichi,GABI_00522674,"420,9200134",Área Urbanizada,Região Centro-Sul Fluminense,,,Não,Generalista
"-42,5341","-22,2887",Procryptocerus sulcatus,GABI_00519357,"855,190979",Área Urbanizada,Região Serrana,,,Não,Sem Classificação
"-44,5721","-22,4912",Lachnomyrmex plaumanni,GABI_00519237,"413,302002",Área Urbanizada,Região do Médio Paraíba,,,Não,Especialista de Floresta
"-43,1729","-22,9068",Cephalotes atratus,GABI_00931468,"25,10580063",Área Urbanizada,Região Metropolitana,,,Não,Generalista
"-43,2265","-22,9058",Crematogaster montezumia,GABI_00924318,"28,57290077",Área Urbanizada,Região Metropolitana,,,Não,Especialista de Floresta
"-43,2265","-22,9058",Crematogaster crinosa,GABI_00906539,"28,57290077",Área Urbanizada,Região Metropolitana,,,Não,Especialista de Floresta
"-43,2264","-22,9055",Pheidole alienata,GABI_00515491,"28,83939934",Área Urbanizada,Região Metropolitana,,,Não,Sem Classificação
"-43,225","-22,9674",Typhlomyrmex reichenspergeri,GABI_00847466,"15,22309971",Mosaico de usos,Região Metropolitana,,,Não,Especialista de Floresta
"-43,1729","-22,9068",Pheidole tijucana,GABI_00713791,"25,10580063",Área Urbanizada,Região Metropolitana,,,Não,Sem Classificação
"-43,196","-22,908",Neivamyrmex latiscapus,GABI_00927079,"7,072179794",Área Urbanizada,Região Metropolitana,,,Não,Sem Classificação
"-43,196","-22,908",Neoponera moesta,GABI_00927379,"7,072179794",Área Urbanizada,Região Metropolitana,,,Não,Especialista de Floresta
"-43,1729","-22,9068",Pheidole fabricator,GABI_00146205,"25,10580063",Área Urbanizada,Região Metropolitana,,,Não,Especialista de Floresta
"-44,6285","-22,3698",Odontomachus chelifer,GABI_02408581,"2425,370117",Formação Campestre,Região do Médio Paraíba,,,Não,Generalista
"-43,2265","-22,9058",Camponotus simillimus,GABI_00923919,"28,57290077",Área Urbanizada,Região Metropolitana,,,Não,Especialista de Floresta
"-43,1729","-22,9068",Neoponera crenata,GABI_00937625,"25,10580063",Área Urbanizada,Região Metropolitana,,,Não,Generalista
"-43,1729","-22,9068",Procryptocerus sampaioi,GABI_00929381,"25,10580063",Área Urbanizada,Região Metropolitana,,,Não,Especialista de Floresta
"-43,1729","-22,9068",Hylomyrma balzani,GABI_00561365,"25,10580063",Área Urbanizada,Região Metropolitana,,,Não,Especialista de Floresta
"-43,1729","-22,9068",Heteroponera dolo,GABI_00448607,"25,10580063",Área Urbanizada,Região Metropolitana,,,Não,Especialista de Floresta
"-43,7312","-22,5255",Linepithema micans,GABI_00561228,"420,9200134",Área Urbanizada,Região Centro-Sul Fluminense,,,Não,Generalista
"-43,2265","-22,9058",Linepithema iniquum,GABI_00926078,"28,57290077",Área Urbanizada,Região Metropolitana,,,Não,Generalista
"-43,1729","-22,9068",Leptogenys crudelis,GABI_00845067,"25,10580063",Área Urbanizada,Região Metropolitana,,,Não,Sem Classificação
"-43,7312","-22,5255",Neivamyrmex modestus,GABI_00414561,"420,9200134",Área Urbanizada,Região Centro-Sul Fluminense,,,Não,Sem Classificação
"-43,2265","-22,9058",Neoponera apicalis,GABI_00927328,"28,57290077",Área Urbanizada,Região Metropolitana,,,Não,Especialista de Floresta
"-43,1729","-22,9068",Rogeria subarmata,GABI_02370333,"25,10580063",Área Urbanizada,Região Metropolitana,,,Não,Especialista de Floresta
"-44,5721","-22,4912",Pseudomyrmex termitarius,GABI_00547080,"413,302002",Área Urbanizada,Região do Médio Paraíba,,,Não,Especialista de Área Aberta
"-43,2153","-22,9794",Wasmannia auropunctata,GABI_01939538,"6,536379814","Rio, Lago e Oceano",Região Metropolitana,,,Não,Generalista
"-43,1729","-22,9068",Neivamyrmex clavifemur,GABI_00519172,"25,10580063",Área Urbanizada,Região Metropolitana,,,Não,Sem Classificação
"-44,6285","-22,3698",Leptogenys carioca,GABI_02407797,"2425,370117",Formação Campestre,Região do Médio Paraíba,,,Não,Sem Classificação
"-43,3458","-22,8844",Neivamyrmex densepunctatus,GABI_01005639,"31,31739998",Área Urbanizada,Região Metropolitana,,,Não,Sem Classificação
"-43,7247","-22,5261",Neivamyrmex modestus,GABI_01005610,"445,1040039",Formação Florestal,Região Centro-Sul Fluminense,,,Não,Sem Classificação
"-43,196","-22,908",Solenopsis patagonica,GABI_00930298,"7,072179794",Área Urbanizada,Região Metropolitana,,,Não,Sem Classificação
"-44,6285","-22,3698",Labidus coecus,GABI_02407637,"2425,370117",Formação Campestre,Região do Médio Paraíba,,,Não,Generalista
"-44,6285","-22,3698",Typhlomyrmex reichenspergeri,GABI_02407534,"2425,370117",Formação Campestre,Região do Médio Paraíba,,,Não,Especialista de Floresta
"-43,1729","-22,9068",Odontomachus hastatus,GABI_00683264,"25,10580063",Área Urbanizada,Região Metropolitana,,,Não,Especialista de Floresta
"-43,1729","-22,9068",Heteroponera dolo,GABI_01717370,"25,10580063",Área Urbanizada,Região Metropolitana,,,Não,Especialista de Floresta
"-43,7312","-22,5255",Cephalotes pusillus,GABI_00860982,"420,9200134",Área Urbanizada,Região Centro-Sul Fluminense,,,Não,Generalista
"-43,1729","-22,9068",Pheidole aper,GABI_01819555,"25,10580063",Área Urbanizada,Região Metropolitana,,,Não,Especialista de Floresta
"-43,1729","-22,9068",Dolichoderus lutosus,GABI_02382774,"25,10580063",Área Urbanizada,Região Metropolitana,,,Não,Generalista
"-43,196","-22,908",Camponotus alacer,GABI_00923665,"7,072179794",Área Urbanizada,Região Metropolitana,,,Não,Sem Classificação
"-43,196","-22,908",Neocerapachys splendens,GABI_00924084,"7,072179794",Área Urbanizada,Região Metropolitana,,,Não,Especialista de Floresta
"-43,1729","-22,9068",Dolichoderus lamellosus,GABI_02382714,"25,10580063",Área Urbanizada,Região Metropolitana,,,Não,Generalista
"-43,1729","-22,9068",Camponotus vittatus,GABI_02378597,"25,10580063",Área Urbanizada,Região Metropolitana,,,Não,Generalista
"-43,1833","-22,9667",Procryptocerus convergens,GABI_01836153,"29,84449959",Área Urbanizada,Região Metropolitana,,,Não,Especialista de Floresta
"-43,7247","-22,5261",Neivamyrmex modestus,GABI_01005603,"445,1040039",Formação Florestal,Região Centro-Sul Fluminense,,,Não,Sem Classificação
"-43,1729","-22,9068",Holcoponera striatula,GABI_00477949,"25,10580063",Área Urbanizada,Região Metropolitana,,,Não,Especialista de Floresta
"-43,2265","-22,9058",Camponotus excisus,GABI_00923167,"28,57290077",Área Urbanizada,Região Metropolitana,,,Não,Especialista de Floresta
"-44,6285","-22,3698",Camponotus rufipes,GABI_02406899,"2425,370117",Formação Campestre,Região do Médio Paraíba,,,Não,Generalista
"-43,1729","-22,9068",Pseudomyrmex gracilis,GABI_02398487,"25,10580063",Área Urbanizada,Região Metropolitana,,,Não,Generalista
"-44,6285","-22,3698",Oxyepoecus reticulatus,GABI_02408622,"2425,370117",Formação Campestre,Região do Médio Paraíba,,,Não,Especialista de Floresta
"-44,6285","-22,3698",Linepithema anathema,GABI_02407808,"2425,370117",Formação Campestre,Região do Médio Paraíba,,,Não,Especialista de Área Aberta
"-43,1729","-22,9068",Mycetarotes senticosus,GABI_00904659,"25,10580063",Área Urbanizada,Região Metropolitana,,,Não,Especialista de Área Aberta
"-42,8796","-22,7009",Pachycondyla impressa,GABI_00508382,"23,6923008",Área Urbanizada,Região Metropolitana,,,Não,Especialista de Floresta
"-44,5721","-22,4912",Neivamyrmex jerrmanni,GABI_00515539,"413,302002",Área Urbanizada,Região do Médio Paraíba,,,Não,Generalista
"-43,3248","-22,8529",Megalomyrmex drifti,GABI_00561295,"25,09119987",Área Urbanizada,Região Metropolitana,,,Não,Especialista de Floresta
"-43,2265","-22,9058",Heteroponera dolo,GABI_00925715,"28,57290077",Área Urbanizada,Região Metropolitana,,,Não,Especialista de Floresta
"-43,1729","-22,9068",Hylomyrma reitteri,GABI_00561366,"25,10580063",Área Urbanizada,Região Metropolitana,,,Não,Especialista de Floresta
"-43,1869","-22,9698",Nomamyrmex hartigii,GABI_00517522,"22,15360069",Área Urbanizada,Região Metropolitana,,,Não,Generalista
"-41,4667","-22,1",Ectatomma brunneum,GABI_00683269,"5,862100124",Pastagem,Região Norte Fluminense,,,Não,Generalista
"-43,9186","-23,0689",Mycetophylax olitor,GABI_00508953,"14,22210026",Mosaico de usos,Região da Costa Verde,,,Não,Generalista
"-43,2213","-22,8445",Atta robusta,GABI_00591985,"14,90709972",Restinga Arbórea,Região Metropolitana,,,Não,Sem Classificação
"-43,6736","-22,7539",Camponotus cingulatus,GABI_00555121,"32,78150177",Pastagem,Região Metropolitana,,,Não,Generalista
"-43,1729","-22,9068",Camponotus coriolanus,GABI_00562404,"25,10580063",Área Urbanizada,Região Metropolitana,,,Não,Sem Classificação
"-44,6285","-22,3698",Linepithema neotropicum,GABI_02407876,"2425,370117",Formação Campestre,Região do Médio Paraíba,,,Não,Generalista
"-44,6285","-22,3698",Linepithema micans,GABI_02407859,"2425,370117",Formação Campestre,Região do Médio Paraíba,,,Não,Generalista
"-43,2265","-22,9058",Hypoponera leveillei,GABI_00926531,"28,57290077",Área Urbanizada,Região Metropolitana,,,Não,Sem Classificação
"-43,3458","-22,8844",Neivamyrmex densepunctatus,GABI_00680600,"31,31739998",Área Urbanizada,Região Metropolitana,,,Não,Sem Classificação
"-42,5341","-22,2887",Camponotus lespesii,GABI_00521205,"855,190979",Área Urbanizada,Região Serrana,,,Não,Especialista de Área Aberta
"-43,1729","-22,9068",Brachymyrmex patagonicus,GABI_00526020,"25,10580063",Área Urbanizada,Região Metropolitana,,,Não,Especialista de Área Aberta
"-43,1788","-22,8972",Mycocepurus smithii,GABI_00508680,"28,01619911",Área Urbanizada,Região Metropolitana,,,Não,Generalista
"-43,1729","-22,9068",Eciton quadriglume,GABI_00515706,"25,10580063",Área Urbanizada,Região Metropolitana,,,Não,Especialista de Floresta
"-43,6018","-22,8534",Neivamyrmex clavifemur,GABI_00568167,"15,81540012",Área Urbanizada,Região Metropolitana,,,Não,Sem Classificação
"-43,7312","-22,5255",Pseudomyrmex termitarius,GABI_00547079,"420,9200134",Área Urbanizada,Região Centro-Sul Fluminense,,,Não,Especialista de Área Aberta
"-44,5721","-22,4912",Acromyrmex disciger,GABI_00561219,"413,302002",Área Urbanizada,Região do Médio Paraíba,,,Não,Especialista de Área Aberta
"-43,3823","-22,7836",Procryptocerus sampaioi,GABI_00507118,"14,70660019",Área Urbanizada,Região Metropolitana,,,Não,Especialista de Floresta
"-43,1729","-22,9068",Leptogenys vogeli,GABI_00936493,"25,10580063",Área Urbanizada,Região Metropolitana,,,Não,Especialista de Floresta
"-43,3248","-22,8529",Cyphomyrmex minutus,GABI_00561289,"25,09119987",Área Urbanizada,Região Metropolitana,,,Não,Generalista
"-43,7247","-22,5261",Neivamyrmex orthonotus,GABI_01005599,"445,1040039",Formação Florestal,Região Centro-Sul Fluminense,,,Não,Generalista
"-43,3458","-22,8844",Neivamyrmex densepunctatus,GABI_00680598,"31,31739998",Área Urbanizada,Região Metropolitana,,,Não,Sem Classificação
"-42,9569","-22,371",Pheidole goeldii,GABI_00719688,"824,5689697",Formação Florestal,Região Serrana,,,Não,Sem Classificação
"-44,6285","-22,3698",Labidus praedator,GABI_02407654,"2425,370117",Formação Campestre,Região do Médio Paraíba,,,Não,Especialista de Floresta
"-44,6285","-22,3698",Camponotus ager,GABI_02406658,"2425,370117",Formação Campestre,Região do Médio Paraíba,,,Não,Especialista de Floresta
"-43,7247","-22,5261",Neivamyrmex modestus,GABI_00680522,"445,1040039",Formação Florestal,Região Centro-Sul Fluminense,,,Não,Sem Classificação
"-43,1729","-22,9068",Alfaria piei,GABI_02433072,"25,10580063",Área Urbanizada,Região Metropolitana,,,Não,Sem Classificação
"-43,7312","-22,5255",Neivamyrmex modestus,GABI_00515531,"420,9200134",Área Urbanizada,Região Centro-Sul Fluminense,,,Não,Sem Classificação
"-43,2265","-22,9058",Myrmelachista nigella ruficornis,GABI_00926854,"28,57290077",Área Urbanizada,Região Metropolitana,,,Não,Sem Classificação
"-43,1729","-22,9068",Procryptocerus seabrai,GABI_00562395,"25,10580063",Área Urbanizada,Região Metropolitana,,,Não,Especialista de Floresta
"-43,1729","-22,9068",Ectatomma brunneum,GABI_00910220,"25,10580063",Área Urbanizada,Região Metropolitana,,,Não,Generalista
"-43,1729","-22,9068",Heteroponera inermis,GABI_00448603,"25,10580063",Área Urbanizada,Região Metropolitana,,,Não,Especialista de Floresta
"-43,1729","-22,9068",Holcoponera striatula,GABI_00514354,"25,10580063",Área Urbanizada,Região Metropolitana,,,Não,Especialista de Floresta
"-43,2902","-22,1593",Procryptocerus regularis,GABI_00860514,"282,8699951",Área Urbanizada,Região Centro-Sul Fluminense,,,Não,Especialista de Floresta
"-43,2265","-22,9058",Octostruma stenognatha,GABI_00927703,"28,57290077",Área Urbanizada,Região Metropolitana,,,Não,Especialista de Floresta
"-43,196","-22,908",Crematogaster evallans,GABI_00924273,"7,072179794",Área Urbanizada,Região Metropolitana,,,Não,Generalista
"-43,196","-22,908",Nylanderia fulva,GABI_00927563,"7,072179794",Área Urbanizada,Região Metropolitana,,,Não,Especialista de Área Aberta
"-42,9756","-22,417",Hypoponera trigona,GABI_01645760,"878,0549927",Área Urbanizada,Região Serrana,,,Não,Especialista de Floresta
"-43,7312","-22,5255",Wasmannia lutzi,GABI_00547107,"420,9200134",Área Urbanizada,Região Centro-Sul Fluminense,,,Não,Especialista de Floresta
"-43,1729","-22,9068",Dolichoderus lobicornis,GABI_00617622,"25,10580063",Área Urbanizada,Região Metropolitana,,,Não,Especialista de Área Aberta
"-43,1729","-22,9068",Acromyrmex niger,GABI_00921842,"25,10580063",Área Urbanizada,Região Metropolitana,,,Não,Especialista de Área Aberta
"-43,2265","-22,9058",Crematogaster crinosa,GABI_00906544,"28,57290077",Área Urbanizada,Região Metropolitana,,,Não,Especialista de Floresta
"-43,9186","-23,0689",Linepithema gallardoi,GABI_00037680,"14,22210026",Mosaico de usos,Região da Costa Verde,,,Não,Especialista de Área Aberta
"-43,2333","-22,9",Megalomyrmex goeldii,GABI_00683610,"52,23049927",Área Urbanizada,Região Metropolitana,,,Não,Especialista de Floresta
"-44,6285","-22,3698",Pheidole rosae,GABI_02409511,"2425,370117",Formação Campestre,Região do Médio Paraíba,,,Não,Especialista de Floresta
"-44,6285","-22,3698",Hylomyrma balzani,GABI_02407567,"2425,370117",Formação Campestre,Região do Médio Paraíba,,,Não,Especialista de Floresta
"-43,7312","-22,5255",Linepithema micans,GABI_00875251,"420,9200134",Área Urbanizada,Região Centro-Sul Fluminense,,,Não,Generalista
"-43,1729","-22,9068",Cephalotes pusillus,GABI_00932068,"25,10580063",Área Urbanizada,Região Metropolitana,,,Não,Generalista
"-43,2279","-22,9205",Pheidole piliventris,GABI_00508981,"19,91150093",Área Urbanizada,Região Metropolitana,,,Não,Sem Classificação
"-43,3008","-22,779",Neivamyrmex punctaticeps,GABI_00515835,"8,659950256",Área Urbanizada,Região Metropolitana,,,Não,Generalista
"-43,2458","-22,883",Centromyrmex gigas,GABI_00509017,"11,00399971",Área Urbanizada,Região Metropolitana,,,Não,Especialista de Área Aberta
"-43,1729","-22,9068",Cephalotes pusillus,GABI_00932063,"25,10580063",Área Urbanizada,Região Metropolitana,,,Não,Generalista
"-43,1729","-22,9068",Cephalotes pusillus,GABI_00932062,"25,10580063",Área Urbanizada,Região Metropolitana,,,Não,Generalista
"-43,1729","-22,9068",Camponotus melanoticus,GABI_02367327,"25,10580063",Área Urbanizada,Região Metropolitana,,,Não,Generalista
"-43,1729","-22,9068",Camponotus macrocephalus,GABI_00519303,"25,10580063",Área Urbanizada,Região Metropolitana,,,Não,Generalista
"-44,5721","-22,4912",Octostruma stenognatha,GABI_02008508,"413,302002",Área Urbanizada,Região do Médio Paraíba,,,Não,Especialista de Floresta
"-43,1729","-22,9068",Neoponera venusta,GABI_02369079,"25,10580063",Área Urbanizada,Região Metropolitana,,,Não,Especialista de Floresta
"-43,1153","-22,8859",Sericomyrmex mayri,GABI_01861603,"7,022339821",Área Urbanizada,Região Metropolitana,,,Não,Generalista
"-43,1729","-22,9068",Mycetarotes carinatus,GABI_00935848,"25,10580063",Área Urbanizada,Região Metropolitana,,,Não,Sem Classificação
"-42,9569","-22,371",Pheidole alpinensis,GABI_01819412,"824,5689697",Formação Florestal,Região Serrana,,,Não,Especialista de Floresta
"-43,3619","-22,8688",Solenopsis clytemnestra,GABI_00968600,"33,0583992",Área Urbanizada,Região Metropolitana,,,Não,Sem Classificação
"-43,1729","-22,9068",Pheidole obscurior,GABI_00562386,"25,10580063",Área Urbanizada,Região Metropolitana,,,Não,Especialista de Floresta
"-43,196","-22,908",Crematogaster curvispinosa,GABI_00924452,"7,072179794",Área Urbanizada,Região Metropolitana,,,Não,Generalista
"-43,1729","-22,9068",Cephalotes membranaceus,GABI_00509667,"25,10580063",Área Urbanizada,Região Metropolitana,,,Não,Especialista de Floresta
"-43,1729","-22,9068",Pseudomyrmex tenuissimus,GABI_00949823,"25,10580063",Área Urbanizada,Região Metropolitana,,,Não,Generalista
"-43,196","-22,908",Acromyrmex disciger,GABI_00921742,"7,072179794",Área Urbanizada,Região Metropolitana,,,Não,Especialista de Área Aberta
"-43,196","-22,908",Solenopsis virulens,GABI_00930093,"7,072179794",Área Urbanizada,Região Metropolitana,,,Não,Especialista de Floresta
"-43,2265","-22,9058",Camponotus picipes,GABI_00923819,"28,57290077",Área Urbanizada,Região Metropolitana,,,Não,Sem Classificação
"-43,1729","-22,9068",Odontomachus chelifer,GABI_02391660,"25,10580063",Área Urbanizada,Região Metropolitana,,,Não,Generalista
"-43,7312","-22,5255",Cephalotes atratus,GABI_00860600,"420,9200134",Área Urbanizada,Região Centro-Sul Fluminense,,,Não,Generalista
"-43,1729","-22,9068",Pheidole oxyops,GABI_02394180,"25,10580063",Área Urbanizada,Região Metropolitana,,,Não,Especialista de Área Aberta
"-44,5721","-22,4912",Brachymyrmex admotus,GABI_00561243,"413,302002",Área Urbanizada,Região do Médio Paraíba,,,Não,Generalista
"-43,1788","-22,8972",Atta sexdens,GABI_00547501,"28,01619911",Área Urbanizada,Região Metropolitana,,,Não,Generalista
"-43,196","-22,908",Poneracantha mediatrix,GABI_00925542,"7,072179794",Área Urbanizada,Região Metropolitana,,,Não,Especialista de Floresta
"-43,1729","-22,9068",Megalomyrmex goeldii,GABI_02372515,"25,10580063",Área Urbanizada,Região Metropolitana,,,Não,Especialista de Floresta
"-43,196","-22,908",Dorymyrmex brunneus,GABI_00924124,"7,072179794",Área Urbanizada,Região Metropolitana,,,Não,Especialista de Área Aberta
"-43,1729","-22,9068",Rogeria alzatei,GABI_00389800,"25,10580063",Área Urbanizada,Região Metropolitana,,,Não,Especialista de Floresta
"-43,1729","-22,9068",Crematogaster evallans,GABI_01836376,"25,10580063",Área Urbanizada,Região Metropolitana,,,Não,Generalista
"-43,1153","-22,8859",Dolichoderus lamellosus,GABI_00507478,"7,022339821",Área Urbanizada,Região Metropolitana,,,Não,Generalista
"-44,5721","-22,4912",Cephalotes atratus,GABI_00860618,"413,302002",Área Urbanizada,Região do Médio Paraíba,,,Não,Generalista
"-43,727","-22,526",Neivamyrmex orthonotus,GABI_00905498,"441,4190063",Formação Florestal,Região Centro-Sul Fluminense,,,Não,Generalista
"-43,2265","-22,9058",Pogonomyrmex naegelii,GABI_00925313,"28,57290077",Área Urbanizada,Região Metropolitana,,,Não,Especialista de Área Aberta
"-43,1729","-22,9068",Neivamyrmex detectus,GABI_00518128,"25,10580063",Área Urbanizada,Região Metropolitana,,,Não,Sem Classificação
"-43,2265","-22,9058",Wasmannia lutzi,GABI_00931027,"28,57290077",Área Urbanizada,Região Metropolitana,,,Não,Especialista de Floresta
"-43,1729","-22,9068",Wasmannia auropunctata,GABI_00910225,"25,10580063",Área Urbanizada,Região Metropolitana,,,Não,Generalista
"-43,1729","-22,9068",Pheidole strobeli,GABI_00682691,"25,10580063",Área Urbanizada,Região Metropolitana,,,Não,Especialista de Floresta
"-43,196","-22,908",Ectatomma permagnum,GABI_00925210,"7,072179794",Área Urbanizada,Região Metropolitana,,,Não,Generalista
"-43,2568","-22,9266",Cephalotes pinelii,GABI_00498941,"35,08860016",Área Urbanizada,Região Metropolitana,,,Não,Especialista de Área Aberta
"-42,9569","-22,371",Brachymyrmex australis,GABI_00498582,"824,5689697",Formação Florestal,Região Serrana,,,Não,Generalista
"-43,2333","-22,9",Pheidole tristis,GABI_00682581,"52,23049927",Área Urbanizada,Região Metropolitana,,,Não,Especialista de Floresta
"-43,2265","-22,9058",Brachymyrmex admotus,GABI_00922627,"28,57290077",Área Urbanizada,Região Metropolitana,,,Não,Generalista
"-43,196","-22,908",Camponotus excisus,GABI_00923166,"7,072179794",Área Urbanizada,Região Metropolitana,,,Não,Especialista de Floresta
"-43,196","-22,908",Pseudomyrmex incurrens,GABI_00929668,"7,072179794",Área Urbanizada,Região Metropolitana,,,Não,Sem Classificação
"-43,2333","-22,9",Procryptocerus convergens,GABI_01836152,"52,23049927",Área Urbanizada,Região Metropolitana,,,Não,Especialista de Floresta
"-43,1729","-22,9068",Pheidole puttemansi,GABI_01819439,"25,10580063",Área Urbanizada,Região Metropolitana,,,Não,Especialista de Floresta
"-43,1729","-22,9068",Crematogaster carinata,GABI_01836325,"25,10580063",Área Urbanizada,Região Metropolitana,,,Não,Especialista de Floresta
"-43,1729","-22,9068",Azteca severini,GABI_00516384,"25,10580063",Área Urbanizada,Região Metropolitana,,,Não,Sem Classificação
"-44,5721","-22,4912",Procryptocerus regularis,GABI_00860525,"413,302002",Área Urbanizada,Região do Médio Paraíba,,,Não,Especialista de Floresta
"-41,7827","-22,3837",Mycetophylax conformis,GABI_00837527,"6,937069893",Área Urbanizada,Região Norte Fluminense,,,Não,Especialista de Área Aberta
"-42,5341","-22,2887",Camponotus brasiliensis clivius,GABI_00498662,"855,190979",Área Urbanizada,Região Serrana,,,Não,Generalista
"-43,2333","-22,9",Linepithema humile,GABI_00037966,"52,23049927",Área Urbanizada,Região Metropolitana,,,Não,Especialista de Área Aberta
"-43,1729","-22,9068",Pheidole fabricator,GABI_00683783,"25,10580063",Área Urbanizada,Região Metropolitana,,,Não,Especialista de Floresta
"-43,3458","-22,8844",Neivamyrmex densepunctatus,GABI_01005647,"31,31739998",Área Urbanizada,Região Metropolitana,,,Não,Sem Classificação
"-43,7247","-22,5261",Neivamyrmex modestus,GABI_00680590,"445,1040039",Formação Florestal,Região Centro-Sul Fluminense,,,Não,Sem Classificação
"-43,2333","-22,9",Pachycondyla striata,GABI_00683195,"52,23049927",Área Urbanizada,Região Metropolitana,,,Não,Generalista
"-43,1729","-22,9068",Neoponera striatinodis,GABI_02369073,"25,10580063",Área Urbanizada,Região Metropolitana,,,Não,Especialista de Floresta
"-41,4697","-22,1036",Labidus praedator,GABI_00515781,"8,949350357",Área Urbanizada,Região Norte Fluminense,,,Não,Especialista de Floresta
"-43,1729","-22,9068",Pachycondyla striata,GABI_00938923,"25,10580063",Área Urbanizada,Região Metropolitana,,,Não,Generalista
"-43,1868","-22,5667",Neivamyrmex pilosus,GABI_00518004,"74,77459717",Área Urbanizada,Região Metropolitana,,,Não,Especialista de Floresta
"-42,0386","-22,6849",Mycetophylax morschi,GABI_00508586,"7,573289871",Pastagem,Região das Baixadas Litorâneas,,,Não,Especialista de Área Aberta
"-43,1729","-22,9068",Pseudomyrmex schuppi,GABI_00873180,"25,10580063",Área Urbanizada,Região Metropolitana,,,Não,Especialista de Floresta
"-42,8833","-22,7",Labidus praedator,GABI_00683846,"17,16419983",Área Urbanizada,Região Metropolitana,,,Não,Especialista de Floresta
"-44,6285","-22,3698",Labidus coecus,GABI_02407636,"2425,370117",Formação Campestre,Região do Médio Paraíba,,,Não,Generalista
"-43,1788","-22,8972",Atta robusta,GABI_00516678,"28,01619911",Área Urbanizada,Região Metropolitana,,,Não,Sem Classificação
"-44,5721","-22,4912",Linepithema micans,GABI_00561229,"413,302002",Área Urbanizada,Região do Médio Paraíba,,,Não,Generalista
"-43,6736","-22,7539",Atta sexdens,GABI_00555122,"32,78150177",Pastagem,Região Metropolitana,,,Não,Generalista
"-43,1729","-22,9068",Nomamyrmex hartigii,GABI_00517521,"25,10580063",Área Urbanizada,Região Metropolitana,,,Não,Generalista
"-43,1729","-22,9068",Mycocepurus smithii,GABI_02372532,"25,10580063",Área Urbanizada,Região Metropolitana,,,Não,Generalista
"-43,1729","-22,9068",Holcoponera striatula,GABI_02384864,"25,10580063",Área Urbanizada,Região Metropolitana,,,Não,Especialista de Floresta
"-43,7312","-22,5255",Pogonomyrmex naegelii,GABI_00547084,"420,9200134",Área Urbanizada,Região Centro-Sul Fluminense,,,Não,Especialista de Área Aberta
"-43,2265","-22,9058",Pheidole transversostriata,GABI_00929074,"28,57290077",Área Urbanizada,Região Metropolitana,,,Não,Generalista
"-43,1729","-22,9068",Cephalotes atratus,GABI_00111567,"25,10580063",Área Urbanizada,Região Metropolitana,,,Não,Generalista
"-43,1729","-22,9068",Crematogaster cristata,GABI_01658193,"25,10580063",Área Urbanizada,Região Metropolitana,,,Não,Sem Classificação
"-43,1729","-22,9068",Cephalotes pavonii,GABI_00561344,"25,10580063",Área Urbanizada,Região Metropolitana,,,Não,Especialista de Floresta
"-43,1729","-22,9068",Megalomyrmex silvestrii,GABI_00845758,"25,10580063",Área Urbanizada,Região Metropolitana,,,Não,Generalista
"-43,7247","-22,5261",Neivamyrmex modestus,GABI_00680564,"445,1040039",Formação Florestal,Região Centro-Sul Fluminense,,,Não,Sem Classificação
"-43,1729","-22,9068",Pheidole susannae,GABI_01824574,"25,10580063",Área Urbanizada,Região Metropolitana,,,Não,Generalista
"-43,1729","-22,9068",Camponotus blandus,GABI_00562403,"25,10580063",Área Urbanizada,Região Metropolitana,,,Não,Generalista
"-43,1729","-22,9068",Camponotus arboreus,GABI_00508991,"25,10580063",Área Urbanizada,Região Metropolitana,,,Não,Especialista de Área Aberta
"-43,2265","-22,9058",Cephalotes maculatus,GABI_00928141,"28,57290077",Área Urbanizada,Região Metropolitana,,,Não,Generalista
"-43,3246","-22,8822",Azteca lanuginosa,GABI_00516361,"42,52080154",Área Urbanizada,Região Metropolitana,,,Não,Especialista de Floresta
"-43,2265","-22,9058",Neoponera moesta,GABI_00927380,"28,57290077",Área Urbanizada,Região Metropolitana,,,Não,Especialista de Floresta
"-43,1729","-22,9068",Hypoponera neglecta,GABI_00485463,"25,10580063",Área Urbanizada,Região Metropolitana,,,Não,Especialista de Floresta
"-44,5721","-22,4912",Neivamyrmex densepunctatus,GABI_00680510,"413,302002",Área Urbanizada,Região do Médio Paraíba,,,Não,Sem Classificação
"-43,1729","-22,9068",Neoponera apicalis,GABI_02389750,"25,10580063",Área Urbanizada,Região Metropolitana,,,Não,Especialista de Floresta
"-43,1788","-22,8972",Atta robusta,GABI_00547468,"28,01619911",Área Urbanizada,Região Metropolitana,,,Não,Sem Classificação
"-43,7247","-22,5261",Neivamyrmex modestus,GABI_00680523,"445,1040039",Formação Florestal,Região Centro-Sul Fluminense,,,Não,Sem Classificação
"-44,6285","-22,3698",Acropyga fuhrmanni,GABI_02406451,"2425,370117",Formação Campestre,Região do Médio Paraíba,,,Não,Especialista de Floresta
"-43,196","-22,908",Camponotus macrocephalus,GABI_00923627,"7,072179794",Área Urbanizada,Região Metropolitana,,,Não,Generalista
"-42,9569","-22,371",Pheidole aper,GABI_00148612,"824,5689697",Formação Florestal,Região Serrana,,,Não,Especialista de Floresta
"-44,6285","-22,3698",Megalomyrmex pusillus,GABI_02407896,"2425,370117",Formação Campestre,Região do Médio Paraíba,,,Não,Especialista de Floresta
"-43,7312","-22,5255",Neivamyrmex modestus,GABI_02142870,"420,9200134",Área Urbanizada,Região Centro-Sul Fluminense,,,Não,Sem Classificação
"-43,1729","-22,9068",Pseudomyrmex godmani,GABI_00507629,"25,10580063",Área Urbanizada,Região Metropolitana,,,Não,Especialista de Floresta
"-43,2333","-22,9",Pheidole incisa,GABI_00684516,"52,23049927",Área Urbanizada,Região Metropolitana,,,Não,Sem Classificação
"-44,5667","-22,5",Nomamyrmex hartigii,GABI_00683892,"419,1839905",Área Urbanizada,Região do Médio Paraíba,,,Não,Generalista
"-44,5721","-22,4912",Azteca muelleri,GABI_00561233,"413,302002",Área Urbanizada,Região do Médio Paraíba,,,Não,Especialista de Floresta
"-43,1729","-22,9068",Dinoponera gigantea,GABI_00873793,"25,10580063",Área Urbanizada,Região Metropolitana,,,Não,Especialista de Floresta
"-42,9569","-22,371",Cyphomyrmex bicornis,GABI_00509888,"824,5689697",Formação Florestal,Região Serrana,,,Não,Sem Classificação
"-43,2959","-22,8234",Atta robusta,GABI_00516679,"8,679019928",Área Urbanizada,Região Metropolitana,,,Não,Sem Classificação
"-43,1907","-22,9191",Acromyrmex coronatus,GABI_00547712,"101,7720032",Área Urbanizada,Região Metropolitana,,,Não,Especialista de Floresta
"-43,1729","-22,9068",Dorymyrmex pyramicus garbei,GABI_00487321,"25,10580063",Área Urbanizada,Região Metropolitana,,,Não,Generalista
"-43,1729","-22,9068",Pheidole dyctiota,GABI_00949688,"25,10580063",Área Urbanizada,Região Metropolitana,,,Não,Especialista de Floresta
"-42,5341","-22,2887",Neoponera moesta,GABI_00516029,"855,190979",Área Urbanizada,Região Serrana,,,Não,Especialista de Floresta
"-43,1729","-22,9068",Neivamyrmex halidaii,GABI_00867308,"25,10580063",Área Urbanizada,Região Metropolitana,,,Não,Especialista de Floresta
"-44,567","-22,5",Neivamyrmex densepunctatus,GABI_00935161,"419,368988",Área Urbanizada,Região do Médio Paraíba,,,Não,Sem Classificação
"-44,103","-22,522",Pachycondyla striata,GABI_00631832,"383,6059875",Área Urbanizada,Região do Médio Paraíba,,,Não,Generalista
"-42,5","-22,1833",Procryptocerus convergens,GABI_01851145,"936,5780029",Pastagem,Região Serrana,,,Não,Especialista de Floresta
"-44,6285","-22,3698",Wasmannia affinis,GABI_02410339,"2425,370117",Formação Campestre,Região do Médio Paraíba,,,Não,Generalista
"-44,6285","-22,3698",Heteroponera mayri,GABI_02407559,"2425,370117",Formação Campestre,Região do Médio Paraíba,,,Não,Especialista de Floresta
"-43,1322","-22,382",Dorymyrmex brunneus,GABI_00842827,"722,5980225",Área Urbanizada,Região Metropolitana,,,Não,Especialista de Área Aberta
"-43,2732","-22,8641",Azteca muelleri,GABI_00836848,"35,18360138",Área Urbanizada,Região Metropolitana,,,Não,Especialista de Floresta
"-43,2333","-22,9",Pheidole tristis,GABI_00682580,"52,23049927",Área Urbanizada,Região Metropolitana,,,Não,Especialista de Floresta
"-43,2333","-22,9",Pheidole tristis,GABI_00684465,"52,23049927",Área Urbanizada,Região Metropolitana,,,Não,Especialista de Floresta
"-43,2265","-22,9058",Azteca muelleri,GABI_00922507,"28,57290077",Área Urbanizada,Região Metropolitana,,,Não,Especialista de Floresta
"-43,1729","-22,9068",Ectatomma permagnum,GABI_02367972,"25,10580063",Área Urbanizada,Região Metropolitana,,,Não,Generalista
"-43,2265","-22,9058",Leptogenys crudelis,GABI_00926260,"28,57290077",Área Urbanizada,Região Metropolitana,,,Não,Sem Classificação
"-43,1729","-22,9068",Procryptocerus regularis,GABI_01819014,"25,10580063",Área Urbanizada,Região Metropolitana,,,Não,Especialista de Floresta
"-43,1729","-22,9068",Dinoponera quadriceps,GABI_00516462,"25,10580063",Área Urbanizada,Região Metropolitana,,,Não,Especialista de Área Aberta
"-44,713","-23,2177",Acromyrmex disciger,GABI_00563152,"6,887969971",Área Urbanizada,Região da Costa Verde,,,Não,Especialista de Área Aberta
"-42,8833","-22,7",Neivamyrmex legionis,GABI_00683845,"17,16419983",Área Urbanizada,Região Metropolitana,,,Não,Especialista de Floresta
"-44,5667","-22,5",Pheidole radoszkowskii,GABI_00683160,"419,1839905",Área Urbanizada,Região do Médio Paraíba,,,Não,Generalista
"-43,2265","-22,9058",Heteroponera dentinodis,GABI_00925708,"28,57290077",Área Urbanizada,Região Metropolitana,,,Não,Generalista
"-44,5721","-22,4912",Camponotus hermanni,GABI_00561251,"413,302002",Área Urbanizada,Região do Médio Paraíba,,,Não,Sem Classificação
"-43,1846","-22,9032",Holcoponera striatula,GABI_00487704,"18,38030052",Área Urbanizada,Região Metropolitana,,,Não,Especialista de Floresta
"-42,5","-22,1833",Procryptocerus adlerzi,GABI_01851114,"936,5780029",Pastagem,Região Serrana,,,Não,Especialista de Floresta
"-43,9186","-23,0689",Linepithema iniquum,GABI_00038061,"14,22210026",Mosaico de usos,Região da Costa Verde,,,Não,Generalista
"-44,6285","-22,3698",Myrmelachista catharinae,GABI_02408065,"2425,370117",Formação Campestre,Região do Médio Paraíba,,,Não,Especialista de Floresta
"-43,7247","-22,5261",Neivamyrmex modestus,GABI_01005622,"445,1040039",Formação Florestal,Região Centro-Sul Fluminense,,,Não,Sem Classificação
"-43,196","-22,908",Strumigenys crassicornis,GABI_00927497,"7,072179794",Área Urbanizada,Região Metropolitana,,,Não,Especialista de Floresta
"-44,6285","-22,3698",Ectatomma edentatum,GABI_02407328,"2425,370117",Formação Campestre,Região do Médio Paraíba,,,Não,Generalista
"-43,1729","-22,9068",Pheidole subarmata,GABI_02394791,"25,10580063",Área Urbanizada,Região Metropolitana,,,Não,Generalista
"-43,2265","-22,9058",Pachycondyla striata,GABI_00927975,"28,57290077",Área Urbanizada,Região Metropolitana,,,Não,Generalista
"-43,2265","-22,9058",Neivamyrmex jerrmanni,GABI_00927061,"28,57290077",Área Urbanizada,Região Metropolitana,,,Não,Generalista
"-43,2265","-22,9058",Pheidole reichenspergeri,GABI_00928976,"28,57290077",Área Urbanizada,Região Metropolitana,,,Não,Sem Classificação
"-43,2265","-22,9058",Brachymyrmex patagonicus,GABI_00922797,"28,57290077",Área Urbanizada,Região Metropolitana,,,Não,Especialista de Área Aberta
"-43,1729","-22,9068",Neivamyrmex dorbignii,GABI_00867606,"25,10580063",Área Urbanizada,Região Metropolitana,,,Não,Generalista
"-43,1729","-22,9068",Monomorium brasiliense,GABI_00949405,"25,10580063",Área Urbanizada,Região Metropolitana,,,Não,Sem Classificação
"-44,5721","-22,4912",Neivamyrmex clavifemur,GABI_00568166,"413,302002",Área Urbanizada,Região do Médio Paraíba,,,Não,Sem Classificação
"-43,1729","-22,9068",Pachycondyla striata,GABI_00508393,"25,10580063",Área Urbanizada,Região Metropolitana,,,Não,Generalista
"-44,6285","-22,3698",Wasmannia affinis,GABI_02410341,"2425,370117",Formação Campestre,Região do Médio Paraíba,,,Não,Generalista
"-43,1729","-22,9068",Camponotus alacer,GABI_00498645,"25,10580063",Área Urbanizada,Região Metropolitana,,,Não,Sem Classificação
"-43,1729","-22,9068",Dolichoderus attelaboides,GABI_02367867,"25,10580063",Área Urbanizada,Região Metropolitana,,,Não,Especialista de Floresta
"-43,1729","-22,9068",Hypoponera trigona cauta,GABI_00926006,"25,10580063",Área Urbanizada,Região Metropolitana,,,Não,Especialista de Floresta
"-43,1729","-22,9068",Atta robusta,GABI_00548097,"25,10580063",Área Urbanizada,Região Metropolitana,,,Não,Sem Classificação
"-43,1729","-22,9068",Acromyrmex coronatus,GABI_00487168,"25,10580063",Área Urbanizada,Região Metropolitana,,,Não,Especialista de Floresta
"-43,2265","-22,9058",Crematogaster evallans,GABI_00924275,"28,57290077",Área Urbanizada,Região Metropolitana,,,Não,Generalista
"-43,2265","-22,9058",Camponotus lespesii,GABI_00923788,"28,57290077",Área Urbanizada,Região Metropolitana,,,Não,Especialista de Área Aberta
"-43,7247","-22,5261",Neivamyrmex modestus,GABI_01005573,"445,1040039",Formação Florestal,Região Centro-Sul Fluminense,,,Não,Sem Classificação
"-43,1729","-22,9068",Pheidole goeldii,GABI_00148596,"25,10580063",Área Urbanizada,Região Metropolitana,,,Não,Sem Classificação
"-43,7247","-22,5261",Neivamyrmex orthonotus,GABI_01005597,"445,1040039",Formação Florestal,Região Centro-Sul Fluminense,,,Não,Generalista
"-43,2265","-22,9058",Hypoponera schmalzi fugitans,GABI_00925984,"28,57290077",Área Urbanizada,Região Metropolitana,,,Não,Especialista de Floresta
"-43,1729","-22,9068",Pseudomyrmex simplex,GABI_00949938,"25,10580063",Área Urbanizada,Região Metropolitana,,,Não,Generalista
"-44,5721","-22,4912",Neivamyrmex densepunctatus,GABI_00518999,"413,302002",Área Urbanizada,Região do Médio Paraíba,,,Não,Sem Classificação
"-44,5721","-22,4912",Acromyrmex aspersus,GABI_00547657,"413,302002",Área Urbanizada,Região do Médio Paraíba,,,Não,Especialista de Área Aberta
"-43,2265","-22,9058",Neivamyrmex pilosus,GABI_00927150,"28,57290077",Área Urbanizada,Região Metropolitana,,,Não,Especialista de Floresta
"-43,1729","-22,9068",Cephalotes pallidicephalus,GABI_00933774,"25,10580063",Área Urbanizada,Região Metropolitana,,,Não,Especialista de Floresta
"-43,1729","-22,9068",Cephalotes atratus,GABI_00931474,"25,10580063",Área Urbanizada,Região Metropolitana,,,Não,Generalista
"-42,8833","-22,7",Neoponera crenata,GABI_00682788,"17,16419983",Área Urbanizada,Região Metropolitana,,,Não,Generalista
"-43,7312","-22,5255",Dolichoderus attelaboides,GABI_00561225,"420,9200134",Área Urbanizada,Região Centro-Sul Fluminense,,,Não,Especialista de Floresta
"-43,2304","-22,8576",Atta robusta,GABI_00591984,"8,464289665",Área Urbanizada,Região Metropolitana,,,Não,Sem Classificação
"-43,2075","-22,9028",Crematogaster nigropilosa,GABI_00683556,"4,060410023",Área Urbanizada,Região Metropolitana,,,Não,Generalista
"-43,2775","-22,8751",Sericomyrmex mayri,GABI_01862738,"23,53479958",Área Urbanizada,Região Metropolitana,,,Não,Generalista
"-42,5","-22,1833",Procryptocerus adlerzi,GABI_01851139,"936,5780029",Pastagem,Região Serrana,,,Não,Especialista de Floresta
"-44,5721","-22,4912",Solenopsis basalis,GABI_00547098,"413,302002",Área Urbanizada,Região do Médio Paraíba,,,Não,Especialista de Floresta
"-44,567","-22,5",Neivamyrmex mars,GABI_00935169,"419,368988",Área Urbanizada,Região do Médio Paraíba,,,Não,Sem Classificação
"-43,1729","-22,9068",Crematogaster evallans,GABI_00146657,"25,10580063",Área Urbanizada,Região Metropolitana,,,Não,Generalista
"-43,7247","-22,5261",Neivamyrmex modestus,GABI_01005570,"445,1040039",Formação Florestal,Região Centro-Sul Fluminense,,,Não,Sem Classificação
"-43,1729","-22,9068",Camponotus caracalla,GABI_00498681,"25,10580063",Área Urbanizada,Região Metropolitana,,,Não,Especialista de Floresta
"-42,9732","-22,4179",Acromyrmex niger,GABI_00547926,"884,8779907",Área Urbanizada,Região Serrana,,,Não,Especialista de Área Aberta
"-44,6285","-22,3698",Linepithema iniquum,GABI_02407849,"2425,370117",Formação Campestre,Região do Médio Paraíba,,,Não,Generalista
"-44,6285","-22,3698",Eciton vagans,GABI_02407316,"2425,370117",Formação Campestre,Região do Médio Paraíba,,,Não,Generalista
"-43,1729","-22,9068",Pseudomyrmex incurrens,GABI_01819118,"25,10580063",Área Urbanizada,Região Metropolitana,,,Não,Sem Classificação
"-43,1729","-22,9068",Acromyrmex disciger,GABI_00547779,"25,10580063",Área Urbanizada,Região Metropolitana,,,Não,Especialista de Área Aberta
"-43,3248","-22,8529",Hylomyrma reitteri,GABI_00561293,"25,09119987",Área Urbanizada,Região Metropolitana,,,Não,Especialista de Floresta
"-43,2265","-22,9058",Odontomachus hastatus,GABI_00927839,"28,57290077",Área Urbanizada,Região Metropolitana,,,Não,Especialista de Floresta
"-43,1729","-22,9068",Anochetus diegensis,GABI_02367075,"25,10580063",Área Urbanizada,Região Metropolitana,,,Não,Especialista de Floresta
"-43,7312","-22,5255",Hypoponera trigona,GABI_00547072,"420,9200134",Área Urbanizada,Região Centro-Sul Fluminense,,,Não,Especialista de Floresta
"-43,1729","-22,9068",Camponotus hedwigae,GABI_00509294,"25,10580063",Área Urbanizada,Região Metropolitana,,,Não,Especialista de Floresta
"-44,6285","-22,3698",Acanthognathus rudis,GABI_00968444,"2425,370117",Formação Campestre,Região do Médio Paraíba,,,Não,Sem Classificação
"-42,9569","-22,371",Acromyrmex niger,GABI_00498862,"824,5689697",Formação Florestal,Região Serrana,,,Não,Especialista de Área Aberta
"-43,7247","-22,5261",Neivamyrmex modestus,GABI_01005624,"445,1040039",Formação Florestal,Região Centro-Sul Fluminense,,,Não,Sem Classificação
"-43,1729","-22,9068",Cephalotes pusillus,GABI_00932055,"25,10580063",Área Urbanizada,Região Metropolitana,,,Não,Generalista
"-44,5721","-22,4912",Neivamyrmex latiscapus,GABI_00518294,"413,302002",Área Urbanizada,Região do Médio Paraíba,,,Não,Sem Classificação
"-44,6285","-22,3698",Camponotus melanoticus,GABI_02406811,"2425,370117",Formação Campestre,Região do Médio Paraíba,,,Não,Generalista
"-44,5667","-22,5",Eciton burchellii,GABI_00683888,"419,1839905",Área Urbanizada,Região do Médio Paraíba,,,Não,Generalista
"-44,6285","-22,3698",Heteroponera mayri,GABI_02407561,"2425,370117",Formação Campestre,Região do Médio Paraíba,,,Não,Especialista de Floresta
"-44,6285","-22,3698",Cyphomyrmex bicornis,GABI_02407188,"2425,370117",Formação Campestre,Região do Médio Paraíba,,,Não,Sem Classificação
"-43,1766","-22,9103",Pogonomyrmex naegelii,GABI_01672425,"32,65790176",Área Urbanizada,Região Metropolitana,,,Não,Especialista de Área Aberta
"-43,2265","-22,9058",Solenopsis goeldii,GABI_00930231,"28,57290077",Área Urbanizada,Região Metropolitana,,,Não,Sem Classificação
"-43,1729","-22,9068",Centromyrmex brachycola,GABI_00509008,"25,10580063",Área Urbanizada,Região Metropolitana,,,Não,Generalista
"-43,7312","-22,5255",Camponotus senex,GABI_00561268,"420,9200134",Área Urbanizada,Região Centro-Sul Fluminense,,,Não,Generalista
"-43,1729","-22,9068",Eciton vagans dubitatum,GABI_00866988,"25,10580063",Área Urbanizada,Região Metropolitana,,,Não,Generalista
"-43,1729","-22,9068",Eciton vagans,GABI_00515733,"25,10580063",Área Urbanizada,Região Metropolitana,,,Não,Generalista
"-43,725","-22,526",Neivamyrmex orthonotus,GABI_00935170,"464,4779968",Formação Florestal,Região Centro-Sul Fluminense,,,Não,Generalista
"-43,2265","-22,9058",Azteca paraensis,GABI_00922520,"28,57290077",Área Urbanizada,Região Metropolitana,,,Não,Especialista de Floresta
"-43,2265","-22,9058",Discothyrea sexarticulata,GABI_00924901,"28,57290077",Área Urbanizada,Região Metropolitana,,,Não,Especialista de Floresta
"-43,1729","-22,9068",Cephalotes goeldii,GABI_00933810,"25,10580063",Área Urbanizada,Região Metropolitana,,,Não,Especialista de Floresta
"-43,1729","-22,9068",Linepithema pulex,GABI_02386983,"25,10580063",Área Urbanizada,Região Metropolitana,,,Não,Especialista de Floresta
"-43,196","-22,908",Cephalotes pavonii,GABI_00932892,"7,072179794",Área Urbanizada,Região Metropolitana,,,Não,Especialista de Floresta
"-43,7247","-22,5261",Neivamyrmex modestus,GABI_01005627,"445,1040039",Formação Florestal,Região Centro-Sul Fluminense,,,Não,Sem Classificação
"-43,1729","-22,9068",Mycocepurus smithii,GABI_02368784,"25,10580063",Área Urbanizada,Região Metropolitana,,,Não,Generalista
"-43,1729","-22,9068",Camponotus novogranadensis,GABI_02367355,"25,10580063",Área Urbanizada,Região Metropolitana,,,Não,Generalista
"-43,1729","-22,9068",Anochetus altisquamis,GABI_00948813,"25,10580063",Área Urbanizada,Região Metropolitana,,,Não,Especialista de Floresta
"-44,103","-22,522",Acanthognathus brevicornis,GABI_00631822,"383,6059875",Área Urbanizada,Região do Médio Paraíba,,,Não,Generalista
"-43,1729","-22,9068",Mycetophylax olitor,GABI_00561353,"25,10580063",Área Urbanizada,Região Metropolitana,,,Não,Generalista
"-42,9833","-22,4333",Procryptocerus sulcatus,GABI_01851306,"940,0949707",Mosaico de usos,Região Serrana,,,Não,Sem Classificação
"-43,1833","-22,9667",Procryptocerus adlerzi,GABI_01836133,"29,84449959",Área Urbanizada,Região Metropolitana,,,Não,Especialista de Floresta
"-43,2333","-22,9",Neoponera villosa,GABI_00683559,"52,23049927",Área Urbanizada,Região Metropolitana,,,Não,Generalista
"-43,2265","-22,9058",Odontomachus affinis,GABI_00927708,"28,57290077",Área Urbanizada,Região Metropolitana,,,Não,Especialista de Floresta
"-43,1729","-22,9068",Crematogaster distans,GABI_00561347,"25,10580063",Área Urbanizada,Região Metropolitana,,,Não,Generalista
"-43,7333","-22,5333",Linepithema micans,GABI_00038406,"493,4819946",Formação Campestre,Região Centro-Sul Fluminense,,,Não,Generalista
"-43,7247","-22,5261",Neivamyrmex modestus,GABI_01005655,"445,1040039",Formação Florestal,Região Centro-Sul Fluminense,,,Não,Sem Classificação
"-43,1729","-22,9068",Cyphomyrmex rimosus,GABI_02381489,"25,10580063",Área Urbanizada,Região Metropolitana,,,Não,Generalista
"-43,7247","-22,5261",Neivamyrmex orthonotus,GABI_01005598,"445,1040039",Formação Florestal,Região Centro-Sul Fluminense,,,Não,Generalista
"-43,1729","-22,9068",Solenopsis tenuis,GABI_00499218,"25,10580063",Área Urbanizada,Região Metropolitana,,,Não,Sem Classificação
"-41,4667","-22,1",Neoponera villosa,GABI_00683046,"5,862100124",Pastagem,Região Norte Fluminense,,,Não,Generalista
"-43,196","-22,908",Heteroponera inermis,GABI_00925734,"7,072179794",Área Urbanizada,Região Metropolitana,,,Não,Especialista de Floresta
"-43,196","-22,908",Gnamptogenys mordax,GABI_00925558,"7,072179794",Área Urbanizada,Região Metropolitana,,,Não,Especialista de Floresta
"-43,1729","-22,9068",Pachycondyla striata,GABI_00508444,"25,10580063",Área Urbanizada,Região Metropolitana,,,Não,Generalista
"-43,7312","-22,5255",Leptogenys luederwaldti,GABI_00547073,"420,9200134",Área Urbanizada,Região Centro-Sul Fluminense,,,Não,Especialista de Floresta
"-43,3248","-22,8529",Mycetophylax olitor,GABI_00561290,"25,09119987",Área Urbanizada,Região Metropolitana,,,Não,Generalista
"-43,1729","-22,9068",Cephalotes angustus,GABI_00933735,"25,10580063",Área Urbanizada,Região Metropolitana,,,Não,Generalista
"-43,1729","-22,9068",Camponotus leydigi,GABI_00480528,"25,10580063",Área Urbanizada,Região Metropolitana,,,Não,Especialista de Área Aberta
"-43,2265","-22,9058",Labidus praedator,GABI_00926169,"28,57290077",Área Urbanizada,Região Metropolitana,,,Não,Especialista de Floresta
"-43,1729","-22,9068",Cephalotes minutus,GABI_00932369,"25,10580063",Área Urbanizada,Região Metropolitana,,,Não,Generalista
"-43,1729","-22,9068",Pheidole puttemansi,GABI_02369741,"25,10580063",Área Urbanizada,Região Metropolitana,,,Não,Especialista de Floresta
"-42,5","-22,1833",Procryptocerus convergens,GABI_01851149,"936,5780029",Pastagem,Região Serrana,,,Não,Especialista de Floresta
"-43,1729","-22,9068",Neoponera inversa,GABI_00498766,"25,10580063",Área Urbanizada,Região Metropolitana,,,Não,Generalista
"-43,4983","-23,0293",Pachycondyla lenis,GABI_00508386,"15,75030041",Área Urbanizada,Região Metropolitana,,,Não,Especialista de Floresta
"-43,7312","-22,5255",Nylanderia steinheili,GABI_00561274,"420,9200134",Área Urbanizada,Região Centro-Sul Fluminense,,,Não,Sem Classificação
"-41,1167","-21,9167",Sericomyrmex mayri,GABI_01737421,"3,398560047",Pastagem,Região Norte Fluminense,,,Não,Generalista
"-43,1788","-22,8972",Pseudomyrmex elongatus,GABI_00872791,"28,01619911",Área Urbanizada,Região Metropolitana,,,Não,Generalista
"-43,3246","-22,8822",Azteca lanuginosa,GABI_00529913,"42,52080154",Área Urbanizada,Região Metropolitana,,,Não,Especialista de Floresta
"-43,7247","-22,5261",Neivamyrmex modestus,GABI_01005618,"445,1040039",Formação Florestal,Região Centro-Sul Fluminense,,,Não,Sem Classificação
"-43,087","-22,8813",Pseudomyrmex schuppi,GABI_00873177,"26,49799919",Área Urbanizada,Região Metropolitana,,,Não,Especialista de Floresta
"-44,6285","-22,3698",Hypoponera iheringi,GABI_02407589,"2425,370117",Formação Campestre,Região do Médio Paraíba,,,Não,Sem Classificação
"-43,196","-22,908",Nesomyrmex echinatinodis,GABI_00926301,"7,072179794",Área Urbanizada,Região Metropolitana,,,Não,Sem Classificação
"-43,1729","-22,9068",Pheidole susannae,GABI_00258682,"25,10580063",Área Urbanizada,Região Metropolitana,,,Não,Generalista
"-43,1729","-22,9068",Neivamyrmex densepunctatus,GABI_00926957,"25,10580063",Área Urbanizada,Região Metropolitana,,,Não,Sem Classificação
"-43,2265","-22,9058",Tapinoma atriceps,GABI_00930617,"28,57290077",Área Urbanizada,Região Metropolitana,,,Não,Especialista de Floresta
"-43,6736","-22,7539",Strumigenys eggersi,GABI_00555127,"32,78150177",Pastagem,Região Metropolitana,,,Não,Generalista
"-44,5721","-22,4912",Acanthoponera mucronata,GABI_01716970,"413,302002",Área Urbanizada,Região do Médio Paraíba,,,Não,Generalista
"-43,1729","-22,9068",Sericomyrmex mayri,GABI_00929985,"25,10580063",Área Urbanizada,Região Metropolitana,,,Não,Generalista
"-43,1729","-22,9068",Neivamyrmex latiscapus,GABI_00531661,"25,10580063",Área Urbanizada,Região Metropolitana,,,Não,Sem Classificação
"-41,3267","-21,7587",Camponotus picipes spengleri,GABI_01759142,"10,04279995",Área Urbanizada,Região Norte Fluminense,,,Não,Sem Classificação
"-43,9186","-23,0689",Linepithema iniquum,GABI_00038096,"14,22210026",Mosaico de usos,Região da Costa Verde,,,Não,Generalista
"-43,7247","-22,5261",Neivamyrmex modestus,GABI_01005628,"445,1040039",Formação Florestal,Região Centro-Sul Fluminense,,,Não,Sem Classificação
"-43,2333","-22,9",Pheidole incisa,GABI_00684521,"52,23049927",Área Urbanizada,Região Metropolitana,,,Não,Sem Classificação
"-43,1729","-22,9068",Solenopsis geminata,GABI_02400336,"25,10580063",Área Urbanizada,Região Metropolitana,,,Não,Especialista de Floresta
"-42,9981","-22,4533",Brachymyrmex aphidicola,GABI_02374746,"1118,449951",Formação Florestal,Região Serrana,,,Não,Especialista de Floresta
"-43,196","-22,908",Nomamyrmex esenbeckii,GABI_00927510,"7,072179794",Área Urbanizada,Região Metropolitana,,,Não,Generalista
"-43,7247","-22,5261",Neivamyrmex modestus,GABI_01005633,"445,1040039",Formação Florestal,Região Centro-Sul Fluminense,,,Não,Sem Classificação
"-43,1729","-22,9068",Odontomachus meinerti,GABI_00561375,"25,10580063",Área Urbanizada,Região Metropolitana,,,Não,Generalista
"-43,7312","-22,5255",Neivamyrmex orthonotus,GABI_00414562,"420,9200134",Área Urbanizada,Região Centro-Sul Fluminense,,,Não,Generalista
"-44,5721","-22,4912",Neivamyrmex detectus,GABI_00518127,"413,302002",Área Urbanizada,Região do Médio Paraíba,,,Não,Sem Classificação
"-43,7312","-22,5255",Camponotus atriceps,GABI_00561255,"420,9200134",Área Urbanizada,Região Centro-Sul Fluminense,,,Não,Generalista
"-43,1729","-22,9068",Crematogaster curvispinosa,GABI_01836369,"25,10580063",Área Urbanizada,Região Metropolitana,,,Não,Generalista
"-44,5667","-22,5",Pheidole rufipilis,GABI_00683162,"419,1839905",Área Urbanizada,Região do Médio Paraíba,,,Não,Generalista
"-44,5721","-22,4912",Cephalotes pusillus,GABI_00860933,"413,302002",Área Urbanizada,Região do Médio Paraíba,,,Não,Generalista
"-43,2265","-22,9058",Camponotus caracalla,GABI_00923119,"28,57290077",Área Urbanizada,Região Metropolitana,,,Não,Especialista de Floresta
"-43,5711","-22,8955",Cephalotes pusillus,GABI_00860988,"26,07670021",Área Urbanizada,Região Metropolitana,,,Não,Generalista
"-43,2841","-22,9727",Cephalotes pusillus,GABI_00485261,"256,0669861",Área Urbanizada,Região Metropolitana,,,Não,Generalista
"-43,2333","-22,9",Linepithema neotropicum,GABI_00038547,"52,23049927",Área Urbanizada,Região Metropolitana,,,Não,Generalista
"-43,2265","-22,9058",Crematogaster evallans,GABI_00906582,"28,57290077",Área Urbanizada,Região Metropolitana,,,Não,Generalista
"-43,1729","-22,9068",Cephalotes pallidicephalus,GABI_00933775,"25,10580063",Área Urbanizada,Região Metropolitana,,,Não,Especialista de Floresta
"-43,196","-22,908",Centromyrmex brachycola,GABI_00924031,"7,072179794",Área Urbanizada,Região Metropolitana,,,Não,Generalista
"-43,0944","-22,8844",Neoponera apicalis,GABI_00684050,"22,71759987",Área Urbanizada,Região Metropolitana,,,Não,Especialista de Floresta
"-43,1729","-22,9068",Pseudomyrmex tenuis,GABI_02399408,"25,10580063",Área Urbanizada,Região Metropolitana,,,Não,Generalista
"-43,196","-22,908",Cephalotes pavonii,GABI_00928226,"7,072179794",Área Urbanizada,Região Metropolitana,,,Não,Especialista de Floresta
"-43,2265","-22,9058",Crematogaster crinosa,GABI_00924384,"28,57290077",Área Urbanizada,Região Metropolitana,,,Não,Especialista de Floresta
"-43,2265","-22,9058",Neivamyrmex swainsonii,GABI_00927289,"28,57290077",Área Urbanizada,Região Metropolitana,,,Não,Generalista
"-43,1729","-22,9068",Neivamyrmex clavifemur,GABI_00867204,"25,10580063",Área Urbanizada,Região Metropolitana,,,Não,Sem Classificação
"-43,1729","-22,9068",Strumigenys louisianae,GABI_00479518,"25,10580063",Área Urbanizada,Região Metropolitana,,,Não,Especialista de Floresta
"-43,1729","-22,9068",Octostruma rugifera,GABI_00420884,"25,10580063",Área Urbanizada,Região Metropolitana,,,Não,Especialista de Floresta
"-43,2265","-22,9058",Strumigenys saliens,GABI_00916217,"28,57290077",Área Urbanizada,Região Metropolitana,,,Não,Especialista de Floresta
"-43,7247","-22,5261",Neivamyrmex modestus,GABI_00680560,"445,1040039",Formação Florestal,Região Centro-Sul Fluminense,,,Não,Sem Classificação
"-43,7247","-22,5261",Neivamyrmex modestus,GABI_00680610,"445,1040039",Formação Florestal,Região Centro-Sul Fluminense,,,Não,Sem Classificação
"-43,1729","-22,9068",Brachymyrmex admotus,GABI_02374670,"25,10580063",Área Urbanizada,Região Metropolitana,,,Não,Generalista
"-43,1729","-22,9068",Anochetus diegensis,GABI_02373211,"25,10580063",Área Urbanizada,Região Metropolitana,,,Não,Especialista de Floresta
"-44,6285","-22,3698",Camponotus rufipes,GABI_02406900,"2425,370117",Formação Campestre,Região do Médio Paraíba,,,Não,Generalista
"-44,6285","-22,3698",Camponotus alboannulatus,GABI_02406661,"2425,370117",Formação Campestre,Região do Médio Paraíba,,,Não,Generalista
"-43,1153","-22,8859",Cephalotes membranaceus,GABI_00860791,"7,022339821",Área Urbanizada,Região Metropolitana,,,Não,Especialista de Floresta
"-43,1729","-22,9068",Cephalotes membranaceus,GABI_00932802,"25,10580063",Área Urbanizada,Região Metropolitana,,,Não,Especialista de Floresta
"-44,5721","-22,4912",Linepithema gallardoi,GABI_00874801,"413,302002",Área Urbanizada,Região do Médio Paraíba,,,Não,Especialista de Área Aberta
"-43,1729","-22,9068",Labidus coecus,GABI_00683803,"25,10580063",Área Urbanizada,Região Metropolitana,,,Não,Generalista
"-43,2265","-22,9058",Mycetarotes carinatus,GABI_00940645,"28,57290077",Área Urbanizada,Região Metropolitana,,,Não,Sem Classificação
"-43,2587","-22,9236",Linepithema neotropicum,GABI_00875336,"33,3103981",Área Urbanizada,Região Metropolitana,,,Não,Generalista
"-42,5","-22,1833",Procryptocerus convergens,GABI_01851146,"936,5780029",Pastagem,Região Serrana,,,Não,Especialista de Floresta
"-43,2265","-22,9058",Pseudomyrmex flavidulus,GABI_00929570,"28,57290077",Área Urbanizada,Região Metropolitana,,,Não,Especialista de Área Aberta
"-42,9569","-22,371",Hypoponera distinguenda histrio,GABI_00498795,"824,5689697",Formação Florestal,Região Serrana,,,Não,Especialista de Floresta
"-43,1729","-22,9068",Camponotus macrocephalus,GABI_00509311,"25,10580063",Área Urbanizada,Região Metropolitana,,,Não,Generalista
"-43,2684","-22,9027",Poneracantha mediatrix,GABI_00417967,"17,27269936",Área Urbanizada,Região Metropolitana,,,Não,Especialista de Floresta
"-43,1729","-22,9068",Strumigenys hindenburgi,GABI_00916218,"25,10580063",Área Urbanizada,Região Metropolitana,,,Não,Especialista de Floresta
"-44,6285","-22,3698",Camponotus melanoticus,GABI_02406810,"2425,370117",Formação Campestre,Região do Médio Paraíba,,,Não,Generalista
"-43,1729","-22,9068",Wasmannia auropunctata,GABI_02404622,"25,10580063",Área Urbanizada,Região Metropolitana,,,Não,Generalista
"-43,1729","-22,9068",Labidus coecus,GABI_00867036,"25,10580063",Área Urbanizada,Região Metropolitana,,,Não,Generalista
"-43,1729","-22,9068",Pheidole radoszkowskii,GABI_00499086,"25,10580063",Área Urbanizada,Região Metropolitana,,,Não,Generalista
"-44,6333","-22,3833",Camponotus nitens,GABI_00561250,"2202,649902",Formação Florestal,Região do Médio Paraíba,,,Não,Sem Classificação
"-43,1729","-22,9068",Leptogenys arcuata,GABI_02368574,"25,10580063",Área Urbanizada,Região Metropolitana,,,Não,Especialista de Floresta
"-43,1153","-22,8859",Neivamyrmex pilosus,GABI_00517990,"7,022339821",Área Urbanizada,Região Metropolitana,,,Não,Especialista de Floresta
"-44,567","-22,5",Neivamyrmex mars,GABI_00905497,"419,368988",Área Urbanizada,Região do Médio Paraíba,,,Não,Sem Classificação
"-43,1729","-22,9068",Neoponera crenata,GABI_00937630,"25,10580063",Área Urbanizada,Região Metropolitana,,,Não,Generalista
"-43,1729","-22,9068",Mycetarotes parallelus,GABI_00910224,"25,10580063",Área Urbanizada,Região Metropolitana,,,Não,Especialista de Área Aberta
"-44,5721","-22,4912",Octostruma stenognatha,GABI_00420872,"413,302002",Área Urbanizada,Região do Médio Paraíba,,,Não,Especialista de Floresta
"-43,1729","-22,9068",Neoponera luteola,GABI_00516045,"25,10580063",Área Urbanizada,Região Metropolitana,,,Não,Especialista de Floresta
"-43,1729","-22,9068",Solenopsis clytemnestra,GABI_00489360,"25,10580063",Área Urbanizada,Região Metropolitana,,,Não,Sem Classificação
"-43,3248","-22,8529",Octostruma rugifera,GABI_00561297,"25,09119987",Área Urbanizada,Região Metropolitana,,,Não,Especialista de Floresta
"-43,3306","-22,8817",Pseudomyrmex termitarius,GABI_00683497,"36,99209976",Área Urbanizada,Região Metropolitana,,,Não,Especialista de Área Aberta
"-44,5667","-22,5",Pheidole rufipilis,GABI_00683163,"419,1839905",Área Urbanizada,Região do Médio Paraíba,,,Não,Generalista
"-43,1729","-22,9068",Mycetophylax morschi,GABI_00561352,"25,10580063",Área Urbanizada,Região Metropolitana,,,Não,Especialista de Área Aberta
"-43,2265","-22,9058",Labidus coecus,GABI_00926125,"28,57290077",Área Urbanizada,Região Metropolitana,,,Não,Generalista
"-43,1729","-22,9068",Azteca muelleri,GABI_00504861,"25,10580063",Área Urbanizada,Região Metropolitana,,,Não,Especialista de Floresta
"-44,6285","-22,3698",Acanthognathus rudis,GABI_00479838,"2425,370117",Formação Campestre,Região do Médio Paraíba,,,Não,Sem Classificação
"-43,2265","-22,9058",Myrmelachista guyanensis,GABI_00926802,"28,57290077",Área Urbanizada,Região Metropolitana,,,Não,Sem Classificação
"-44,6285","-22,3698",Wasmannia affinis,GABI_02410336,"2425,370117",Formação Campestre,Região do Médio Paraíba,,,Não,Generalista
"-41,4667","-22,1",Ectatomma brunneum,GABI_00683270,"5,862100124",Pastagem,Região Norte Fluminense,,,Não,Generalista
"-43,1729","-22,9068",Ectatomma permagnum,GABI_00476048,"25,10580063",Área Urbanizada,Região Metropolitana,,,Não,Generalista
"-44,6285","-22,3698",Wasmannia affinis,GABI_02410344,"2425,370117",Formação Campestre,Região do Médio Paraíba,,,Não,Generalista
"-43,7312","-22,5255",Cephalotes pusillus,GABI_00561214,"420,9200134",Área Urbanizada,Região Centro-Sul Fluminense,,,Não,Generalista
"-43,2265","-22,9058",Solenopsis bicolor,GABI_00924021,"28,57290077",Área Urbanizada,Região Metropolitana,,,Não,Especialista de Floresta
"-43,1729","-22,9068",Pseudomyrmex tenuis,GABI_00562407,"25,10580063",Área Urbanizada,Região Metropolitana,,,Não,Generalista
"-43,7312","-22,5255",Dorymyrmex brunneus,GABI_00561236,"420,9200134",Área Urbanizada,Região Centro-Sul Fluminense,,,Não,Especialista de Área Aberta
"-43,1729","-22,9068",Fulakora armigera,GABI_00561334,"25,10580063",Área Urbanizada,Região Metropolitana,,,Não,Especialista de Floresta
"-43,2265","-22,9058",Odontomachus chelifer,GABI_00927721,"28,57290077",Área Urbanizada,Região Metropolitana,,,Não,Generalista
"-43,1729","-22,9068",Nylanderia goeldii,GABI_00949610,"25,10580063",Área Urbanizada,Região Metropolitana,,,Não,Sem Classificação
"-43,7247","-22,5261",Neivamyrmex modestus,GABI_00680567,"445,1040039",Formação Florestal,Região Centro-Sul Fluminense,,,Não,Sem Classificação
"-43,7247","-22,5261",Neivamyrmex modestus,GABI_00680557,"445,1040039",Formação Florestal,Região Centro-Sul Fluminense,,,Não,Sem Classificação
"-43,9186","-23,0689",Linepithema iniquum,GABI_00038038,"14,22210026",Mosaico de usos,Região da Costa Verde,,,Não,Generalista
"-43,196","-22,908",Pheidole obscurior,GABI_00928915,"7,072179794",Área Urbanizada,Região Metropolitana,,,Não,Especialista de Floresta
"-43,2333","-22,9",Megalomyrmex goeldii,GABI_00682899,"52,23049927",Área Urbanizada,Região Metropolitana,,,Não,Especialista de Floresta
"-44,6285","-22,3698",Acropyga goeldii,GABI_02406453,"2425,370117",Formação Campestre,Região do Médio Paraíba,,,Não,Especialista de Floresta
"-43,1729","-22,9068",Neoponera striatinodis,GABI_02389915,"25,10580063",Área Urbanizada,Região Metropolitana,,,Não,Especialista de Floresta
"-43,1729","-22,9068",Cephalotes pusillus,GABI_00561345,"25,10580063",Área Urbanizada,Região Metropolitana,,,Não,Generalista
"-44,5721","-22,4912",Nomamyrmex esenbeckii,GABI_00517479,"413,302002",Área Urbanizada,Região do Médio Paraíba,,,Não,Generalista
"-41,3267","-21,7587",Crematogaster distans,GABI_00509188,"10,04279995",Área Urbanizada,Região Norte Fluminense,,,Não,Generalista
"-43,1729","-22,9068",Cephalotes pusillus,GABI_00932048,"25,10580063",Área Urbanizada,Região Metropolitana,,,Não,Generalista
"-42,9569","-22,371",Camponotus coriolanus,GABI_00509336,"824,5689697",Formação Florestal,Região Serrana,,,Não,Sem Classificação
"-42,5","-22,1833",Procryptocerus regularis,GABI_00289352,"936,5780029",Pastagem,Região Serrana,,,Não,Especialista de Floresta
"-43,1729","-22,9068",Cephalotes minutus,GABI_00932364,"25,10580063",Área Urbanizada,Região Metropolitana,,,Não,Generalista
"-43,1729","-22,9068",Cephalotes angustus,GABI_00933732,"25,10580063",Área Urbanizada,Região Metropolitana,,,Não,Generalista
"-43,1729","-22,9068",Pseudomyrmex atripes,GABI_00562383,"25,10580063",Área Urbanizada,Região Metropolitana,,,Não,Generalista
"-43,2265","-22,9058",Pheidole auropilosa,GABI_00928501,"28,57290077",Área Urbanizada,Região Metropolitana,,,Não,Especialista de Floresta
"-43,6736","-22,7539",Labidus coecus,GABI_00555125,"32,78150177",Pastagem,Região Metropolitana,,,Não,Generalista
"-43,2265","-22,9058",Oxyepoecus rastratus,GABI_00927899,"28,57290077",Área Urbanizada,Região Metropolitana,,,Não,Especialista de Floresta
"-43,1729","-22,9068",Hypoponera schmalzi fugitans,GABI_00498796,"25,10580063",Área Urbanizada,Região Metropolitana,,,Não,Especialista de Floresta
"-43,1729","-22,9068",Pogonomyrmex naegelii,GABI_00988042,"25,10580063",Área Urbanizada,Região Metropolitana,,,Não,Especialista de Área Aberta
"-43,1729","-22,9068",Cephalotes pusillus,GABI_00932056,"25,10580063",Área Urbanizada,Região Metropolitana,,,Não,Generalista
"-44,6285","-22,3698",Wasmannia affinis,GABI_02410342,"2425,370117",Formação Campestre,Região do Médio Paraíba,,,Não,Generalista
"-44,5721","-22,4912",Neivamyrmex pilosus,GABI_00515536,"413,302002",Área Urbanizada,Região do Médio Paraíba,,,Não,Especialista de Floresta
"-43,9475","-22,9214",Mycetophylax conformis,GABI_00837524,"8,535240173",Área Urbanizada,Região da Costa Verde,,,Não,Especialista de Área Aberta
"-43,7247","-22,5261",Neivamyrmex modestus,GABI_00680581,"445,1040039",Formação Florestal,Região Centro-Sul Fluminense,,,Não,Sem Classificação
"-44,6285","-22,3698",Lachnomyrmex plaumanni,GABI_01658249,"2425,370117",Formação Campestre,Região do Médio Paraíba,,,Não,Especialista de Floresta
"-44,6285","-22,3698",Pseudomyrmex schuppi,GABI_02409721,"2425,370117",Formação Campestre,Região do Médio Paraíba,,,Não,Especialista de Floresta
"-43,1729","-22,9068",Azteca muelleri,GABI_00516373,"25,10580063",Área Urbanizada,Região Metropolitana,,,Não,Especialista de Floresta
"-42,9569","-22,371",Pheidole aper,GABI_00499104,"824,5689697",Formação Florestal,Região Serrana,,,Não,Especialista de Floresta
"-41,9593","-22,3234",Dorymyrmex pyramicus,GABI_00842947,"13,53999996",Pastagem,Região Norte Fluminense,,,Não,Generalista
"-43,2265","-22,9058",Camponotus macrocephalus,GABI_00923628,"28,57290077",Área Urbanizada,Região Metropolitana,,,Não,Generalista
"-43,1729","-22,9068",Solenopsis virulens,GABI_00562389,"25,10580063",Área Urbanizada,Região Metropolitana,,,Não,Especialista de Floresta
"-43,7247","-22,5261",Neivamyrmex modestus,GABI_00680559,"445,1040039",Formação Florestal,Região Centro-Sul Fluminense,,,Não,Sem Classificação
"-44,6285","-22,3698",Mycetomoellerius oetkeri,GABI_02408017,"2425,370117",Formação Campestre,Região do Médio Paraíba,,,Não,Especialista de Área Aberta
"-43,1729","-22,9068",Crematogaster goeldii,GABI_00487279,"25,10580063",Área Urbanizada,Região Metropolitana,,,Não,Sem Classificação
"-43,1729","-22,9068",Camponotus cingulatus,GABI_00956590,"25,10580063",Área Urbanizada,Região Metropolitana,,,Não,Generalista
"-43,196","-22,908",Cylindromyrmex brasiliensis,GABI_00924641,"7,072179794",Área Urbanizada,Região Metropolitana,,,Não,Especialista de Floresta
"-43,2265","-22,9058",Acanthoponera mucronata,GABI_00921651,"28,57290077",Área Urbanizada,Região Metropolitana,,,Não,Generalista
"-43,7247","-22,5261",Neivamyrmex modestus,GABI_01005601,"445,1040039",Formação Florestal,Região Centro-Sul Fluminense,,,Não,Sem Classificação
"-43,1729","-22,9068",Cylindromyrmex brasiliensis,GABI_00530205,"25,10580063",Área Urbanizada,Região Metropolitana,,,Não,Especialista de Floresta
"-43,1729","-22,9068",Poneracantha mediatrix,GABI_02368344,"25,10580063",Área Urbanizada,Região Metropolitana,,,Não,Especialista de Floresta
"-43,7312","-22,5255",Neivamyrmex orthonotus,GABI_00568229,"420,9200134",Área Urbanizada,Região Centro-Sul Fluminense,,,Não,Generalista
"-43,1729","-22,9068",Ectatomma opaciventre,GABI_00519252,"25,10580063",Área Urbanizada,Região Metropolitana,,,Não,Especialista de Área Aberta
"-43,1729","-22,9068",Azteca muelleri,GABI_00535882,"25,10580063",Área Urbanizada,Região Metropolitana,,,Não,Especialista de Floresta
"-43,2265","-22,9058",Myrmelachista elata,GABI_00926832,"28,57290077",Área Urbanizada,Região Metropolitana,,,Não,Sem Classificação
"-43,2265","-22,9058",Camponotus senex,GABI_00923254,"28,57290077",Área Urbanizada,Região Metropolitana,,,Não,Generalista
"-43,1729","-22,9068",Mycetarotes parallelus,GABI_00935863,"25,10580063",Área Urbanizada,Região Metropolitana,,,Não,Especialista de Área Aberta
"-42,9833","-22,4333",Megalomyrmex goeldii,GABI_00845549,"940,0949707",Mosaico de usos,Região Serrana,,,Não,Especialista de Floresta
"-43,7312","-22,5255",Pachycondyla striata,GABI_00508441,"420,9200134",Área Urbanizada,Região Centro-Sul Fluminense,,,Não,Generalista
"-44,5721","-22,4912",Neivamyrmex detectus,GABI_00519159,"413,302002",Área Urbanizada,Região do Médio Paraíba,,,Não,Sem Classificação
"-43,7312","-22,5255",Acromyrmex subterraneus,GABI_01822310,"420,9200134",Área Urbanizada,Região Centro-Sul Fluminense,,,Não,Especialista de Área Aberta
"-43,3248","-22,8529",Fulakora armigera,GABI_00561275,"25,09119987",Área Urbanizada,Região Metropolitana,,,Não,Especialista de Floresta
"-44,5721","-22,4912",Hypoponera foreli,GABI_00508532,"413,302002",Área Urbanizada,Região do Médio Paraíba,,,Não,Especialista de Floresta
"-43,087","-22,8813",Pseudomyrmex elongatus,GABI_00872742,"26,49799919",Área Urbanizada,Região Metropolitana,,,Não,Generalista
"-43,1729","-22,9068",Neoponera moesta,GABI_00938492,"25,10580063",Área Urbanizada,Região Metropolitana,,,Não,Especialista de Floresta
"-43,1729","-22,9068",Mycocepurus smithii,GABI_00935980,"25,10580063",Área Urbanizada,Região Metropolitana,,,Não,Generalista
"-43,1729","-22,9068",Holcoponera moelleri,GABI_02368362,"25,10580063",Área Urbanizada,Região Metropolitana,,,Não,Generalista
"-44,103","-22,522",Ectatomma edentatum,GABI_00631818,"383,6059875",Área Urbanizada,Região do Médio Paraíba,,,Não,Generalista
"-43,1729","-22,9068",Camponotus novogranadensis,GABI_00561341,"25,10580063",Área Urbanizada,Região Metropolitana,,,Não,Generalista
"-43,7247","-22,5261",Neivamyrmex modestus,GABI_01005660,"445,1040039",Formação Florestal,Região Centro-Sul Fluminense,,,Não,Sem Classificação
"-43,1153","-22,8859",Crematogaster distans,GABI_00201306,"7,022339821",Área Urbanizada,Região Metropolitana,,,Não,Generalista
"-42,9569","-22,371",Oxyepoecus rastratus,GABI_00499174,"824,5689697",Formação Florestal,Região Serrana,,,Não,Especialista de Floresta
"-44,103","-22,522",Hylomyrma balzani,GABI_00631825,"383,6059875",Área Urbanizada,Região do Médio Paraíba,,,Não,Especialista de Floresta
"-43,2333","-22,9",Pseudomyrmex schuppi,GABI_00684245,"52,23049927",Área Urbanizada,Região Metropolitana,,,Não,Especialista de Floresta
"-43,1729","-22,9068",Hypoponera leveillei,GABI_00524473,"25,10580063",Área Urbanizada,Região Metropolitana,,,Não,Sem Classificação
"-43,196","-22,908",Azteca lanuginosa,GABI_00922490,"7,072179794",Área Urbanizada,Região Metropolitana,,,Não,Especialista de Floresta
"-43,1729","-22,9068",Myrmelachista bettinae,GABI_00414306,"25,10580063",Área Urbanizada,Região Metropolitana,,,Não,Sem Classificação
"-43,2265","-22,9058",Brachymyrmex australis,GABI_00922747,"28,57290077",Área Urbanizada,Região Metropolitana,,,Não,Generalista
"-43,1729","-22,9068",Pheidole goeldii,GABI_01819538,"25,10580063",Área Urbanizada,Região Metropolitana,,,Não,Sem Classificação
"-43,687","-22,769",Cephalotes pusillus,GABI_00598634,"24,28890038",Pastagem,Região Metropolitana,,,Não,Generalista
"-43,1729","-22,9068",Procryptocerus convergens,GABI_00498956,"25,10580063",Área Urbanizada,Região Metropolitana,,,Não,Especialista de Floresta
"-43,1729","-22,9068",Crematogaster crinosa,GABI_01819607,"25,10580063",Área Urbanizada,Região Metropolitana,,,Não,Especialista de Floresta
"-43,1729","-22,9068",Pheidole angusta,GABI_00928495,"25,10580063",Área Urbanizada,Região Metropolitana,,,Não,Sem Classificação
"-43,7247","-22,5261",Neivamyrmex modestus,GABI_01005657,"445,1040039",Formação Florestal,Região Centro-Sul Fluminense,,,Não,Sem Classificação
"-43,3083","-22,7867",Neoponera apicalis,GABI_00683700,"26,55330086",Área Urbanizada,Região Metropolitana,,,Não,Especialista de Floresta
"-43,1729","-22,9068",Azteca muelleri,GABI_01820342,"25,10580063",Área Urbanizada,Região Metropolitana,,,Não,Especialista de Floresta
"-43,1729","-22,9068",Crematogaster evallans,GABI_01819642,"25,10580063",Área Urbanizada,Região Metropolitana,,,Não,Generalista
"-43,196","-22,908",Pseudomyrmex unicolor,GABI_00929905,"7,072179794",Área Urbanizada,Região Metropolitana,,,Não,Generalista
"-43,1729","-22,9068",Holcoponera striatula,GABI_00487699,"25,10580063",Área Urbanizada,Região Metropolitana,,,Não,Especialista de Floresta
"-43,1729","-22,9068",Megalomyrmex goeldii,GABI_00561368,"25,10580063",Área Urbanizada,Região Metropolitana,,,Não,Especialista de Floresta
"-43,1729","-22,9068",Poneracantha rastrata,GABI_00925689,"25,10580063",Área Urbanizada,Região Metropolitana,,,Não,Especialista de Floresta
"-43,1809","-22,9511",Neivamyrmex carinifrons,GABI_00518293,"19,14550018",Área Urbanizada,Região Metropolitana,,,Não,Sem Classificação
"-43,7312","-22,5255",Labidus coecus,GABI_00547059,"420,9200134",Área Urbanizada,Região Centro-Sul Fluminense,,,Não,Generalista
"-43,1729","-22,9068",Neivamyrmex orthonotus,GABI_00867442,"25,10580063",Área Urbanizada,Região Metropolitana,,,Não,Generalista
"-43,2265","-22,9058",Myrmelachista gallicola,GABI_00926842,"28,57290077",Área Urbanizada,Região Metropolitana,,,Não,Especialista de Floresta
"-43,1729","-22,9068",Pheidole midas,GABI_02393974,"25,10580063",Área Urbanizada,Região Metropolitana,,,Não,Especialista de Floresta
"-42,5341","-22,2887",Gnamptogenys mordax,GABI_00519254,"855,190979",Área Urbanizada,Região Serrana,,,Não,Especialista de Floresta
"-43,196","-22,908",Camponotus substitutus,GABI_00923933,"7,072179794",Área Urbanizada,Região Metropolitana,,,Não,Generalista
"-43,196","-22,908",Camponotus senex,GABI_00923253,"7,072179794",Área Urbanizada,Região Metropolitana,,,Não,Generalista
"-42,5","-22,1833",Procryptocerus adlerzi,GABI_00289287,"936,5780029",Pastagem,Região Serrana,,,Não,Especialista de Floresta
"-43,1729","-22,9068",Pogonomyrmex naegelii,GABI_02396136,"25,10580063",Área Urbanizada,Região Metropolitana,,,Não,Especialista de Área Aberta
"-43,196","-22,908",Megalomyrmex drifti,GABI_00926449,"7,072179794",Área Urbanizada,Região Metropolitana,,,Não,Especialista de Floresta
"-42,8796","-22,7009",Pseudomyrmex venustus,GABI_00507206,"23,6923008",Área Urbanizada,Região Metropolitana,,,Não,Generalista
"-43,2265","-22,9058",Crematogaster lutzi florida,GABI_00924530,"28,57290077",Área Urbanizada,Região Metropolitana,,,Não,Especialista de Floresta
"-43,2775","-22,8751",Sericomyrmex mayri,GABI_01737419,"23,53479958",Área Urbanizada,Região Metropolitana,,,Não,Generalista
"-43,6702","-22,4088",Acromyrmex niger,GABI_00547931,"420,0620117",Área Urbanizada,Região Centro-Sul Fluminense,,,Não,Especialista de Área Aberta
"-43,3458","-22,8844",Neivamyrmex densepunctatus,GABI_01005641,"31,31739998",Área Urbanizada,Região Metropolitana,,,Não,Sem Classificação
"-43,2265","-22,9058",Acromyrmex brunneus,GABI_00921914,"28,57290077",Área Urbanizada,Região Metropolitana,,,Não,Sem Classificação
"-43,1729","-22,9068",Atta sexdens,GABI_00548081,"25,10580063",Área Urbanizada,Região Metropolitana,,,Não,Generalista
"-43,7247","-22,5261",Neivamyrmex modestus,GABI_00680569,"445,1040039",Formação Florestal,Região Centro-Sul Fluminense,,,Não,Sem Classificação
"-43,7247","-22,5261",Neivamyrmex modestus,GABI_00680529,"445,1040039",Formação Florestal,Região Centro-Sul Fluminense,,,Não,Sem Classificação
"-44,5721","-22,4912",Cyphomyrmex bicornis,GABI_00509889,"413,302002",Área Urbanizada,Região do Médio Paraíba,,,Não,Sem Classificação
"-42,8796","-22,7009",Acanthoponera mucronata,GABI_00516638,"23,6923008",Área Urbanizada,Região Metropolitana,,,Não,Generalista
"-43,1153","-22,8859",Crematogaster distans,GABI_01658196,"7,022339821",Área Urbanizada,Região Metropolitana,,,Não,Generalista
"-43,1916","-22,9409",Pseudomyrmex termitarius,GABI_00509538,"43,22409821",Área Urbanizada,Região Metropolitana,,,Não,Especialista de Área Aberta
"-44,5721","-22,4912",Heteroponera dolo,GABI_01717369,"413,302002",Área Urbanizada,Região do Médio Paraíba,,,Não,Especialista de Floresta
"-43,1729","-22,9068",Acanthoponera mucronata,GABI_02372310,"25,10580063",Área Urbanizada,Região Metropolitana,,,Não,Generalista
"-43,1729","-22,9068",Crematogaster curvispinosa,GABI_02380163,"25,10580063",Área Urbanizada,Região Metropolitana,,,Não,Generalista
"-43,196","-22,908",Odontomachus hastatus,GABI_00927840,"7,072179794",Área Urbanizada,Região Metropolitana,,,Não,Especialista de Floresta
"-43,7247","-22,5261",Neivamyrmex modestus,GABI_01005604,"445,1040039",Formação Florestal,Região Centro-Sul Fluminense,,,Não,Sem Classificação
"-44,5721","-22,4912",Neivamyrmex densepunctatus,GABI_01005552,"413,302002",Área Urbanizada,Região do Médio Paraíba,,,Não,Sem Classificação
"-43,2265","-22,9058",Megalomyrmex drifti,GABI_00926450,"28,57290077",Área Urbanizada,Região Metropolitana,,,Não,Especialista de Floresta
"-43,1729","-22,9068",Crematogaster evallans,GABI_01836374,"25,10580063",Área Urbanizada,Região Metropolitana,,,Não,Generalista
"-43,1729","-22,9068",Crematogaster crinosa,GABI_01836366,"25,10580063",Área Urbanizada,Região Metropolitana,,,Não,Especialista de Floresta
"-43,2333","-22,9",Megalomyrmex goeldii,GABI_00683609,"52,23049927",Área Urbanizada,Região Metropolitana,,,Não,Especialista de Floresta
"-41,1167","-21,9167",Procryptocerus spiniperdus,GABI_00289458,"3,398560047",Pastagem,Região Norte Fluminense,,,Não,Generalista
"-43,196","-22,908",Procryptocerus adlerzi,GABI_00929306,"7,072179794",Área Urbanizada,Região Metropolitana,,,Não,Especialista de Floresta
"-43,1729","-22,9068",Odontomachus haematodus,GABI_00547075,"25,10580063",Área Urbanizada,Região Metropolitana,,,Não,Generalista
"-44,5721","-22,4912",Neivamyrmex clavifemur,GABI_00519171,"413,302002",Área Urbanizada,Região do Médio Paraíba,,,Não,Sem Classificação
"-43,6899","-22,9073",Pseudomyrmex gibbinotus,GABI_00509740,"7,567699909",Área Urbanizada,Região Metropolitana,,,Não,Sem Classificação
"-44,5721","-22,4912",Octostruma stenognatha,GABI_00531051,"413,302002",Área Urbanizada,Região do Médio Paraíba,,,Não,Especialista de Floresta
"-43,1729","-22,9068",Myrmelachista bettinae,GABI_00926822,"25,10580063",Área Urbanizada,Região Metropolitana,,,Não,Sem Classificação
"-43,1729","-22,9068",Cephalotes pusillus,GABI_00932050,"25,10580063",Área Urbanizada,Região Metropolitana,,,Não,Generalista
"-43,7247","-22,5261",Neivamyrmex orthonotus,GABI_00680546,"445,1040039",Formação Florestal,Região Centro-Sul Fluminense,,,Não,Generalista
"-43,7247","-22,5261",Neivamyrmex modestus,GABI_00680570,"445,1040039",Formação Florestal,Região Centro-Sul Fluminense,,,Não,Sem Classificação
"-43,1788","-22,8972",Atta robusta,GABI_00516657,"28,01619911",Área Urbanizada,Região Metropolitana,,,Não,Sem Classificação
"-44,5721","-22,4912",Megalomyrmex drifti,GABI_00845823,"413,302002",Área Urbanizada,Região do Médio Paraíba,,,Não,Especialista de Floresta
"-43,2265","-22,9058",Pseudomyrmex elongatus,GABI_00929535,"28,57290077",Área Urbanizada,Região Metropolitana,,,Não,Generalista
"-42,5341","-22,2887",Procryptocerus sulcatus,GABI_00860506,"855,190979",Área Urbanizada,Região Serrana,,,Não,Sem Classificação
"-43,1729","-22,9068",Heteroponera dolo,GABI_00507706,"25,10580063",Área Urbanizada,Região Metropolitana,,,Não,Especialista de Floresta
"-43,1322","-22,382",Acromyrmex molestans,GABI_00548066,"722,5980225",Área Urbanizada,Região Metropolitana,,,Não,Sem Classificação
"-43,2265","-22,9058",Hypoponera iheringi,GABI_00925936,"28,57290077",Área Urbanizada,Região Metropolitana,,,Não,Sem Classificação
"-43,1788","-22,8972",Atta robusta,GABI_00518829,"28,01619911",Área Urbanizada,Região Metropolitana,,,Não,Sem Classificação
"-43,2265","-22,9058",Strumigenys hindenburgi,GABI_00930495,"28,57290077",Área Urbanizada,Região Metropolitana,,,Não,Especialista de Floresta
"-43,1729","-22,9068",Pseudomyrmex cubaensis,GABI_00870866,"25,10580063",Área Urbanizada,Região Metropolitana,,,Não,Especialista de Floresta
"-43,3248","-22,8529",Pseudomyrmex phyllophilus,GABI_00509810,"25,09119987",Área Urbanizada,Região Metropolitana,,,Não,Generalista
"-43,1729","-22,9068",Holcoponera striatula,GABI_02368372,"25,10580063",Área Urbanizada,Região Metropolitana,,,Não,Especialista de Floresta
"-43,1729","-22,9068",Neoponera apicalis,GABI_00936988,"25,10580063",Área Urbanizada,Região Metropolitana,,,Não,Especialista de Floresta
"-43,2841","-22,9727",Azteca muelleri,GABI_00504862,"256,0669861",Área Urbanizada,Região Metropolitana,,,Não,Especialista de Floresta
"-44,6285","-22,3698",Wasmannia affinis,GABI_02410337,"2425,370117",Formação Campestre,Região do Médio Paraíba,,,Não,Generalista
"-43,1729","-22,9068",Pachycondyla striata,GABI_00938926,"25,10580063",Área Urbanizada,Região Metropolitana,,,Não,Generalista
"-43,196","-22,908",Nesomyrmex schwebeli,GABI_00926325,"7,072179794",Área Urbanizada,Região Metropolitana,,,Não,Especialista de Floresta
"-43,196","-22,908",Eurhopalothrix pilulifera,GABI_00925368,"7,072179794",Área Urbanizada,Região Metropolitana,,,Não,Sem Classificação
"-44,6285","-22,3698",Holcoponera striatula,GABI_02407540,"2425,370117",Formação Campestre,Região do Médio Paraíba,,,Não,Especialista de Floresta
"-43,1729","-22,9068",Pheidole punctithorax,GABI_02369737,"25,10580063",Área Urbanizada,Região Metropolitana,,,Não,Sem Classificação
"-43,1729","-22,9068",Linepithema neotropicum,GABI_02368639,"25,10580063",Área Urbanizada,Região Metropolitana,,,Não,Generalista
"-42,5243","-22,1612",Brachymyrmex brasiliensis,GABI_01758756,"1092,420044",Formação Florestal,Região Serrana,,,Não,Generalista
"-43,1729","-22,9068",Pogonomyrmex naegelii,GABI_01672421,"25,10580063",Área Urbanizada,Região Metropolitana,,,Não,Especialista de Área Aberta
"-43,1729","-22,9068",Ectatomma brunneum,GABI_02367960,"25,10580063",Área Urbanizada,Região Metropolitana,,,Não,Generalista
"-43,1729","-22,9068",Camponotus vittatus,GABI_00949017,"25,10580063",Área Urbanizada,Região Metropolitana,,,Não,Generalista
"-43,1729","-22,9068",Acromyrmex coronatus,GABI_00487161,"25,10580063",Área Urbanizada,Região Metropolitana,,,Não,Especialista de Floresta
"-43,2265","-22,9058",Procryptocerus marginatus,GABI_00929359,"28,57290077",Área Urbanizada,Região Metropolitana,,,Não,Sem Classificação
"-43,1729","-22,9068",Crematogaster montezumia,GABI_00509160,"25,10580063",Área Urbanizada,Região Metropolitana,,,Não,Especialista de Floresta
"-43,1729","-22,9068",Labidus coecus,GABI_00683815,"25,10580063",Área Urbanizada,Região Metropolitana,,,Não,Generalista
"-43,7247","-22,5261",Neivamyrmex modestus,GABI_00680613,"445,1040039",Formação Florestal,Região Centro-Sul Fluminense,,,Não,Sem Classificação
"-44,5721","-22,4912",Neivamyrmex mars,GABI_01005743,"413,302002",Área Urbanizada,Região do Médio Paraíba,,,Não,Sem Classificação
"-43,1729","-22,9068",Pachycondyla striata,GABI_00938921,"25,10580063",Área Urbanizada,Região Metropolitana,,,Não,Generalista
"-43,1729","-22,9068",Mycetophylax conformis,GABI_00562397,"25,10580063",Área Urbanizada,Região Metropolitana,,,Não,Especialista de Área Aberta
"-43,3248","-22,8529",Basiceros disciger,GABI_00561282,"25,09119987",Área Urbanizada,Região Metropolitana,,,Não,Especialista de Floresta
"-43,1729","-22,9068",Nomamyrmex hartigii,GABI_00517527,"25,10580063",Área Urbanizada,Região Metropolitana,,,Não,Generalista
"-43,1729","-22,9068",Eciton burchellii,GABI_00866735,"25,10580063",Área Urbanizada,Região Metropolitana,,,Não,Generalista
"-43,1729","-22,9068",Pseudomyrmex schuppi,GABI_02370276,"25,10580063",Área Urbanizada,Região Metropolitana,,,Não,Especialista de Floresta
"-44,6285","-22,3698",Camponotus crassus,GABI_02406745,"2425,370117",Formação Campestre,Região do Médio Paraíba,,,Não,Generalista
"-43,196","-22,908",Dolichoderus lobicornis,GABI_00939772,"7,072179794",Área Urbanizada,Região Metropolitana,,,Não,Especialista de Área Aberta
"-43,385","-22,8565",Rogeria subarmata,GABI_00389721,"24,57579994",Área Urbanizada,Região Metropolitana,,,Não,Especialista de Floresta
"-44,6285","-22,3698",Linepithema neotropicum,GABI_02407877,"2425,370117",Formação Campestre,Região do Médio Paraíba,,,Não,Generalista
"-44,787","-23,299",Lachnomyrmex plaumanni,GABI_00948141,"1148,72998",Formação Florestal,,,,Não,Especialista de Floresta
"-43,1729","-22,9068",Pheidole pubiventris,GABI_00684200,"25,10580063",Área Urbanizada,Região Metropolitana,,,Não,Especialista de Floresta
"-43,2333","-22,9",Pheidole susannae,GABI_00684201,"52,23049927",Área Urbanizada,Região Metropolitana,,,Não,Generalista
"-43,1729","-22,9068",Camponotus leydigi,GABI_00562405,"25,10580063",Área Urbanizada,Região Metropolitana,,,Não,Especialista de Área Aberta
"-43,1729","-22,9068",Camponotus sericeiventris,GABI_00503481,"25,10580063",Área Urbanizada,Região Metropolitana,,,Não,Generalista
"-43,1729","-22,9068",Dolichoderus lamellosus,GABI_00507477,"25,10580063",Área Urbanizada,Região Metropolitana,,,Não,Generalista
"-43,1729","-22,9068",Cephalotes goeldii,GABI_00498955,"25,10580063",Área Urbanizada,Região Metropolitana,,,Não,Especialista de Floresta
"-43,3458","-22,8844",Neivamyrmex densepunctatus,GABI_00680597,"31,31739998",Área Urbanizada,Região Metropolitana,,,Não,Sem Classificação
"-43,1729","-22,9068",Solenopsis patagonica,GABI_01819818,"25,10580063",Área Urbanizada,Região Metropolitana,,,Não,Sem Classificação
"-43,2285","-22,976",Acromyrmex brunneus,GABI_00548060,"15,58030033",Área Urbanizada,Região Metropolitana,,,Não,Sem Classificação
"-43,1729","-22,9068",Acromyrmex coronatus globoculis,GABI_00480930,"25,10580063",Área Urbanizada,Região Metropolitana,,,Não,Especialista de Floresta
"-43,1729","-22,9068",Gnamptogenys annulata,GABI_02432734,"25,10580063",Área Urbanizada,Região Metropolitana,,,Não,Especialista de Floresta
"-41,3","-21,75",Crematogaster crinosa,GABI_00683944,"10,75629997",Área Urbanizada,Região Norte Fluminense,,,Não,Especialista de Floresta
"-43,2265","-22,9058",Mycetophylax strigatus,GABI_00924781,"28,57290077",Área Urbanizada,Região Metropolitana,,,Não,Especialista de Área Aberta
"-43,1729","-22,9068",Camponotus sericeiventris,GABI_02367403,"25,10580063",Área Urbanizada,Região Metropolitana,,,Não,Generalista
"-43,2775","-22,8751",Sericomyrmex mayri,GABI_01862734,"23,53479958",Área Urbanizada,Região Metropolitana,,,Não,Generalista
"-43,196","-22,908",Dorymyrmex pyramicus garbei,GABI_00924182,"7,072179794",Área Urbanizada,Região Metropolitana,,,Não,Generalista
"-44,5721","-22,4912",Gnamptogenys continua,GABI_00847275,"413,302002",Área Urbanizada,Região do Médio Paraíba,,,Não,Especialista de Floresta
"-43,1729","-22,9068",Neoponera villosa,GABI_00514389,"25,10580063",Área Urbanizada,Região Metropolitana,,,Não,Generalista
"-43,1729","-22,9068",Neivamyrmex legionis,GABI_00515818,"25,10580063",Área Urbanizada,Região Metropolitana,,,Não,Especialista de Floresta
"-43,196","-22,908",Odontomachus haematodus,GABI_00927829,"7,072179794",Área Urbanizada,Região Metropolitana,,,Não,Generalista
"-42,9569","-22,371",Azteca muelleri,GABI_01820345,"824,5689697",Formação Florestal,Região Serrana,,,Não,Especialista de Floresta
"-43,1729","-22,9068",Camponotus pallescens,GABI_00498637,"25,10580063",Área Urbanizada,Região Metropolitana,,,Não,Generalista
"-43,2228","-22,9642",Cephalotes atratus,GABI_00860696,"27,74830055",Área Urbanizada,Região Metropolitana,,,Não,Generalista
"-44,5721","-22,4912",Labidus praedator,GABI_00517418,"413,302002",Área Urbanizada,Região do Médio Paraíba,,,Não,Especialista de Floresta
"-43,1729","-22,9068",Hypoponera distinguenda histrio,GABI_00925889,"25,10580063",Área Urbanizada,Região Metropolitana,,,Não,Especialista de Floresta
"-43,1729","-22,9068",Cephalotes pavonii,GABI_00950328,"25,10580063",Área Urbanizada,Região Metropolitana,,,Não,Especialista de Floresta
"-43,1729","-22,9068",Cephalotes angustus,GABI_00933734,"25,10580063",Área Urbanizada,Região Metropolitana,,,Não,Generalista
"-43,7312","-22,5255",Pseudomyrmex schuppi,GABI_00509708,"420,9200134",Área Urbanizada,Região Centro-Sul Fluminense,,,Não,Especialista de Floresta
"-43,1729","-22,9068",Eurhopalothrix pilulifera,GABI_00420904,"25,10580063",Área Urbanizada,Região Metropolitana,,,Não,Sem Classificação
"-43,196","-22,908",Pseudomyrmex maculatus,GABI_00929704,"7,072179794",Área Urbanizada,Região Metropolitana,,,Não,Generalista
"-43,196","-22,908",Hylomyrma reitteri,GABI_00925761,"7,072179794",Área Urbanizada,Região Metropolitana,,,Não,Especialista de Floresta
"-43,7247","-22,5261",Neivamyrmex modestus,GABI_00680561,"445,1040039",Formação Florestal,Região Centro-Sul Fluminense,,,Não,Sem Classificação
"-43,1729","-22,9068",Pseudomyrmex schuppi,GABI_02399144,"25,10580063",Área Urbanizada,Região Metropolitana,,,Não,Especialista de Floresta
"-43,196","-22,908",Pheidole puttemansi,GABI_00928700,"7,072179794",Área Urbanizada,Região Metropolitana,,,Não,Especialista de Floresta
"-43,1729","-22,9068",Labidus coecus,GABI_00682705,"25,10580063",Área Urbanizada,Região Metropolitana,,,Não,Generalista
"-43,2265","-22,9058",Pheidole strobeli,GABI_00928896,"28,57290077",Área Urbanizada,Região Metropolitana,,,Não,Especialista de Floresta
"-43,4485","-22,8477",Strumigenys louisianae,GABI_02074537,"29,95289993",Campo Alagado e Área Pantanosa,Região Metropolitana,,,Não,Especialista de Floresta
"-43,1729","-22,9068",Pheidole radoszkowskii,GABI_01819425,"25,10580063",Área Urbanizada,Região Metropolitana,,,Não,Generalista
"-43,2333","-22,9",Megalomyrmex goeldii,GABI_00683605,"52,23049927",Área Urbanizada,Região Metropolitana,,,Não,Especialista de Floresta
"-43,196","-22,908",Labidus coecus,GABI_00926126,"7,072179794",Área Urbanizada,Região Metropolitana,,,Não,Generalista
"-43,1729","-22,9068",Lachnomyrmex plaumanni,GABI_00948100,"25,10580063",Área Urbanizada,Região Metropolitana,,,Não,Especialista de Floresta
"-44,6285","-22,3698",Wadeura holmgreni,GABI_02407185,"2425,370117",Formação Campestre,Região do Médio Paraíba,,,Não,Especialista de Floresta
"-43,1729","-22,9068",Pheidole strobeli,GABI_00682690,"25,10580063",Área Urbanizada,Região Metropolitana,,,Não,Especialista de Floresta
"-43,2265","-22,9058",Ectatomma tuberculatum,GABI_00925290,"28,57290077",Área Urbanizada,Região Metropolitana,,,Não,Generalista
"-43,1729","-22,9068",Cyphomyrmex transversus,GABI_02367834,"25,10580063",Área Urbanizada,Região Metropolitana,,,Não,Generalista
"-44,5721","-22,4912",Eciton vagans dispar,GABI_00568130,"413,302002",Área Urbanizada,Região do Médio Paraíba,,,Não,Generalista
"-43,7247","-22,5261",Neivamyrmex orthonotus,GABI_00680547,"445,1040039",Formação Florestal,Região Centro-Sul Fluminense,,,Não,Generalista
"-43,7247","-22,5261",Neivamyrmex modestus,GABI_00680577,"445,1040039",Formação Florestal,Região Centro-Sul Fluminense,,,Não,Sem Classificação
"-43,2265","-22,9058",Neoponera unidentata,GABI_00927449,"28,57290077",Área Urbanizada,Região Metropolitana,,,Não,Especialista de Floresta
"-44,5721","-22,4912",Acromyrmex disciger,GABI_00547780,"413,302002",Área Urbanizada,Região do Médio Paraíba,,,Não,Especialista de Área Aberta
"-44,6285","-22,3698",Poneracantha rastrata,GABI_02407531,"2425,370117",Formação Campestre,Região do Médio Paraíba,,,Não,Especialista de Floresta
"-43,1153","-22,8859",Crematogaster distans,GABI_00201302,"7,022339821",Área Urbanizada,Região Metropolitana,,,Não,Generalista
"-43,1729","-22,9068",Pachycondyla striata,GABI_02369321,"25,10580063",Área Urbanizada,Região Metropolitana,,,Não,Generalista
"-43,1729","-22,9068",Cephalotes atratus,GABI_00931480,"25,10580063",Área Urbanizada,Região Metropolitana,,,Não,Generalista
"-43,7312","-22,5255",Neivamyrmex orthonotus,GABI_02143093,"420,9200134",Área Urbanizada,Região Centro-Sul Fluminense,,,Não,Generalista
"-43,2265","-22,9058",Procryptocerus montanus,GABI_00929363,"28,57290077",Área Urbanizada,Região Metropolitana,,,Não,Especialista de Área Aberta
"-43,1729","-22,9068",Pheidole bambusarum,GABI_00499098,"25,10580063",Área Urbanizada,Região Metropolitana,,,Não,Especialista de Floresta
"-43,1729","-22,9068",Apterostigma pilosum,GABI_01824487,"25,10580063",Área Urbanizada,Região Metropolitana,,,Não,Generalista
"-43,2265","-22,9058",Typhlomyrmex major,GABI_00930923,"28,57290077",Área Urbanizada,Região Metropolitana,,,Não,Especialista de Floresta
"-43,1729","-22,9068",Pheidole goeldii,GABI_01819537,"25,10580063",Área Urbanizada,Região Metropolitana,,,Não,Sem Classificação
"-43,7312","-22,5255",Ectatomma permagnum,GABI_00547066,"420,9200134",Área Urbanizada,Região Centro-Sul Fluminense,,,Não,Generalista
"-43,2265","-22,9058",Cephalotes atratus,GABI_00924059,"28,57290077",Área Urbanizada,Região Metropolitana,,,Não,Generalista
"-43,7312","-22,5255",Camponotus sexguttatus,GABI_00561260,"420,9200134",Área Urbanizada,Região Centro-Sul Fluminense,,,Não,Especialista de Área Aberta
"-43,687","-22,769",Atta sexdens,GABI_00598632,"24,28890038",Pastagem,Região Metropolitana,,,Não,Generalista
"-43,1729","-22,9068",Pheidole gertrudae,GABI_00515520,"25,10580063",Área Urbanizada,Região Metropolitana,,,Não,Generalista
"-43,1333","-22,3833",Solenopsis metallica,GABI_01907328,"705,8640137",Área Urbanizada,Região Metropolitana,,,Não,Sem Classificação
"-41,1167","-21,9167",Sericomyrmex mayri,GABI_01862736,"3,398560047",Pastagem,Região Norte Fluminense,,,Não,Generalista
"-43,2265","-22,9058",Crematogaster nigropilosa,GABI_00924536,"28,57290077",Área Urbanizada,Região Metropolitana,,,Não,Generalista
"-43,1729","-22,9068",Ectatomma edentatum,GABI_02367965,"25,10580063",Área Urbanizada,Região Metropolitana,,,Não,Generalista
"-43,2265","-22,9058",Procryptocerus regularis,GABI_00929374,"28,57290077",Área Urbanizada,Região Metropolitana,,,Não,Especialista de Floresta
"-43,1729","-22,9068",Pheidole gibba,GABI_00928778,"25,10580063",Área Urbanizada,Região Metropolitana,,,Não,Especialista de Floresta
"-43,3248","-22,8529",Rogeria subarmata,GABI_00561298,"25,09119987",Área Urbanizada,Região Metropolitana,,,Não,Especialista de Floresta
"-44,6285","-22,3698",Camponotus alboannulatus,GABI_02406664,"2425,370117",Formação Campestre,Região do Médio Paraíba,,,Não,Generalista
"-44,6386","-22,4116",Alfaria piei,GABI_02384672,"1983,97998",Formação Florestal,Região do Médio Paraíba,,,Não,Sem Classificação
"-44,6285","-22,3698",Linepithema gallardoi,GABI_02407816,"2425,370117",Formação Campestre,Região do Médio Paraíba,,,Não,Especialista de Área Aberta
"-44,6285","-22,3698",Camponotus melanoticus,GABI_02406817,"2425,370117",Formação Campestre,Região do Médio Paraíba,,,Não,Generalista
"-43,1729","-22,9068",Pheidole radoszkowskii,GABI_00928969,"25,10580063",Área Urbanizada,Região Metropolitana,,,Não,Generalista
"-43,1729","-22,9068",Odontomachus hastatus,GABI_00562380,"25,10580063",Área Urbanizada,Região Metropolitana,,,Não,Especialista de Floresta
"-43,0153","-22,6556",Pheidole laevifrons,GABI_00682735,"7,851860046",Mosaico de usos,Região Metropolitana,,,Não,Especialista de Floresta
"-43,7247","-22,5261",Neivamyrmex modestus,GABI_00680589,"445,1040039",Formação Florestal,Região Centro-Sul Fluminense,,,Não,Sem Classificação
"-43,7247","-22,5261",Neivamyrmex modestus,GABI_01005654,"445,1040039",Formação Florestal,Região Centro-Sul Fluminense,,,Não,Sem Classificação
"-43,7247","-22,5261",Neivamyrmex orthonotus,GABI_00680543,"445,1040039",Formação Florestal,Região Centro-Sul Fluminense,,,Não,Generalista
"-43,3458","-22,8844",Neivamyrmex densepunctatus,GABI_01005638,"31,31739998",Área Urbanizada,Região Metropolitana,,,Não,Sem Classificação
"-44,6285","-22,3698",Pheidole alpinensis,GABI_02408970,"2425,370117",Formação Campestre,Região do Médio Paraíba,,,Não,Especialista de Floresta
"-44,6285","-22,3698",Pheidole alpinensis,GABI_02408969,"2425,370117",Formação Campestre,Região do Médio Paraíba,,,Não,Especialista de Floresta
"-43,2333","-22,9",Linepithema humile,GABI_00037964,"52,23049927",Área Urbanizada,Região Metropolitana,,,Não,Especialista de Área Aberta
"-43,2265","-22,9058",Ectatomma brunneum,GABI_00925247,"28,57290077",Área Urbanizada,Região Metropolitana,,,Não,Generalista
"-44,5721","-22,4912",Neivamyrmex mars,GABI_00568152,"413,302002",Área Urbanizada,Região do Médio Paraíba,,,Não,Sem Classificação
"-43,1729","-22,9068",Crematogaster nigropilosa,GABI_00561349,"25,10580063",Área Urbanizada,Região Metropolitana,,,Não,Generalista
"-43,241","-22,9326",Pheidole tristis,GABI_00419204,"33,86259842",Área Urbanizada,Região Metropolitana,,,Não,Especialista de Floresta
"-43,2265","-22,9058",Mycetarotes parallelus,GABI_00904650,"28,57290077",Área Urbanizada,Região Metropolitana,,,Não,Especialista de Área Aberta
"-43,1729","-22,9068",Camponotus cingulatus,GABI_00561338,"25,10580063",Área Urbanizada,Região Metropolitana,,,Não,Generalista
"-43,7312","-22,5255",Camponotus rufipes,GABI_00561257,"420,9200134",Área Urbanizada,Região Centro-Sul Fluminense,,,Não,Generalista
"-43,196","-22,908",Pseudomyrmex tenuis,GABI_00929842,"7,072179794",Área Urbanizada,Região Metropolitana,,,Não,Generalista
"-43,1729","-22,9068",Neoponera unidentata,GABI_02389940,"25,10580063",Área Urbanizada,Região Metropolitana,,,Não,Especialista de Floresta
"-43,0153","-22,6556",Pheidole laevifrons,GABI_00682736,"7,851860046",Mosaico de usos,Região Metropolitana,,,Não,Especialista de Floresta
"-43,1729","-22,9068",Azteca muelleri,GABI_01820343,"25,10580063",Área Urbanizada,Região Metropolitana,,,Não,Especialista de Floresta
"-42,9569","-22,371",Acanthoponera mucronata,GABI_01716976,"824,5689697",Formação Florestal,Região Serrana,,,Não,Generalista
"-43,7312","-22,5255",Myrmicocrypta squamosa,GABI_00561215,"420,9200134",Área Urbanizada,Região Centro-Sul Fluminense,,,Não,Generalista
"-43,1729","-22,9068",Sericomyrmex mayri,GABI_01822349,"25,10580063",Área Urbanizada,Região Metropolitana,,,Não,Generalista
"-43,1729","-22,9068",Pseudomyrmex tenuis,GABI_00509644,"25,10580063",Área Urbanizada,Região Metropolitana,,,Não,Generalista
"-41,1167","-21,9167",Atta robusta,GABI_01988911,"3,398560047",Pastagem,Região Norte Fluminense,,,Não,Sem Classificação
"-43,2265","-22,9058",Cephalotes pallidicephalus,GABI_00928309,"28,57290077",Área Urbanizada,Região Metropolitana,,,Não,Especialista de Floresta
"-43,1729","-22,9068",Cephalotes pallidicephalus,GABI_00529291,"25,10580063",Área Urbanizada,Região Metropolitana,,,Não,Especialista de Floresta
"-44,5721","-22,4912",Neivamyrmex densepunctatus,GABI_01005555,"413,302002",Área Urbanizada,Região do Médio Paraíba,,,Não,Sem Classificação
"-43,7312","-22,5255",Nomamyrmex esenbeckii,GABI_00547060,"420,9200134",Área Urbanizada,Região Centro-Sul Fluminense,,,Não,Generalista
"-43,1729","-22,9068",Neivamyrmex piraticus,GABI_00518409,"25,10580063",Área Urbanizada,Região Metropolitana,,,Não,Sem Classificação
"-43,0153","-22,6556",Pseudomyrmex acanthobius,GABI_00684131,"7,851860046",Mosaico de usos,Região Metropolitana,,,Não,Especialista de Área Aberta
"-43,1729","-22,9068",Wasmannia rochai,GABI_02399037,"25,10580063",Área Urbanizada,Região Metropolitana,,,Não,Especialista de Floresta
"-43,1729","-22,9068",Pheidole diligens,GABI_02403615,"25,10580063",Área Urbanizada,Região Metropolitana,,,Não,Generalista
"-43,1729","-22,9068",Hypoponera trigona,GABI_00684217,"25,10580063",Área Urbanizada,Região Metropolitana,,,Não,Especialista de Floresta
"-43,1729","-22,9068",Dolichoderus lutosus,GABI_02367905,"25,10580063",Área Urbanizada,Região Metropolitana,,,Não,Generalista
"-43,2034","-22,9426",Neoponera agilis,GABI_00509488,"174,4219971",Área Urbanizada,Região Metropolitana,,,Não,Sem Classificação
"-43,1729","-22,9068",Neivamyrmex swainsonii,GABI_00867667,"25,10580063",Área Urbanizada,Região Metropolitana,,,Não,Generalista
"-44,5721","-22,4912",Camponotus punctulatus,GABI_00561253,"413,302002",Área Urbanizada,Região do Médio Paraíba,,,Não,Generalista
"-43,3991","-22,7631",Sericomyrmex mayri,GABI_01737417,"48,8125",Área Urbanizada,Região Metropolitana,,,Não,Generalista
"-43,1729","-22,9068",Cephalotes pusillus,GABI_00932049,"25,10580063",Área Urbanizada,Região Metropolitana,,,Não,Generalista
"-43,1729","-22,9068",Cephalotes notatus,GABI_00933787,"25,10580063",Área Urbanizada,Região Metropolitana,,,Não,Generalista
"-43,7247","-22,5261",Neivamyrmex modestus,GABI_00680592,"445,1040039",Formação Florestal,Região Centro-Sul Fluminense,,,Não,Sem Classificação
"-43,4167","-22,9167",Sericomyrmex mayri,GABI_01737415,"83,70010376",Formação Florestal,Região Metropolitana,,,Não,Generalista
"-43,1729","-22,9068",Cephalotes pusillus,GABI_00932052,"25,10580063",Área Urbanizada,Região Metropolitana,,,Não,Generalista
"-43,7247","-22,5261",Neivamyrmex modestus,GABI_00680524,"445,1040039",Formação Florestal,Região Centro-Sul Fluminense,,,Não,Sem Classificação
"-44,5667","-22,5",Procryptocerus lepidus,GABI_00289323,"419,1839905",Área Urbanizada,Região do Médio Paraíba,,,Não,Especialista de Área Aberta
"-43,3458","-22,8844",Neivamyrmex densepunctatus,GABI_00680605,"31,31739998",Área Urbanizada,Região Metropolitana,,,Não,Sem Classificação
"-43,196","-22,908",Linepithema micans,GABI_00926060,"7,072179794",Área Urbanizada,Região Metropolitana,,,Não,Generalista
"-43,7167","-22,5264",Acromyrmex niger,GABI_00547930,"429,006012",Área Urbanizada,Região Centro-Sul Fluminense,,,Não,Especialista de Área Aberta
"-43,1729","-22,9068",Odontomachus haematodus,GABI_00684414,"25,10580063",Área Urbanizada,Região Metropolitana,,,Não,Generalista
"-43,1729","-22,9068",Neivamyrmex mars,GABI_00562365,"25,10580063",Área Urbanizada,Região Metropolitana,,,Não,Sem Classificação
"-43,2775","-22,8751",Sericomyrmex mayri,GABI_01737418,"23,53479958",Área Urbanizada,Região Metropolitana,,,Não,Generalista
"-42,0386","-22,6849",Pheidole cordiceps,GABI_00682615,"7,573289871",Pastagem,Região das Baixadas Litorâneas,,,Não,Sem Classificação
"-44,5721","-22,4912",Pheidole fabricator,GABI_00547086,"413,302002",Área Urbanizada,Região do Médio Paraíba,,,Não,Especialista de Floresta
"-42,8796","-22,7009",Acanthoponera mucronata,GABI_01716973,"23,6923008",Área Urbanizada,Região Metropolitana,,,Não,Generalista
"-43,1729","-22,9068",Pheidole puttemansi,GABI_00499073,"25,10580063",Área Urbanizada,Região Metropolitana,,,Não,Especialista de Floresta
"-43,1729","-22,9068",Megalomyrmex goeldii,GABI_02368670,"25,10580063",Área Urbanizada,Região Metropolitana,,,Não,Especialista de Floresta
"-43,1729","-22,9068",Eciton quadriglume,GABI_00866928,"25,10580063",Área Urbanizada,Região Metropolitana,,,Não,Especialista de Floresta
"-43,1729","-22,9068",Eciton burchellii,GABI_00516575,"25,10580063",Área Urbanizada,Região Metropolitana,,,Não,Generalista
"-43,1729","-22,9068",Megalomyrmex drifti,GABI_00561367,"25,10580063",Área Urbanizada,Região Metropolitana,,,Não,Especialista de Floresta
"-43,1729","-22,9068",Dinoponera quadriceps,GABI_00485289,"25,10580063",Área Urbanizada,Região Metropolitana,,,Não,Especialista de Área Aberta
"-43,1729","-22,9068",Pseudoponera gilberti,GABI_00937833,"25,10580063",Área Urbanizada,Região Metropolitana,,,Não,Especialista de Floresta
"-44,567","-22,5",Neivamyrmex densepunctatus,GABI_00935163,"419,368988",Área Urbanizada,Região do Médio Paraíba,,,Não,Sem Classificação
"-43,196","-22,908",Neoponera crenata,GABI_00927356,"7,072179794",Área Urbanizada,Região Metropolitana,,,Não,Generalista
"-43,1729","-22,9068",Azteca muelleri,GABI_00836851,"25,10580063",Área Urbanizada,Região Metropolitana,,,Não,Especialista de Floresta
"-43,1729","-22,9068",Pheidole puttemansi,GABI_01819442,"25,10580063",Área Urbanizada,Região Metropolitana,,,Não,Especialista de Floresta
"-43,2265","-22,9058",Acromyrmex subterraneus,GABI_00921898,"28,57290077",Área Urbanizada,Região Metropolitana,,,Não,Especialista de Área Aberta
"-43,3248","-22,8529",Linepithema neotropicum,GABI_00875330,"25,09119987",Área Urbanizada,Região Metropolitana,,,Não,Generalista
"-43,9186","-23,0689",Linepithema gallardoi,GABI_00874800,"14,22210026",Mosaico de usos,Região da Costa Verde,,,Não,Especialista de Área Aberta
"-43,7247","-22,5261",Neivamyrmex modestus,GABI_01005607,"445,1040039",Formação Florestal,Região Centro-Sul Fluminense,,,Não,Sem Classificação
"-42,6076","-21,9315",Neoponera unidentata,GABI_02143550,"344,5020142",Área Urbanizada,Região Serrana,,,Não,Especialista de Floresta
"-43,3458","-22,8844",Neivamyrmex densepunctatus,GABI_00680595,"31,31739998",Área Urbanizada,Região Metropolitana,,,Não,Sem Classificação
"-43,7247","-22,5261",Neivamyrmex modestus,GABI_01005626,"445,1040039",Formação Florestal,Região Centro-Sul Fluminense,,,Não,Sem Classificação
"-43,1788","-22,8972",Neivamyrmex clavifemur,GABI_00568168,"28,01619911",Área Urbanizada,Região Metropolitana,,,Não,Sem Classificação
"-43,1729","-22,9068",Crematogaster montezumia,GABI_00561348,"25,10580063",Área Urbanizada,Região Metropolitana,,,Não,Especialista de Floresta
"-43,1729","-22,9068",Nylanderia fulva,GABI_00935771,"25,10580063",Área Urbanizada,Região Metropolitana,,,Não,Especialista de Área Aberta
"-43,1729","-22,9068",Neoponera crenata,GABI_00937626,"25,10580063",Área Urbanizada,Região Metropolitana,,,Não,Generalista
"-43,1729","-22,9068",Octostruma iheringi,GABI_00420847,"25,10580063",Área Urbanizada,Região Metropolitana,,,Não,Especialista de Floresta
"-42,8796","-22,7009",Cephalotes atratus,GABI_00860699,"23,6923008",Área Urbanizada,Região Metropolitana,,,Não,Generalista
"-43,2265","-22,9058",Camponotus arboreus,GABI_00923066,"28,57290077",Área Urbanizada,Região Metropolitana,,,Não,Especialista de Área Aberta
"-44,6285","-22,3698",Pheidole rosae,GABI_02409510,"2425,370117",Formação Campestre,Região do Médio Paraíba,,,Não,Especialista de Floresta
"-43,2333","-22,9",Pheidole tristis,GABI_00684466,"52,23049927",Área Urbanizada,Região Metropolitana,,,Não,Especialista de Floresta
"-43,7247","-22,5261",Neivamyrmex modestus,GABI_01005650,"445,1040039",Formação Florestal,Região Centro-Sul Fluminense,,,Não,Sem Classificação
"-43,3458","-22,8844",Neivamyrmex densepunctatus,GABI_01005645,"31,31739998",Área Urbanizada,Região Metropolitana,,,Não,Sem Classificação
"-43,2007","-22,9134",Labidus praedator,GABI_00517398,"10,91819954",Área Urbanizada,Região Metropolitana,,,Não,Especialista de Floresta
"-43,1729","-22,9068",Strumigenys saliens,GABI_00479385,"25,10580063",Área Urbanizada,Região Metropolitana,,,Não,Especialista de Floresta
"-43,1729","-22,9068",Pseudomyrmex phyllophilus,GABI_00608422,"25,10580063",Área Urbanizada,Região Metropolitana,,,Não,Generalista
"-43,3629","-22,9827",Neoponera agilis,GABI_00473697,"15,70240021",Área Urbanizada,Região Metropolitana,,,Não,Sem Classificação
"-43,2265","-22,9058",Neoponera unidentata,GABI_00939228,"28,57290077",Área Urbanizada,Região Metropolitana,,,Não,Especialista de Floresta
"-43,1729","-22,9068",Neivamyrmex punctaticeps,GABI_00531644,"25,10580063",Área Urbanizada,Região Metropolitana,,,Não,Generalista
"-43,3991","-22,7631",Sericomyrmex mayri,GABI_01862733,"48,8125",Área Urbanizada,Região Metropolitana,,,Não,Generalista
"-43,1729","-22,9068",Hypoponera leveillei,GABI_00938370,"25,10580063",Área Urbanizada,Região Metropolitana,,,Não,Sem Classificação
"-43,1729","-22,9068",Camponotus vittatus,GABI_00949018,"25,10580063",Área Urbanizada,Região Metropolitana,,,Não,Generalista
"-42,9569","-22,371",Camponotus coriolanus,GABI_00498694,"824,5689697",Formação Florestal,Região Serrana,,,Não,Sem Classificação
"-44,5667","-22,5",Pheidole rufipilis,GABI_00683165,"419,1839905",Área Urbanizada,Região do Médio Paraíba,,,Não,Generalista
"-44,5667","-22,5",Linepithema micans,GABI_00038342,"419,1839905",Área Urbanizada,Região do Médio Paraíba,,,Não,Generalista
"-43,241","-22,9326",Acromyrmex niger,GABI_00547935,"33,86259842",Área Urbanizada,Região Metropolitana,,,Não,Especialista de Área Aberta
"-44,5667","-22,5",Linepithema micans,GABI_00038343,"419,1839905",Área Urbanizada,Região do Médio Paraíba,,,Não,Generalista
"-43,1729","-22,9068",Linepithema humile,GABI_00561226,"25,10580063",Área Urbanizada,Região Metropolitana,,,Não,Especialista de Área Aberta
"-42,5341","-22,2887",Heteroponera dentinodis,GABI_00507767,"855,190979",Área Urbanizada,Região Serrana,,,Não,Generalista
"-43,1729","-22,9068",Procryptocerus adlerzi,GABI_01836129,"25,10580063",Área Urbanizada,Região Metropolitana,,,Não,Especialista de Floresta
"-43,7312","-22,5255",Odontomachus chelifer,GABI_00547074,"420,9200134",Área Urbanizada,Região Centro-Sul Fluminense,,,Não,Generalista
"-43,2333","-22,9",Pheidole fallax,GABI_00682587,"52,23049927",Área Urbanizada,Região Metropolitana,,,Não,Especialista de Área Aberta
"-42,0386","-22,6849",Pheidole cordiceps,GABI_00682614,"7,573289871",Pastagem,Região das Baixadas Litorâneas,,,Não,Sem Classificação
"-43,1729","-22,9068",Cephalotes angustus,GABI_00933733,"25,10580063",Área Urbanizada,Região Metropolitana,,,Não,Generalista
"-44,5667","-22,5",Pseudomyrmex phyllophilus,GABI_00683486,"419,1839905",Área Urbanizada,Região do Médio Paraíba,,,Não,Generalista
"-43,1729","-22,9068",Pheidole susannae,GABI_00463853,"25,10580063",Área Urbanizada,Região Metropolitana,,,Não,Generalista
"-43,6667","-22,4167",Procryptocerus regularis,GABI_01836282,"500,6289978",Mosaico de usos,Região Centro-Sul Fluminense,,,Não,Especialista de Floresta
"-42,8796","-22,7009",Nesomyrmex tonsuratus,GABI_00507516,"23,6923008",Área Urbanizada,Região Metropolitana,,,Não,Sem Classificação
"-43,7068","-22,8887",Heteroponera dolo,GABI_00507733,"5,533239841",Área Urbanizada,Região Metropolitana,,,Não,Especialista de Floresta
"-43,1729","-22,9068",Neoponera inversa,GABI_02389885,"25,10580063",Área Urbanizada,Região Metropolitana,,,Não,Generalista
"-44,5721","-22,4912",Fulakora armigera,GABI_02384456,"413,302002",Área Urbanizada,Região do Médio Paraíba,,,Não,Especialista de Floresta
"-44,6285","-22,3698",Camponotus cingulatus,GABI_02406717,"2425,370117",Formação Campestre,Região do Médio Paraíba,,,Não,Generalista
"-44,6285","-22,3698",Camponotus alboannulatus,GABI_02406662,"2425,370117",Formação Campestre,Região do Médio Paraíba,,,Não,Generalista
"-43,196","-22,908",Solenopsis clytemnestra,GABI_00930118,"7,072179794",Área Urbanizada,Região Metropolitana,,,Não,Sem Classificação
"-42,5341","-22,2887",Strumigenys saliens,GABI_00916169,"855,190979",Área Urbanizada,Região Serrana,,,Não,Especialista de Floresta
"-43,196","-22,908",Pheidole fabricator,GABI_00928642,"7,072179794",Área Urbanizada,Região Metropolitana,,,Não,Especialista de Floresta
"-43,196","-22,908",Linepithema iniquum,GABI_00926072,"7,072179794",Área Urbanizada,Região Metropolitana,,,Não,Generalista
"-43,2265","-22,9058",Holcoponera striatula,GABI_00925614,"28,57290077",Área Urbanizada,Região Metropolitana,,,Não,Especialista de Floresta
"-44,5721","-22,4912",Acromyrmex subterraneus,GABI_00548030,"413,302002",Área Urbanizada,Região do Médio Paraíba,,,Não,Especialista de Área Aberta
"-43,7247","-22,5261",Neivamyrmex modestus,GABI_00680616,"445,1040039",Formação Florestal,Região Centro-Sul Fluminense,,,Não,Sem Classificação
"-43,1729","-22,9068",Crematogaster victima,GABI_02367788,"25,10580063",Área Urbanizada,Região Metropolitana,,,Não,Generalista
"-43,1729","-22,9068",Anochetus mayri,GABI_02367082,"25,10580063",Área Urbanizada,Região Metropolitana,,,Não,Especialista de Floresta
"-43,1729","-22,9068",Dorymyrmex pyramicus,GABI_00561358,"25,10580063",Área Urbanizada,Região Metropolitana,,,Não,Generalista
"-43,1729","-22,9068",Cephalotes minutus,GABI_00932368,"25,10580063",Área Urbanizada,Região Metropolitana,,,Não,Generalista
"-43,2265","-22,9058",Azteca muelleri,GABI_00922510,"28,57290077",Área Urbanizada,Região Metropolitana,,,Não,Especialista de Floresta
"-43,1729","-22,9068",Pheidole midas,GABI_02369628,"25,10580063",Área Urbanizada,Região Metropolitana,,,Não,Especialista de Floresta
"-43,3248","-22,8529",Cylindromyrmex brasiliensis,GABI_00561277,"25,09119987",Área Urbanizada,Região Metropolitana,,,Não,Especialista de Floresta
"-42,5341","-22,2887",Strumigenys saliens,GABI_00519395,"855,190979",Área Urbanizada,Região Serrana,,,Não,Especialista de Floresta
"-43,1729","-22,9068",Neivamyrmex orthonotus,GABI_00927116,"25,10580063",Área Urbanizada,Região Metropolitana,,,Não,Generalista
"-43,1729","-22,9068",Camponotus fastigatus,GABI_02367283,"25,10580063",Área Urbanizada,Região Metropolitana,,,Não,Generalista
"-42,5333","-22,2667",Procryptocerus regularis,GABI_01836185,"851,507019",Área Urbanizada,Região Serrana,,,Não,Especialista de Floresta
"-43,1729","-22,9068",Holcoponera moelleri,GABI_02380466,"25,10580063",Área Urbanizada,Região Metropolitana,,,Não,Generalista
"-43,7312","-22,5255",Pheidole strobeli,GABI_00547089,"420,9200134",Área Urbanizada,Região Centro-Sul Fluminense,,,Não,Especialista de Floresta
"-43,2265","-22,9058",Camponotus sericeiventris,GABI_00923004,"28,57290077",Área Urbanizada,Região Metropolitana,,,Não,Generalista
"-41,333","-21,8",Atta sexdens,GABI_00940820,"5,947060108",Pastagem,Região Norte Fluminense,,,Não,Generalista
"-43,1729","-22,9068",Neivamyrmex legionis,GABI_00867396,"25,10580063",Área Urbanizada,Região Metropolitana,,,Não,Especialista de Floresta
"-43,196","-22,908",Odontomachus affinis,GABI_00927709,"7,072179794",Área Urbanizada,Região Metropolitana,,,Não,Especialista de Floresta
"-43,1729","-22,9068",Mayaponera constricta,GABI_00937437,"25,10580063",Área Urbanizada,Região Metropolitana,,,Não,Especialista de Floresta
"-43,1729","-22,9068",Solenopsis saevissima,GABI_00521787,"25,10580063",Área Urbanizada,Região Metropolitana,,,Não,Generalista
"-43,2265","-22,9058",Rasopone lunaris,GABI_00930778,"28,57290077",Área Urbanizada,Região Metropolitana,,,Não,Especialista de Floresta
"-42,8796","-22,7009",Cephalotes maculatus,GABI_00507061,"23,6923008",Área Urbanizada,Região Metropolitana,,,Não,Generalista
"-43,1729","-22,9068",Crematogaster evallans,GABI_01836375,"25,10580063",Área Urbanizada,Região Metropolitana,,,Não,Generalista
"-43,1729","-22,9068",Hypoponera aliena,GABI_00486899,"25,10580063",Área Urbanizada,Região Metropolitana,,,Não,Sem Classificação
"-43,1729","-22,9068",Cephalotes atratus,GABI_00931467,"25,10580063",Área Urbanizada,Região Metropolitana,,,Não,Generalista
"-43,2265","-22,9058",Megalomyrmex silvestrii,GABI_00926486,"28,57290077",Área Urbanizada,Região Metropolitana,,,Não,Generalista
"-43,1729","-22,9068",Megalomyrmex goeldii,GABI_00562388,"25,10580063",Área Urbanizada,Região Metropolitana,,,Não,Especialista de Floresta
"-43,1729","-22,9068",Strumigenys epinotalis,GABI_02479280,"25,10580063",Área Urbanizada,Região Metropolitana,,,Não,Especialista de Floresta
"-43,196","-22,908",Cephalotes frigidus,GABI_00933814,"7,072179794",Área Urbanizada,Região Metropolitana,,,Não,Generalista
"-43,1729","-22,9068",Linepithema neotropicum,GABI_02386976,"25,10580063",Área Urbanizada,Região Metropolitana,,,Não,Generalista
"-43,3317","-22,8209",Brachymyrmex admotus,GABI_02374671,"8,93445015",Área Urbanizada,Região Metropolitana,,,Não,Generalista
"-43,2265","-22,9058",Procryptocerus lepidus,GABI_00929354,"28,57290077",Área Urbanizada,Região Metropolitana,,,Não,Especialista de Área Aberta
"-43,7312","-22,5255",Pogonomyrmex naegelii,GABI_00507887,"420,9200134",Área Urbanizada,Região Centro-Sul Fluminense,,,Não,Especialista de Área Aberta
"-43,196","-22,908",Camponotus alboannulatus nessus,GABI_00923590,"7,072179794",Área Urbanizada,Região Metropolitana,,,Não,Generalista
"-43,2333","-22,9",Neoponera villosa,GABI_00683557,"52,23049927",Área Urbanizada,Região Metropolitana,,,Não,Generalista
"-43,7333","-22,5333",Linepithema neotropicum,GABI_00038609,"493,4819946",Formação Campestre,Região Centro-Sul Fluminense,,,Não,Generalista
"-43,7167","-22,5333",Linepithema neotropicum,GABI_00038540,"494,8710022",Pastagem,Região Centro-Sul Fluminense,,,Não,Generalista
"-43,7247","-22,5261",Neivamyrmex modestus,GABI_00680565,"445,1040039",Formação Florestal,Região Centro-Sul Fluminense,,,Não,Sem Classificação
"-44,6285","-22,3698",Camponotus alboannulatus,GABI_02406660,"2425,370117",Formação Campestre,Região do Médio Paraíba,,,Não,Generalista
"-43,1729","-22,9068",Nylanderia guatemalensis,GABI_02390641,"25,10580063",Área Urbanizada,Região Metropolitana,,,Não,Especialista de Floresta
"-43,7247","-22,5261",Neivamyrmex modestus,GABI_01005621,"445,1040039",Formação Florestal,Região Centro-Sul Fluminense,,,Não,Sem Classificação
"-43,1729","-22,9068",Pheidole fabricator,GABI_00146208,"25,10580063",Área Urbanizada,Região Metropolitana,,,Não,Especialista de Floresta
"-43,2077","-22,9621",Acromyrmex coronatus,GABI_00547711,"22,27960014",Área Urbanizada,Região Metropolitana,,,Não,Especialista de Floresta
"-43,1729","-22,9068",Neivamyrmex punctaticeps,GABI_00529289,"25,10580063",Área Urbanizada,Região Metropolitana,,,Não,Generalista
"-43,1153","-22,8859",Crematogaster distans,GABI_00515493,"7,022339821",Área Urbanizada,Região Metropolitana,,,Não,Generalista
"-43,7247","-22,5261",Neivamyrmex orthonotus,GABI_00680554,"445,1040039",Formação Florestal,Região Centro-Sul Fluminense,,,Não,Generalista
"-43,7247","-22,5261",Neivamyrmex modestus,GABI_00680576,"445,1040039",Formação Florestal,Região Centro-Sul Fluminense,,,Não,Sem Classificação
"-43,1729","-22,9068",Solenopsis bicolor,GABI_00148771,"25,10580063",Área Urbanizada,Região Metropolitana,,,Não,Especialista de Floresta
"-43,1729","-22,9068",Procryptocerus sulcatus,GABI_00929409,"25,10580063",Área Urbanizada,Região Metropolitana,,,Não,Sem Classificação
"-43,1729","-22,9068",Mycetophylax strigatus,GABI_00561354,"25,10580063",Área Urbanizada,Região Metropolitana,,,Não,Especialista de Área Aberta
"-43,3248","-22,8529",Atta robusta,GABI_00561281,"25,09119987",Área Urbanizada,Região Metropolitana,,,Não,Sem Classificação
"-43,7312","-22,5255",Atta laevigata,GABI_00561223,"420,9200134",Área Urbanizada,Região Centro-Sul Fluminense,,,Não,Especialista de Área Aberta
"-42,0386","-22,6849",Mycetophylax conformis,GABI_00481956,"7,573289871",Pastagem,Região das Baixadas Litorâneas,,,Não,Especialista de Área Aberta
"-43,7312","-22,5255",Cephalotes atratus,GABI_00561213,"420,9200134",Área Urbanizada,Região Centro-Sul Fluminense,,,Não,Generalista
"-44,5667","-22,5",Eciton quadriglume,GABI_00684375,"419,1839905",Área Urbanizada,Região do Médio Paraíba,,,Não,Especialista de Floresta
"-43,1729","-22,9068",Pseudomyrmex phyllophilus,GABI_00509075,"25,10580063",Área Urbanizada,Região Metropolitana,,,Não,Generalista
"-44,6285","-22,3698",Leptogenys carioca,GABI_02407796,"2425,370117",Formação Campestre,Região do Médio Paraíba,,,Não,Sem Classificação
"-44,6285","-22,3698",Holcoponera striatula,GABI_02407539,"2425,370117",Formação Campestre,Região do Médio Paraíba,,,Não,Especialista de Floresta
"-43,2265","-22,9058",Pheidole schmalzi,GABI_00928636,"28,57290077",Área Urbanizada,Região Metropolitana,,,Não,Especialista de Floresta
"-43,1729","-22,9068",Pheidole tijucana,GABI_01658324,"25,10580063",Área Urbanizada,Região Metropolitana,,,Não,Sem Classificação
"-42,5341","-22,2887",Heteroponera inermis,GABI_00529241,"855,190979",Área Urbanizada,Região Serrana,,,Não,Especialista de Floresta
"-43,2265","-22,9058",Dorymyrmex brunneus,GABI_00924125,"28,57290077",Área Urbanizada,Região Metropolitana,,,Não,Especialista de Área Aberta
"-43,1729","-22,9068",Crematogaster acuta,GABI_01836352,"25,10580063",Área Urbanizada,Região Metropolitana,,,Não,Generalista
"-42,0386","-22,6849",Mycetophylax morschi,GABI_00508929,"7,573289871",Pastagem,Região das Baixadas Litorâneas,,,Não,Especialista de Área Aberta
"-44,6285","-22,3698",Pachycondyla harpax,GABI_02408635,"2425,370117",Formação Campestre,Região do Médio Paraíba,,,Não,Especialista de Floresta
"-44,6285","-22,3698",Linepithema micans,GABI_02407855,"2425,370117",Formação Campestre,Região do Médio Paraíba,,,Não,Generalista
"-43,1729","-22,9068",Dolichoderus attelaboides,GABI_00939645,"25,10580063",Área Urbanizada,Região Metropolitana,,,Não,Especialista de Floresta
"-43,7247","-22,5261",Neivamyrmex modestus,GABI_00680579,"445,1040039",Formação Florestal,Região Centro-Sul Fluminense,,,Não,Sem Classificação
"-43,1729","-22,9068",Centromyrmex brachycola,GABI_00562374,"25,10580063",Área Urbanizada,Região Metropolitana,,,Não,Generalista
"-43,1729","-22,9068",Nomamyrmex hartigii,GABI_00531619,"25,10580063",Área Urbanizada,Região Metropolitana,,,Não,Generalista
"-43,196","-22,908",Dinoponera quadriceps,GABI_00924877,"7,072179794",Área Urbanizada,Região Metropolitana,,,Não,Especialista de Área Aberta
"-42,5","-22,1833",Procryptocerus adlerzi,GABI_01851113,"936,5780029",Pastagem,Região Serrana,,,Não,Especialista de Floresta
"-43,1729","-22,9068",Cephalotes angustus,GABI_00933731,"25,10580063",Área Urbanizada,Região Metropolitana,,,Não,Generalista
"-44,5721","-22,4912",Neivamyrmex detectus,GABI_02142627,"413,302002",Área Urbanizada,Região do Médio Paraíba,,,Não,Sem Classificação
"-43,2265","-22,9058",Acromyrmex disciger,GABI_00921741,"28,57290077",Área Urbanizada,Região Metropolitana,,,Não,Especialista de Área Aberta
"-43,7247","-22,5261",Neivamyrmex orthonotus,GABI_00680556,"445,1040039",Formação Florestal,Região Centro-Sul Fluminense,,,Não,Generalista
"-43,1729","-22,9068",Cephalotes notatus,GABI_00562396,"25,10580063",Área Urbanizada,Região Metropolitana,,,Não,Generalista
"-43,1153","-22,8859",Cephalotes minutus,GABI_00860906,"7,022339821",Área Urbanizada,Região Metropolitana,,,Não,Generalista
"-43,196","-22,908",Labidus praedator,GABI_00926168,"7,072179794",Área Urbanizada,Região Metropolitana,,,Não,Especialista de Floresta
"-43,196","-22,908",Gnamptogenys regularis,GABI_00925595,"7,072179794",Área Urbanizada,Região Metropolitana,,,Não,Especialista de Floresta
"-44,6285","-22,3698",Linepithema iniquum,GABI_02407848,"2425,370117",Formação Campestre,Região do Médio Paraíba,,,Não,Generalista
"-43,196","-22,908",Mycetomoellerius oetkeri,GABI_00930857,"7,072179794",Área Urbanizada,Região Metropolitana,,,Não,Especialista de Área Aberta
"-43,1729","-22,9068",Nesomyrmex asper,GABI_02373134,"25,10580063",Área Urbanizada,Região Metropolitana,,,Não,Especialista de Floresta
"-43,1729","-22,9068",Paratrachymyrmex cornetzi,GABI_02392563,"25,10580063",Área Urbanizada,Região Metropolitana,,,Não,Especialista de Floresta
"-43,3167","-22,8303",Neoponera commutata,GABI_00491791,"17,78269958",Área Urbanizada,Região Metropolitana,,,Não,Generalista
"-43,196","-22,908",Azteca muelleri,GABI_00922506,"7,072179794",Área Urbanizada,Região Metropolitana,,,Não,Especialista de Floresta
"-43,196","-22,908",Wasmannia auropunctata,GABI_00930971,"7,072179794",Área Urbanizada,Região Metropolitana,,,Não,Generalista
"-43,1729","-22,9068",Camponotus sericeiventris,GABI_02378288,"25,10580063",Área Urbanizada,Região Metropolitana,,,Não,Generalista
"-43,196","-22,908",Camponotus hedwigae,GABI_00923295,"7,072179794",Área Urbanizada,Região Metropolitana,,,Não,Especialista de Floresta
"-42,5341","-22,2887",Mycetomoellerius urichii,GABI_00529245,"855,190979",Área Urbanizada,Região Serrana,,,Não,Especialista de Área Aberta
"-43,1729","-22,9068",Tapinoma atriceps,GABI_00516448,"25,10580063",Área Urbanizada,Região Metropolitana,,,Não,Especialista de Floresta
"-43,3248","-22,8529",Megalomyrmex silvestrii,GABI_00561296,"25,09119987",Área Urbanizada,Região Metropolitana,,,Não,Generalista
"-43,7312","-22,5255",Neivamyrmex modestus,GABI_02142871,"420,9200134",Área Urbanizada,Região Centro-Sul Fluminense,,,Não,Sem Classificação
"-43,1729","-22,9068",Labidus coecus,GABI_00682861,"25,10580063",Área Urbanizada,Região Metropolitana,,,Não,Generalista
"-44,5667","-22,5",Linepithema neotropicum,GABI_00038595,"419,1839905",Área Urbanizada,Região do Médio Paraíba,,,Não,Generalista
"-43,1729","-22,9068",Rogeria subarmata,GABI_00949971,"25,10580063",Área Urbanizada,Região Metropolitana,,,Não,Especialista de Floresta
"-43,1729","-22,9068",Pseudomyrmex schuppi,GABI_00873175,"25,10580063",Área Urbanizada,Região Metropolitana,,,Não,Especialista de Floresta
"-43,196","-22,908",Strumigenys denticulata,GABI_00930441,"7,072179794",Área Urbanizada,Região Metropolitana,,,Não,Especialista de Floresta
"-42,8833","-22,7",Neoponera crenata,GABI_00682787,"17,16419983",Área Urbanizada,Região Metropolitana,,,Não,Generalista
"-43,1729","-22,9068",Pheidole fallax,GABI_00683832,"25,10580063",Área Urbanizada,Região Metropolitana,,,Não,Especialista de Área Aberta
"-44,5721","-22,4912",Procryptocerus lepidus,GABI_00508761,"413,302002",Área Urbanizada,Região do Médio Paraíba,,,Não,Especialista de Área Aberta
"-43,1809","-22,9511",Neivamyrmex carinifrons,GABI_00568164,"19,14550018",Área Urbanizada,Região Metropolitana,,,Não,Sem Classificação
"-43,2333","-22,9333",Eciton vagans,GABI_00684532,"88,2664032",Área Urbanizada,Região Metropolitana,,,Não,Generalista
"-43,2333","-22,9",Pheidole rufipilis,GABI_00684408,"52,23049927",Área Urbanizada,Região Metropolitana,,,Não,Generalista
"-43,1729","-22,9068",Acropyga goeldii,GABI_00922014,"25,10580063",Área Urbanizada,Região Metropolitana,,,Não,Especialista de Floresta
"-43,1729","-22,9068",Pachycondyla striata,GABI_00476264,"25,10580063",Área Urbanizada,Região Metropolitana,,,Não,Generalista
"-43,1729","-22,9068",Nylanderia fulva longiscapa,GABI_00949606,"25,10580063",Área Urbanizada,Região Metropolitana,,,Não,Especialista de Área Aberta
"-43,1729","-22,9068",Neoponera apicalis,GABI_00562376,"25,10580063",Área Urbanizada,Região Metropolitana,,,Não,Especialista de Floresta
"-43,1729","-22,9068",Carebara urichi,GABI_00949136,"25,10580063",Área Urbanizada,Região Metropolitana,,,Não,Generalista
"-43,1729","-22,9068",Labidus coecus,GABI_00683724,"25,10580063",Área Urbanizada,Região Metropolitana,,,Não,Generalista
"-43,1797","-22,8989",Holcoponera striatula,GABI_00487677,"29,3383007",Área Urbanizada,Região Metropolitana,,,Não,Especialista de Floresta
"-44,5679","-22,4902",Acanthognathus rudis,GABI_01647114,"409,1849976",Área Urbanizada,Região do Médio Paraíba,,,Não,Sem Classificação
"-43,3458","-22,8844",Neivamyrmex densepunctatus,GABI_01005644,"31,31739998",Área Urbanizada,Região Metropolitana,,,Não,Sem Classificação
"-43,2265","-22,9058",Atta bisphaerica,GABI_00922326,"28,57290077",Área Urbanizada,Região Metropolitana,,,Não,Sem Classificação
"-43,2265","-22,9058",Apterostigma pilosum,GABI_00922166,"28,57290077",Área Urbanizada,Região Metropolitana,,,Não,Generalista
"-41,3267","-21,7587",Ectatomma permagnum,GABI_00150861,"10,04279995",Área Urbanizada,Região Norte Fluminense,,,Não,Generalista
"-43,7247","-22,5261",Neivamyrmex modestus,GABI_01005623,"445,1040039",Formação Florestal,Região Centro-Sul Fluminense,,,Não,Sem Classificação
"-43,7247","-22,5261",Neivamyrmex modestus,GABI_00680614,"445,1040039",Formação Florestal,Região Centro-Sul Fluminense,,,Não,Sem Classificação
"-44,5721","-22,4912",Neivamyrmex densepunctatus,GABI_00680511,"413,302002",Área Urbanizada,Região do Médio Paraíba,,,Não,Sem Classificação
"-43,1729","-22,9068",Nomamyrmex hartigii,GABI_00515772,"25,10580063",Área Urbanizada,Região Metropolitana,,,Não,Generalista
"-44,5721","-22,4912",Hylomyrma balzani,GABI_00507934,"413,302002",Área Urbanizada,Região do Médio Paraíba,,,Não,Especialista de Floresta
"-43,1729","-22,9068",Nomamyrmex hartigii,GABI_00519145,"25,10580063",Área Urbanizada,Região Metropolitana,,,Não,Generalista
"-43,1729","-22,9068",Cephalotes membranaceus,GABI_00932805,"25,10580063",Área Urbanizada,Região Metropolitana,,,Não,Especialista de Floresta
"-43,1729","-22,9068",Procryptocerus striatus,GABI_00529290,"25,10580063",Área Urbanizada,Região Metropolitana,,,Não,Sem Classificação
"-43,1729","-22,9068",Pheidole alpinensis,GABI_00929101,"25,10580063",Área Urbanizada,Região Metropolitana,,,Não,Especialista de Floresta
"-43,7247","-22,5261",Neivamyrmex modestus,GABI_01005661,"445,1040039",Formação Florestal,Região Centro-Sul Fluminense,,,Não,Sem Classificação
"-44,6285","-22,3698",Eciton vagans,GABI_02407315,"2425,370117",Formação Campestre,Região do Médio Paraíba,,,Não,Generalista
"-43,1729","-22,9068",Centromyrmex brachycola,GABI_00515976,"25,10580063",Área Urbanizada,Região Metropolitana,,,Não,Generalista
"-43,1729","-22,9068",Neivamyrmex punctaticeps,GABI_00147984,"25,10580063",Área Urbanizada,Região Metropolitana,,,Não,Generalista
"-43,2333","-22,9",Pheidole fallax,GABI_00682584,"52,23049927",Área Urbanizada,Região Metropolitana,,,Não,Especialista de Área Aberta
"-43,1729","-22,9068",Labidus coecus,GABI_00516974,"25,10580063",Área Urbanizada,Região Metropolitana,,,Não,Generalista
"-44,6285","-22,3698",Eciton quadriglume,GABI_02407313,"2425,370117",Formação Campestre,Região do Médio Paraíba,,,Não,Especialista de Floresta
"-44,815","-23,1414",Heteroponera mayri,GABI_01717632,"1751,839966",Formação Florestal,Região da Costa Verde,,,Não,Especialista de Floresta
"-44,5667","-22,5",Azteca alfari,GABI_00516312,"419,1839905",Área Urbanizada,Região do Médio Paraíba,,,Não,Generalista
"-43,1846","-22,9032",Holcoponera striatula,GABI_00487707,"18,38030052",Área Urbanizada,Região Metropolitana,,,Não,Especialista de Floresta
"-44,617","-22,383",Oxyepoecus rastratus,GABI_00905458,"2386,129883",Formação Campestre,Região do Médio Paraíba,,,Não,Especialista de Floresta
"-43,2265","-22,9058",Myrmelachista arborea,GABI_00926816,"28,57290077",Área Urbanizada,Região Metropolitana,,,Não,Sem Classificação
"-43,3248","-22,8529",Wasmannia auropunctata,GABI_00561300,"25,09119987",Área Urbanizada,Região Metropolitana,,,Não,Generalista
"-43,2265","-22,9058",Pseudomyrmex filiformis,GABI_00929555,"28,57290077",Área Urbanizada,Região Metropolitana,,,Não,Generalista
"-43,1729","-22,9068",Brachymyrmex admotus,GABI_00486258,"25,10580063",Área Urbanizada,Região Metropolitana,,,Não,Generalista
"-43,2265","-22,9058",Neoponera crenata,GABI_00927357,"28,57290077",Área Urbanizada,Região Metropolitana,,,Não,Generalista
"-43,1153","-22,8859",Pseudomyrmex schuppi,GABI_00509724,"7,022339821",Área Urbanizada,Região Metropolitana,,,Não,Especialista de Floresta
"-43,1729","-22,9068",Crematogaster distans,GABI_00509182,"25,10580063",Área Urbanizada,Região Metropolitana,,,Não,Generalista
"-44,6285","-22,3698",Mycetophylax olitor,GABI_02408025,"2425,370117",Formação Campestre,Região do Médio Paraíba,,,Não,Generalista
"-44,6285","-22,3698",Camponotus melanoticus,GABI_02406809,"2425,370117",Formação Campestre,Região do Médio Paraíba,,,Não,Generalista
"-42,9569","-22,371",Pheidole aper,GABI_00148613,"824,5689697",Formação Florestal,Região Serrana,,,Não,Especialista de Floresta
"-43,1729","-22,9068",Odontomachus haematodus,GABI_00682987,"25,10580063",Área Urbanizada,Região Metropolitana,,,Não,Generalista
"-43,1729","-22,9068",Camponotus crassus,GABI_00910221,"25,10580063",Área Urbanizada,Região Metropolitana,,,Não,Generalista
"-43,2265","-22,9058",Holcoponera striatula,GABI_00925485,"28,57290077",Área Urbanizada,Região Metropolitana,,,Não,Especialista de Floresta
"-44,5721","-22,4912",Anochetus altisquamis,GABI_00511147,"413,302002",Área Urbanizada,Região do Médio Paraíba,,,Não,Especialista de Floresta
"-43,2265","-22,9058",Solenopsis saevissima,GABI_00930327,"28,57290077",Área Urbanizada,Região Metropolitana,,,Não,Generalista
"-43,1729","-22,9068",Azteca chartifex,GABI_00562400,"25,10580063",Área Urbanizada,Região Metropolitana,,,Não,Especialista de Floresta
"-43,1729","-22,9068",Dorymyrmex brunneus,GABI_00842831,"25,10580063",Área Urbanizada,Região Metropolitana,,,Não,Especialista de Área Aberta
"-43,1729","-22,9068",Pseudomyrmex incurrens,GABI_00509827,"25,10580063",Área Urbanizada,Região Metropolitana,,,Não,Sem Classificação
"-43,2265","-22,9058",Dorymyrmex pyramicus,GABI_00924170,"28,57290077",Área Urbanizada,Região Metropolitana,,,Não,Generalista
"-43,1729","-22,9068",Crematogaster limata,GABI_02380441,"25,10580063",Área Urbanizada,Região Metropolitana,,,Não,Generalista
"-43,1729","-22,9068",Camponotus atriceps,GABI_02376028,"25,10580063",Área Urbanizada,Região Metropolitana,,,Não,Generalista
"-44,6285","-22,3698",Oxyepoecus reticulatus,GABI_02408619,"2425,370117",Formação Campestre,Região do Médio Paraíba,,,Não,Especialista de Floresta
"-44,6285","-22,3698",Camponotus blandus,GABI_02406698,"2425,370117",Formação Campestre,Região do Médio Paraíba,,,Não,Generalista
"-43,1729","-22,9068",Nomamyrmex hartigii,GABI_00574640,"25,10580063",Área Urbanizada,Região Metropolitana,,,Não,Generalista
"-43,1729","-22,9068",Cephalotes membranaceus,GABI_00932804,"25,10580063",Área Urbanizada,Região Metropolitana,,,Não,Especialista de Floresta
"-43,196","-22,908",Pseudomyrmex kuenckeli,GABI_00929681,"7,072179794",Área Urbanizada,Região Metropolitana,,,Não,Generalista
"-43,1729","-22,9068",Hypoponera opaciceps,GABI_00508506,"25,10580063",Área Urbanizada,Região Metropolitana,,,Não,Generalista
"-43,2265","-22,9058",Cephalotes pavonii,GABI_00928227,"28,57290077",Área Urbanizada,Região Metropolitana,,,Não,Especialista de Floresta
"-43,2265","-22,9058",Pseudomyrmex schuppi,GABI_00929791,"28,57290077",Área Urbanizada,Região Metropolitana,,,Não,Especialista de Floresta
"-44,5721","-22,4912",Linepithema micans,GABI_00875250,"413,302002",Área Urbanizada,Região do Médio Paraíba,,,Não,Generalista
"-43,2265","-22,9058",Pheidole avia,GABI_00928796,"28,57290077",Área Urbanizada,Região Metropolitana,,,Não,Sem Classificação
"-42,8796","-22,7009",Pachycondyla striata,GABI_00508443,"23,6923008",Área Urbanizada,Região Metropolitana,,,Não,Generalista
"-43,1729","-22,9068",Cephalotes pallidicephalus,GABI_00933773,"25,10580063",Área Urbanizada,Região Metropolitana,,,Não,Especialista de Floresta
"-43,1729","-22,9068",Cephalotes angustus,GABI_00950107,"25,10580063",Área Urbanizada,Região Metropolitana,,,Não,Generalista
"-43,1729","-22,9068",Megalomyrmex silvestrii,GABI_00561369,"25,10580063",Área Urbanizada,Região Metropolitana,,,Não,Generalista
"-43,1729","-22,9068",Cephalotes pusillus,GABI_00932054,"25,10580063",Área Urbanizada,Região Metropolitana,,,Não,Generalista
"-43,1729","-22,9068",Acanthoponera mucronata,GABI_00540400,"25,10580063",Área Urbanizada,Região Metropolitana,,,Não,Generalista
"-44,5721","-22,4912",Hylomyrma balzani,GABI_01658225,"413,302002",Área Urbanizada,Região do Médio Paraíba,,,Não,Especialista de Floresta
"-43,1729","-22,9068",Acromyrmex aspersus,GABI_02367032,"25,10580063",Área Urbanizada,Região Metropolitana,,,Não,Especialista de Área Aberta
"-43,1729","-22,9068",Cephalotes pusillus,GABI_00932047,"25,10580063",Área Urbanizada,Região Metropolitana,,,Não,Generalista
"-43,1729","-22,9068",Pheidole radoszkowskii,GABI_02369743,"25,10580063",Área Urbanizada,Região Metropolitana,,,Não,Generalista
"-43,1729","-22,9068",Linepithema leucomelas,GABI_00562399,"25,10580063",Área Urbanizada,Região Metropolitana,,,Não,Especialista de Floresta
"-43,1729","-22,9068",Cephalotes minutus,GABI_00932365,"25,10580063",Área Urbanizada,Região Metropolitana,,,Não,Generalista
"-43,1729","-22,9068",Rogeria scobinata,GABI_00389823,"25,10580063",Área Urbanizada,Região Metropolitana,,,Não,Especialista de Floresta
"-42,8796","-22,7009",Nesomyrmex asper,GABI_00507143,"23,6923008",Área Urbanizada,Região Metropolitana,,,Não,Especialista de Floresta
"-43,7247","-22,5261",Neivamyrmex modestus,GABI_01005564,"445,1040039",Formação Florestal,Região Centro-Sul Fluminense,,,Não,Sem Classificação
"-43,1729","-22,9068",Pheidole strobeli,GABI_00682689,"25,10580063",Área Urbanizada,Região Metropolitana,,,Não,Especialista de Floresta
"-43,1153","-22,8859",Cephalotes membranaceus,GABI_00509665,"7,022339821",Área Urbanizada,Região Metropolitana,,,Não,Especialista de Floresta
"-43,1729","-22,9068",Acromyrmex brunneus,GABI_00498857,"25,10580063",Área Urbanizada,Região Metropolitana,,,Não,Sem Classificação
"-43,1729","-22,9068",Camponotus brasiliensis clivius,GABI_00498663,"25,10580063",Área Urbanizada,Região Metropolitana,,,Não,Generalista
"-43,7312","-22,5255",Neivamyrmex modestus,GABI_00568223,"420,9200134",Área Urbanizada,Região Centro-Sul Fluminense,,,Não,Sem Classificação
"-43,1729","-22,9068",Crematogaster goeldii,GABI_00514501,"25,10580063",Área Urbanizada,Região Metropolitana,,,Não,Sem Classificação
"-43,3248","-22,8529",Mycetomoellerius iheringi,GABI_00561299,"25,09119987",Área Urbanizada,Região Metropolitana,,,Não,Especialista de Área Aberta
"-43,1729","-22,9068",Camponotus renggeri,GABI_02367389,"25,10580063",Área Urbanizada,Região Metropolitana,,,Não,Generalista
"-42,5","-22,1833",Procryptocerus adlerzi,GABI_01851115,"936,5780029",Pastagem,Região Serrana,,,Não,Especialista de Floresta
"-43,1729","-22,9068",Poneracantha mediatrix,GABI_02384612,"25,10580063",Área Urbanizada,Região Metropolitana,,,Não,Especialista de Floresta
"-43,1729","-22,9068",Cephalotes minutus,GABI_02375291,"25,10580063",Área Urbanizada,Região Metropolitana,,,Não,Generalista
"-43,2265","-22,9058",Crematogaster quadriformis roveretoi,GABI_00924565,"28,57290077",Área Urbanizada,Região Metropolitana,,,Não,Generalista
"-43,2265","-22,9058",Pheidole fabricator,GABI_00928645,"28,57290077",Área Urbanizada,Região Metropolitana,,,Não,Especialista de Floresta
"-43,196","-22,908",Gnamptogenys rimulosa,GABI_00925603,"7,072179794",Área Urbanizada,Região Metropolitana,,,Não,Sem Classificação
"-43,196","-22,908",Dolichoderus lobicornis,GABI_00926596,"7,072179794",Área Urbanizada,Região Metropolitana,,,Não,Especialista de Área Aberta
"-43,1729","-22,9068",Wasmannia auropunctata,GABI_00547106,"25,10580063",Área Urbanizada,Região Metropolitana,,,Não,Generalista
"-43,1729","-22,9068",Mycetarotes parallelus,GABI_02388266,"25,10580063",Área Urbanizada,Região Metropolitana,,,Não,Especialista de Área Aberta
"-43,196","-22,908",Pachycondyla striata,GABI_00927971,"7,072179794",Área Urbanizada,Região Metropolitana,,,Não,Generalista
"-43,1729","-22,9068",Neivamyrmex detectus,GABI_00562367,"25,10580063",Área Urbanizada,Região Metropolitana,,,Não,Sem Classificação
"-43,1729","-22,9068",Megalomyrmex pusillus,GABI_00926476,"25,10580063",Área Urbanizada,Região Metropolitana,,,Não,Especialista de Floresta
"-43,7312","-22,5255",Solenopsis bicolor,GABI_00509370,"420,9200134",Área Urbanizada,Região Centro-Sul Fluminense,,,Não,Especialista de Floresta
"-43,7312","-22,5255",Neivamyrmex modestus,GABI_00518253,"420,9200134",Área Urbanizada,Região Centro-Sul Fluminense,,,Não,Sem Classificação
"-43,2265","-22,9058",Cephalotes angustus,GABI_00928001,"28,57290077",Área Urbanizada,Região Metropolitana,,,Não,Generalista
"-43,0153","-22,6556",Pheidole laevifrons,GABI_00682737,"7,851860046",Mosaico de usos,Região Metropolitana,,,Não,Especialista de Floresta
"-43,1729","-22,9068",Neoponera luteola,GABI_00476245,"25,10580063",Área Urbanizada,Região Metropolitana,,,Não,Especialista de Floresta
"-43,7247","-22,5261",Neivamyrmex modestus,GABI_01005569,"445,1040039",Formação Florestal,Região Centro-Sul Fluminense,,,Não,Sem Classificação
"-43,1729","-22,9068",Leptogenys crudelis,GABI_00146001,"25,10580063",Área Urbanizada,Região Metropolitana,,,Não,Sem Classificação
"-43,7312","-22,5255",Brachymyrmex heeri,GABI_00561245,"420,9200134",Área Urbanizada,Região Centro-Sul Fluminense,,,Não,Especialista de Floresta
"-42,3965","-22,6584",Strumigenys subedentata,GABI_01648480,"15,0376997",Área Urbanizada,Região das Baixadas Litorâneas,,,Não,Especialista de Floresta
"-43,2265","-22,9058",Camponotus leydigi,GABI_00922940,"28,57290077",Área Urbanizada,Região Metropolitana,,,Não,Especialista de Área Aberta
"-43,2833","-22,9333",Linepithema neotropicum,GABI_00038554,"659,3140259",Pastagem,Região Metropolitana,,,Não,Generalista
"-43,1729","-22,9068",Centromyrmex gigas,GABI_00562373,"25,10580063",Área Urbanizada,Região Metropolitana,,,Não,Especialista de Área Aberta
"-43,196","-22,908",Neoponera apicalis,GABI_00927329,"7,072179794",Área Urbanizada,Região Metropolitana,,,Não,Especialista de Floresta
"-44,6285","-22,3698",Oxyepoecus myops,GABI_02408614,"2425,370117",Formação Campestre,Região do Médio Paraíba,,,Não,Especialista de Floresta
"-44,6285","-22,3698",Heteroponera dentinodis,GABI_02407552,"2425,370117",Formação Campestre,Região do Médio Paraíba,,,Não,Generalista
"-44,6285","-22,3698",Camponotus rufipes,GABI_02406896,"2425,370117",Formação Campestre,Região do Médio Paraíba,,,Não,Generalista
"-41,8333","-22,05",Gnamptogenys regularis,GABI_02306097,"81,08080292",Pastagem,Região Serrana,,,Não,Especialista de Floresta
"-43,1729","-22,9068",Basiceros disciger,GABI_01717097,"25,10580063",Área Urbanizada,Região Metropolitana,,,Não,Especialista de Floresta
"-44,6285","-22,3698",Wasmannia affinis,GABI_02410338,"2425,370117",Formação Campestre,Região do Médio Paraíba,,,Não,Generalista
"-43,9186","-23,0689",Linepithema iniquum,GABI_00038019,"14,22210026",Mosaico de usos,Região da Costa Verde,,,Não,Generalista
"-44,5721","-22,4912",Neivamyrmex orthonotus,GABI_00515534,"413,302002",Área Urbanizada,Região do Médio Paraíba,,,Não,Generalista
"-43,1846","-22,9032",Holcoponera striatula,GABI_00487499,"18,38030052",Área Urbanizada,Região Metropolitana,,,Não,Especialista de Floresta
"-41,1167","-21,9167",Procryptocerus spiniperdus,GABI_01851340,"3,398560047",Pastagem,Região Norte Fluminense,,,Não,Generalista
"-44,5721","-22,4912",Neivamyrmex dorbignii,GABI_00518039,"413,302002",Área Urbanizada,Região do Médio Paraíba,,,Não,Generalista
"-44,5721","-22,4912",Octostruma stenognatha,GABI_00890954,"413,302002",Área Urbanizada,Região do Médio Paraíba,,,Não,Especialista de Floresta
"-43,7312","-22,5255",Eciton vagans,GABI_00547058,"420,9200134",Área Urbanizada,Região Centro-Sul Fluminense,,,Não,Generalista
"-43,2265","-22,9058",Azteca alfari,GABI_00922367,"28,57290077",Área Urbanizada,Região Metropolitana,,,Não,Generalista
"-43,3248","-22,8529",Neoponera villosa,GABI_00561310,"25,09119987",Área Urbanizada,Região Metropolitana,,,Não,Generalista
"-43,1729","-22,9068",Cephalotes atratus,GABI_00931478,"25,10580063",Área Urbanizada,Região Metropolitana,,,Não,Generalista
"-43,2333","-22,9",Pheidole incisa,GABI_00684519,"52,23049927",Área Urbanizada,Região Metropolitana,,,Não,Sem Classificação
"-43,1729","-22,9068",Odontomachus chelifer,GABI_02369236,"25,10580063",Área Urbanizada,Região Metropolitana,,,Não,Generalista
"-43,1729","-22,9068",Nylanderia fulva,GABI_00608612,"25,10580063",Área Urbanizada,Região Metropolitana,,,Não,Especialista de Área Aberta
"-43,3246","-22,8822",Wasmannia rochai,GABI_00499153,"42,52080154",Área Urbanizada,Região Metropolitana,,,Não,Especialista de Floresta
"-42,5","-22,1833",Procryptocerus convergens,GABI_00289291,"936,5780029",Pastagem,Região Serrana,,,Não,Especialista de Floresta
"-43,7247","-22,5261",Neivamyrmex orthonotus,GABI_00680555,"445,1040039",Formação Florestal,Região Centro-Sul Fluminense,,,Não,Generalista
"-44,6285","-22,3698",Camponotus rufipes,GABI_02406901,"2425,370117",Formação Campestre,Região do Médio Paraíba,,,Não,Generalista
"-43,196","-22,908",Monomorium brasiliense,GABI_00926674,"7,072179794",Área Urbanizada,Região Metropolitana,,,Não,Sem Classificação
"-43,2476","-22,8464",Pheidole reichenspergeri,GABI_01822747,"9,620940208",Área Urbanizada,Região Metropolitana,,,Não,Sem Classificação
"-44,6285","-22,3698",Pheidole guilelmimuelleri,GABI_02409161,"2425,370117",Formação Campestre,Região do Médio Paraíba,,,Não,Especialista de Área Aberta
"-42,8833","-22,7",Pogonomyrmex naegelii,GABI_00683702,"17,16419983",Área Urbanizada,Região Metropolitana,,,Não,Especialista de Área Aberta
"-43,2333","-22,9",Pheidole tristis,GABI_00684421,"52,23049927",Área Urbanizada,Região Metropolitana,,,Não,Especialista de Floresta
"-43,196","-22,908",Camponotus trapezoideus,GABI_00923266,"7,072179794",Área Urbanizada,Região Metropolitana,,,Não,Especialista de Floresta
"-43,196","-22,908",Procryptocerus goeldii,GABI_00929335,"7,072179794",Área Urbanizada,Região Metropolitana,,,Não,Especialista de Floresta
"-43,1729","-22,9068",Pheidole puttemansi,GABI_01819438,"25,10580063",Área Urbanizada,Região Metropolitana,,,Não,Especialista de Floresta
"-43,1729","-22,9068",Nesomyrmex spininodis,GABI_00562391,"25,10580063",Área Urbanizada,Região Metropolitana,,,Não,Generalista
"-42,9569","-22,371",Camponotus goeldii,GABI_01990164,"824,5689697",Formação Florestal,Região Serrana,,,Não,Sem Classificação
"-43,1729","-22,9068",Crematogaster goeldii,GABI_01836380,"25,10580063",Área Urbanizada,Região Metropolitana,,,Não,Sem Classificação
"-43,7247","-22,5261",Neivamyrmex modestus,GABI_00680562,"445,1040039",Formação Florestal,Região Centro-Sul Fluminense,,,Não,Sem Classificação
"-44,6285","-22,3698",Hylomyrma balzani,GABI_02407568,"2425,370117",Formação Campestre,Região do Médio Paraíba,,,Não,Especialista de Floresta
"-43,196","-22,908",Neivamyrmex halidaii,GABI_00927025,"7,072179794",Área Urbanizada,Região Metropolitana,,,Não,Especialista de Floresta
"-43,1729","-22,9068",Eciton burchellii,GABI_00683325,"25,10580063",Área Urbanizada,Região Metropolitana,,,Não,Generalista
"-44,6285","-22,3698",Megalomyrmex pusillus,GABI_02407895,"2425,370117",Formação Campestre,Região do Médio Paraíba,,,Não,Especialista de Floresta
"-42,5341","-22,2887",Gnamptogenys mordax,GABI_00515961,"855,190979",Área Urbanizada,Região Serrana,,,Não,Especialista de Floresta
"-41,3267","-21,7587",Crematogaster lutzi florida,GABI_00499034,"10,04279995",Área Urbanizada,Região Norte Fluminense,,,Não,Especialista de Floresta
"-43,1729","-22,9068",Pseudomyrmex simplex,GABI_00949939,"25,10580063",Área Urbanizada,Região Metropolitana,,,Não,Generalista
"-43,2265","-22,9058",Nylanderia fulva,GABI_00927564,"28,57290077",Área Urbanizada,Região Metropolitana,,,Não,Especialista de Área Aberta
"-44,5721","-22,4912",Megalomyrmex drifti,GABI_00510598,"413,302002",Área Urbanizada,Região do Médio Paraíba,,,Não,Especialista de Floresta
"-43,1729","-22,9068",Brachymyrmex admotus,GABI_00526044,"25,10580063",Área Urbanizada,Região Metropolitana,,,Não,Generalista
"-43,2265","-22,9058",Procryptocerus schmalzi,GABI_00929394,"28,57290077",Área Urbanizada,Região Metropolitana,,,Não,Especialista de Floresta
"-43,2265","-22,9058",Acromyrmex coronatus,GABI_00921707,"28,57290077",Área Urbanizada,Região Metropolitana,,,Não,Especialista de Floresta
"-44,5667","-22,5",Octostruma stenognatha,GABI_01855408,"419,1839905",Área Urbanizada,Região do Médio Paraíba,,,Não,Especialista de Floresta
"-44,2989","-22,9696",Neivamyrmex pilosus,GABI_00849540,"1,928529978",Área Urbanizada,Região da Costa Verde,,,Não,Especialista de Floresta
"-43,2265","-22,9058",Neivamyrmex legionis,GABI_00927085,"28,57290077",Área Urbanizada,Região Metropolitana,,,Não,Especialista de Floresta
"-42,8796","-22,7009",Pseudoponera gilberti,GABI_00507839,"23,6923008",Área Urbanizada,Região Metropolitana,,,Não,Especialista de Floresta
"-43,196","-22,908",Octostruma rugifera,GABI_00927697,"7,072179794",Área Urbanizada,Região Metropolitana,,,Não,Especialista de Floresta
"-43,1729","-22,9068",Crematogaster crinosa,GABI_01836365,"25,10580063",Área Urbanizada,Região Metropolitana,,,Não,Especialista de Floresta
"-43,7247","-22,5261",Neivamyrmex modestus,GABI_01005611,"445,1040039",Formação Florestal,Região Centro-Sul Fluminense,,,Não,Sem Classificação
"-43,196","-22,908",Strumigenys saliens,GABI_00930570,"7,072179794",Área Urbanizada,Região Metropolitana,,,Não,Especialista de Floresta
"-43,1729","-22,9068",Pheidole reichenspergeri,GABI_00485715,"25,10580063",Área Urbanizada,Região Metropolitana,,,Não,Sem Classificação
"-44,5721","-22,4912",Neivamyrmex mars,GABI_00519108,"413,302002",Área Urbanizada,Região do Médio Paraíba,,,Não,Sem Classificação
"-43,1729","-22,9068",Solenopsis globularia,GABI_00562390,"25,10580063",Área Urbanizada,Região Metropolitana,,,Não,Generalista
"-43,1729","-22,9068",Solenopsis virulens,GABI_00511057,"25,10580063",Área Urbanizada,Região Metropolitana,,,Não,Especialista de Floresta
"-43,1729","-22,9068",Pachycondyla harpax,GABI_00938107,"25,10580063",Área Urbanizada,Região Metropolitana,,,Não,Especialista de Floresta
"-43,1729","-22,9068",Neoponera inversa,GABI_00938319,"25,10580063",Área Urbanizada,Região Metropolitana,,,Não,Generalista
"-43,1729","-22,9068",Rogeria subarmata,GABI_00929973,"25,10580063",Área Urbanizada,Região Metropolitana,,,Não,Especialista de Floresta
"-43,1788","-22,8972",Pseudomyrmex venustus,GABI_00507207,"28,01619911",Área Urbanizada,Região Metropolitana,,,Não,Generalista
"-42,5341","-22,2887",Poneracantha rastrata,GABI_00148088,"855,190979",Área Urbanizada,Região Serrana,,,Não,Especialista de Floresta
"-43,7247","-22,5261",Neivamyrmex orthonotus,GABI_01005600,"445,1040039",Formação Florestal,Região Centro-Sul Fluminense,,,Não,Generalista
"-43,7312","-22,5255",Neivamyrmex modestus,GABI_00547061,"420,9200134",Área Urbanizada,Região Centro-Sul Fluminense,,,Não,Sem Classificação
"-43,1729","-22,9068",Brachymyrmex admotus,GABI_00561240,"25,10580063",Área Urbanizada,Região Metropolitana,,,Não,Generalista
"-43,196","-22,908",Pseudomyrmex gibbinotus,GABI_00929595,"7,072179794",Área Urbanizada,Região Metropolitana,,,Não,Sem Classificação
"-44,6285","-22,3698",Linepithema gallardoi,GABI_02407819,"2425,370117",Formação Campestre,Região do Médio Paraíba,,,Não,Especialista de Área Aberta
"-43,1729","-22,9068",Pheidole puttemansi,GABI_02394556,"25,10580063",Área Urbanizada,Região Metropolitana,,,Não,Especialista de Floresta
"-43,7312","-22,5255",Carebara urichi,GABI_02131370,"420,9200134",Área Urbanizada,Região Centro-Sul Fluminense,,,Não,Generalista
"-43,1729","-22,9068",Pheidole radoszkowskii,GABI_01819424,"25,10580063",Área Urbanizada,Região Metropolitana,,,Não,Generalista
"-43,196","-22,908",Camponotus paradoxus,GABI_00922836,"7,072179794",Área Urbanizada,Região Metropolitana,,,Não,Especialista de Floresta
"-43,1729","-22,9068",Acromyrmex molestans,GABI_00561333,"25,10580063",Área Urbanizada,Região Metropolitana,,,Não,Sem Classificação
"-44,5721","-22,4912",Neivamyrmex densepunctatus,GABI_01005553,"413,302002",Área Urbanizada,Região do Médio Paraíba,,,Não,Sem Classificação
"-43,1729","-22,9068",Crematogaster distans,GABI_00906569,"25,10580063",Área Urbanizada,Região Metropolitana,,,Não,Generalista
"-43,2265","-22,9058",Crematogaster acuta,GABI_00924260,"28,57290077",Área Urbanizada,Região Metropolitana,,,Não,Generalista
"-43,565","-22,9509",Solenopsis clytemnestra,GABI_01822996,"22,00519943",Área Urbanizada,Região Metropolitana,,,Não,Sem Classificação
"-44,6285","-22,3698",Linepithema micans,GABI_02407863,"2425,370117",Formação Campestre,Região do Médio Paraíba,,,Não,Generalista
"-43,7247","-22,5261",Neivamyrmex modestus,GABI_00680528,"445,1040039",Formação Florestal,Região Centro-Sul Fluminense,,,Não,Sem Classificação
"-44,5721","-22,4912",Neivamyrmex densepunctatus,GABI_01005551,"413,302002",Área Urbanizada,Região do Médio Paraíba,,,Não,Sem Classificação
"-44,103","-22,522",Labidus praedator,GABI_00631817,"383,6059875",Área Urbanizada,Região do Médio Paraíba,,,Não,Especialista de Floresta
"-43,1729","-22,9068",Camponotus melanoticus publicola,GABI_00498633,"25,10580063",Área Urbanizada,Região Metropolitana,,,Não,Generalista
"-43,1729","-22,9068",Pachycondyla striata,GABI_00547070,"25,10580063",Área Urbanizada,Região Metropolitana,,,Não,Generalista
"-42,5341","-22,2887",Procryptocerus sulcatus,GABI_00529243,"855,190979",Área Urbanizada,Região Serrana,,,Não,Sem Classificação
"-43,2265","-22,9058",Crematogaster evallans,GABI_00906806,"28,57290077",Área Urbanizada,Região Metropolitana,,,Não,Generalista
"-43,3458","-22,8844",Neivamyrmex densepunctatus,GABI_00680599,"31,31739998",Área Urbanizada,Região Metropolitana,,,Não,Sem Classificação
"-44,6285","-22,3698",Pheidole guilelmimuelleri,GABI_02409163,"2425,370117",Formação Campestre,Região do Médio Paraíba,,,Não,Especialista de Área Aberta
"-43,2265","-22,9058",Neoponera moesta,GABI_00938494,"28,57290077",Área Urbanizada,Região Metropolitana,,,Não,Especialista de Floresta
"-43,241","-22,9326",Neivamyrmex pilosus,GABI_00515831,"33,86259842",Área Urbanizada,Região Metropolitana,,,Não,Especialista de Floresta
"-44,6285","-22,3698",Leptogenys iheringi,GABI_02407798,"2425,370117",Formação Campestre,Região do Médio Paraíba,,,Não,Sem Classificação
"-44,6285","-22,3698",Mycetomoellerius oetkeri,GABI_02408016,"2425,370117",Formação Campestre,Região do Médio Paraíba,,,Não,Especialista de Área Aberta
"-44,6285","-22,3698",Linepithema micans,GABI_02407857,"2425,370117",Formação Campestre,Região do Médio Paraíba,,,Não,Generalista
"-43,1729","-22,9068",Camponotus simillimus,GABI_00498627,"25,10580063",Área Urbanizada,Região Metropolitana,,,Não,Especialista de Floresta
"-43,7312","-22,5255",Atta sexdens,GABI_00561224,"420,9200134",Área Urbanizada,Região Centro-Sul Fluminense,,,Não,Generalista
"-43,196","-22,908",Nylanderia fulva,GABI_00927559,"7,072179794",Área Urbanizada,Região Metropolitana,,,Não,Especialista de Área Aberta
"-43,2265","-22,9058",Solenopsis clytemnestra,GABI_00930317,"28,57290077",Área Urbanizada,Região Metropolitana,,,Não,Sem Classificação
"-43,1729","-22,9068",Camponotus hedwigae,GABI_00498674,"25,10580063",Área Urbanizada,Região Metropolitana,,,Não,Especialista de Floresta
"-42,8796","-22,7009",Cephalotes pusillus,GABI_00860986,"23,6923008",Área Urbanizada,Região Metropolitana,,,Não,Generalista
"-42,9569","-22,371",Cephalotes pinelii,GABI_00507074,"824,5689697",Formação Florestal,Região Serrana,,,Não,Especialista de Área Aberta
"-43,2228","-22,9642",Poneracantha mediatrix,GABI_00417966,"27,74830055",Área Urbanizada,Região Metropolitana,,,Não,Especialista de Floresta
"-43,1729","-22,9068",Cylindromyrmex brasiliensis,GABI_00561350,"25,10580063",Área Urbanizada,Região Metropolitana,,,Não,Especialista de Floresta
"-43,1729","-22,9068",Strumigenys saliens,GABI_01820012,"25,10580063",Área Urbanizada,Região Metropolitana,,,Não,Especialista de Floresta
"-43,196","-22,908",Cyphomyrmex rimosus,GABI_00924719,"7,072179794",Área Urbanizada,Região Metropolitana,,,Não,Generalista
"-43,1729","-22,9068",Camponotus punctulatus,GABI_00561254,"25,10580063",Área Urbanizada,Região Metropolitana,,,Não,Generalista
"-43,1729","-22,9068",Camponotus abscisus,GABI_00561264,"25,10580063",Área Urbanizada,Região Metropolitana,,,Não,Sem Classificação
"-42,9569","-22,371",Camponotus alboannulatus nessus,GABI_00498688,"824,5689697",Formação Florestal,Região Serrana,,,Não,Generalista
"-43,1729","-22,9068",Crematogaster crinosa,GABI_01824527,"25,10580063",Área Urbanizada,Região Metropolitana,,,Não,Especialista de Floresta
"-43,1729","-22,9068",Camponotus sericeiventris,GABI_00407762,"25,10580063",Área Urbanizada,Região Metropolitana,,,Não,Generalista
"-43,1729","-22,9068",Camponotus alboannulatus nessus,GABI_00923589,"25,10580063",Área Urbanizada,Região Metropolitana,,,Não,Generalista
"-43,1729","-22,9068",Cephalotes maculatus,GABI_00933211,"25,10580063",Área Urbanizada,Região Metropolitana,,,Não,Generalista
"-43,2265","-22,9058",Nylanderia fulva longiscapa,GABI_00927591,"28,57290077",Área Urbanizada,Região Metropolitana,,,Não,Especialista de Área Aberta
"-43,1729","-22,9068",Poneracantha rastrata,GABI_02432966,"25,10580063",Área Urbanizada,Região Metropolitana,,,Não,Especialista de Floresta
"-43,1729","-22,9068",Atta sexdens,GABI_02374228,"25,10580063",Área Urbanizada,Região Metropolitana,,,Não,Generalista
"-42,5341","-22,2887",Acromyrmex aspersus,GABI_00547656,"855,190979",Área Urbanizada,Região Serrana,,,Não,Especialista de Área Aberta
"-43,1729","-22,9068",Neoponera villosa,GABI_00682679,"25,10580063",Área Urbanizada,Região Metropolitana,,,Não,Generalista
"-43,1729","-22,9068",Camponotus atriceps,GABI_00561337,"25,10580063",Área Urbanizada,Região Metropolitana,,,Não,Generalista
"-43,1729","-22,9068",Azteca muelleri,GABI_00922514,"25,10580063",Área Urbanizada,Região Metropolitana,,,Não,Especialista de Floresta
"-43,1729","-22,9068",Cephalotes pusillus,GABI_00932069,"25,10580063",Área Urbanizada,Região Metropolitana,,,Não,Generalista
"-43,1729","-22,9068",Cephalotes pallidus,GABI_00950411,"25,10580063",Área Urbanizada,Região Metropolitana,,,Não,Especialista de Área Aberta
"-43,1729","-22,9068",Procryptocerus sulcatus,GABI_01836263,"25,10580063",Área Urbanizada,Região Metropolitana,,,Não,Sem Classificação
"-43,196","-22,908",Cephalotes atratus,GABI_00931476,"7,072179794",Área Urbanizada,Região Metropolitana,,,Não,Generalista
"-43,2333","-22,9",Neivamyrmex legionis,GABI_00682687,"52,23049927",Área Urbanizada,Região Metropolitana,,,Não,Especialista de Floresta
"-42,9981","-22,4533",Brachymyrmex australis,GABI_02374797,"1118,449951",Formação Florestal,Região Serrana,,,Não,Generalista
"-43,196","-22,908",Procryptocerus gibbosus,GABI_00929330,"7,072179794",Área Urbanizada,Região Metropolitana,,,Não,Sem Classificação
"-43,385","-22,8565",Neivamyrmex dorbignii,GABI_00518061,"24,57579994",Área Urbanizada,Região Metropolitana,,,Não,Generalista
"-43,1729","-22,9068",Acromyrmex subterraneus,GABI_00410288,"25,10580063",Área Urbanizada,Região Metropolitana,,,Não,Especialista de Área Aberta
"-43,2265","-22,9058",Camponotus tripartitus,GABI_00923363,"28,57290077",Área Urbanizada,Região Metropolitana,,,Não,Especialista de Floresta
"-43,1729","-22,9068",Camponotus goeldii,GABI_00923765,"25,10580063",Área Urbanizada,Região Metropolitana,,,Não,Sem Classificação
"-42,9569","-22,371",Megalomyrmex goeldii,GABI_00499237,"824,5689697",Formação Florestal,Região Serrana,,,Não,Especialista de Floresta
"-43,2265","-22,9058",Crematogaster limata,GABI_00924499,"28,57290077",Área Urbanizada,Região Metropolitana,,,Não,Generalista
"-44,6285","-22,3698",Linepithema gallardoi,GABI_02407817,"2425,370117",Formação Campestre,Região do Médio Paraíba,,,Não,Especialista de Área Aberta
"-42,5243","-22,1612",Brachymyrmex brasiliensis,GABI_02390176,"1092,420044",Formação Florestal,Região Serrana,,,Não,Generalista
"-43,1729","-22,9068",Labidus coecus,GABI_00683648,"25,10580063",Área Urbanizada,Região Metropolitana,,,Não,Generalista
"-43,1729","-22,9068",Pheidole goeldii,GABI_00148595,"25,10580063",Área Urbanizada,Região Metropolitana,,,Não,Sem Classificação
"-42,5341","-22,2887",Azteca severini,GABI_00521537,"855,190979",Área Urbanizada,Região Serrana,,,Não,Sem Classificação
"-43,1729","-22,9068",Solenopsis tenuis,GABI_00499217,"25,10580063",Área Urbanizada,Região Metropolitana,,,Não,Sem Classificação
"-43,2265","-22,9058",Solenopsis parva,GABI_00930058,"28,57290077",Área Urbanizada,Região Metropolitana,,,Não,Sem Classificação
"-43,2279","-22,9205",Pheidole tristis,GABI_00508975,"19,91150093",Área Urbanizada,Região Metropolitana,,,Não,Especialista de Floresta
"-43,1729","-22,9068",Pseudoponera gilberti,GABI_00562379,"25,10580063",Área Urbanizada,Região Metropolitana,,,Não,Especialista de Floresta
"-43,1729","-22,9068",Crematogaster acuta,GABI_00201231,"25,10580063",Área Urbanizada,Região Metropolitana,,,Não,Generalista
"-42,8833","-22,7",Pseudomyrmex gracilis,GABI_00683696,"17,16419983",Área Urbanizada,Região Metropolitana,,,Não,Generalista
"-43,2265","-22,9058",Dolichoderus lamellosus,GABI_00939758,"28,57290077",Área Urbanizada,Região Metropolitana,,,Não,Generalista
"-43,7247","-22,5261",Neivamyrmex orthonotus,GABI_01005592,"445,1040039",Formação Florestal,Região Centro-Sul Fluminense,,,Não,Generalista
"-43,7247","-22,5261",Neivamyrmex modestus,GABI_00680558,"445,1040039",Formação Florestal,Região Centro-Sul Fluminense,,,Não,Sem Classificação
"-43,2333","-22,9",Pachycondyla striata,GABI_00682578,"52,23049927",Área Urbanizada,Região Metropolitana,,,Não,Generalista
"-43,1869","-22,9698",Procryptocerus adlerzi,GABI_01819968,"22,15360069",Área Urbanizada,Região Metropolitana,,,Não,Especialista de Floresta
"-43,1729","-22,9068",Camponotus macrocephalus,GABI_00509327,"25,10580063",Área Urbanizada,Região Metropolitana,,,Não,Generalista
"-43,2361","-22,9113",Solenopsis metallica,GABI_01907326,"25,29490089",Área Urbanizada,Região Metropolitana,,,Não,Sem Classificação
"-43,3619","-22,8688",Azteca alfari,GABI_01752561,"33,0583992",Área Urbanizada,Região Metropolitana,,,Não,Generalista
"-43,2265","-22,9058",Pseudomyrmex phyllophilus,GABI_00929768,"28,57290077",Área Urbanizada,Região Metropolitana,,,Não,Generalista
"-43,1765","-22,9073",Atta bisphaerica,GABI_00547463,"35,01190186",Área Urbanizada,Região Metropolitana,,,Não,Sem Classificação
"-43,1729","-22,9068",Dorymyrmex pyramicus,GABI_01820471,"25,10580063",Área Urbanizada,Região Metropolitana,,,Não,Generalista
"-43,1153","-22,8859",Atta robusta,GABI_00547470,"7,022339821",Área Urbanizada,Região Metropolitana,,,Não,Sem Classificação
"-44,7117","-23,2153",Wasmannia auropunctata,GABI_01939537,"3,847739935",Área Urbanizada,Região da Costa Verde,,,Não,Generalista
"-43,1729","-22,9068",Sericomyrmex mayri,GABI_00935999,"25,10580063",Área Urbanizada,Região Metropolitana,,,Não,Generalista
"-43,1729","-22,9068",Solenopsis goeldii,GABI_00576275,"25,10580063",Área Urbanizada,Região Metropolitana,,,Não,Sem Classificação
"-43,1729","-22,9068",Pseudomyrmex termitarius,GABI_00509540,"25,10580063",Área Urbanizada,Região Metropolitana,,,Não,Especialista de Área Aberta
"-43,3008","-22,779",Hypoponera iheringi,GABI_00516136,"8,659950256",Área Urbanizada,Região Metropolitana,,,Não,Sem Classificação
"-43,1729","-22,9068",Centromyrmex gigas,GABI_00516636,"25,10580063",Área Urbanizada,Região Metropolitana,,,Não,Especialista de Área Aberta
"-43,1729","-22,9068",Odontomachus hastatus,GABI_00683706,"25,10580063",Área Urbanizada,Região Metropolitana,,,Não,Especialista de Floresta
"-43,2265","-22,9058",Cephalotes minutus,GABI_00928163,"28,57290077",Área Urbanizada,Região Metropolitana,,,Não,Generalista
"-44,5721","-22,4912",Acanthoponera mucronata,GABI_00516637,"413,302002",Área Urbanizada,Região do Médio Paraíba,,,Não,Generalista
"-44,5721","-22,4912",Neivamyrmex pilosus,GABI_00518003,"413,302002",Área Urbanizada,Região do Médio Paraíba,,,Não,Especialista de Floresta
"-43,1729","-22,9068",Cephalotes pinelii,GABI_00950337,"25,10580063",Área Urbanizada,Região Metropolitana,,,Não,Especialista de Área Aberta
"-43,335","-22,8364",Linepithema leucomelas,GABI_00875174,"26,95849991",Área Urbanizada,Região Metropolitana,,,Não,Especialista de Floresta
"-43,1729","-22,9068",Cephalotes atratus,GABI_00931475,"25,10580063",Área Urbanizada,Região Metropolitana,,,Não,Generalista
"-43,1729","-22,9068",Crematogaster victima,GABI_02381010,"25,10580063",Área Urbanizada,Região Metropolitana,,,Não,Generalista
"-43,2333","-22,9",Pheidole incisa,GABI_00684517,"52,23049927",Área Urbanizada,Região Metropolitana,,,Não,Sem Classificação
"-43,1729","-22,9068",Brachymyrmex heeri,GABI_02367175,"25,10580063",Área Urbanizada,Região Metropolitana,,,Não,Especialista de Floresta
"-43,1729","-22,9068",Neivamyrmex clavifemur,GABI_00562366,"25,10580063",Área Urbanizada,Região Metropolitana,,,Não,Sem Classificação
"-43,2265","-22,9058",Cyphomyrmex rimosus,GABI_00924718,"28,57290077",Área Urbanizada,Região Metropolitana,,,Não,Generalista
"-43,1729","-22,9068",Pheidole tristis,GABI_00929096,"25,10580063",Área Urbanizada,Região Metropolitana,,,Não,Especialista de Floresta
"-43,1729","-22,9068",Crematogaster carinata,GABI_01824525,"25,10580063",Área Urbanizada,Região Metropolitana,,,Não,Especialista de Floresta
"-43,1729","-22,9068",Ectatomma edentatum,GABI_02383451,"25,10580063",Área Urbanizada,Região Metropolitana,,,Não,Generalista
"-43,1729","-22,9068",Gnamptogenys rimulosa,GABI_00476078,"25,10580063",Área Urbanizada,Região Metropolitana,,,Não,Sem Classificação
"-43,7247","-22,5261",Neivamyrmex modestus,GABI_01005653,"445,1040039",Formação Florestal,Região Centro-Sul Fluminense,,,Não,Sem Classificação
"-43,1729","-22,9068",Megalomyrmex goeldii,GABI_00499238,"25,10580063",Área Urbanizada,Região Metropolitana,,,Não,Especialista de Floresta
"-43,2265","-22,9058",Nesomyrmex asper,GABI_00926290,"28,57290077",Área Urbanizada,Região Metropolitana,,,Não,Especialista de Floresta
"-43,2265","-22,9058",Neoponera inversa,GABI_00927487,"28,57290077",Área Urbanizada,Região Metropolitana,,,Não,Generalista
"-43,1729","-22,9068",Gnamptogenys mordax,GABI_02432775,"25,10580063",Área Urbanizada,Região Metropolitana,,,Não,Especialista de Floresta
"-43,1729","-22,9068",Mycetomoellerius atlanticus,GABI_02388269,"25,10580063",Área Urbanizada,Região Metropolitana,,,Não,Sem Classificação
"-42,8796","-22,7009",Ectatomma tuberculatum,GABI_00508490,"23,6923008",Área Urbanizada,Região Metropolitana,,,Não,Generalista
"-44,5721","-22,4912",Neivamyrmex densepunctatus,GABI_00680509,"413,302002",Área Urbanizada,Região do Médio Paraíba,,,Não,Sem Classificação
"-43,7247","-22,5261",Neivamyrmex modestus,GABI_00680584,"445,1040039",Formação Florestal,Região Centro-Sul Fluminense,,,Não,Sem Classificação
"-43,1729","-22,9068",Mycetarotes parallelus,GABI_00753116,"25,10580063",Área Urbanizada,Região Metropolitana,,,Não,Especialista de Área Aberta
"-43,1868","-22,5667",Leptogenys iheringi,GABI_00845082,"74,77459717",Área Urbanizada,Região Metropolitana,,,Não,Sem Classificação
"-43,2265","-22,9058",Neoponera marginata,GABI_00930697,"28,57290077",Área Urbanizada,Região Metropolitana,,,Não,Generalista
"-43,1729","-22,9068",Mycetarotes senticosus,GABI_00935976,"25,10580063",Área Urbanizada,Região Metropolitana,,,Não,Especialista de Área Aberta
"-43,4167","-22,9167",Sericomyrmex mayri,GABI_01862741,"83,70010376",Formação Florestal,Região Metropolitana,,,Não,Generalista
"-43,3907","-22,9682",Strumigenys borgmeieri,GABI_00479389,"4,895840168",Área Urbanizada,Região Metropolitana,,,Não,Generalista
"-43,7312","-22,5255",Solenopsis saevissima,GABI_00547102,"420,9200134",Área Urbanizada,Região Centro-Sul Fluminense,,,Não,Generalista
"-42,9569","-22,371",Pheidole alpinensis,GABI_00499108,"824,5689697",Formação Florestal,Região Serrana,,,Não,Especialista de Floresta
"-44,5721","-22,4912",Azteca paraensis,GABI_00561234,"413,302002",Área Urbanizada,Região do Médio Paraíba,,,Não,Especialista de Floresta
"-43,3458","-22,8844",Neivamyrmex densepunctatus,GABI_00680596,"31,31739998",Área Urbanizada,Região Metropolitana,,,Não,Sem Classificação
"-43,2265","-22,9058",Odontomachus haematodus,GABI_00927830,"28,57290077",Área Urbanizada,Região Metropolitana,,,Não,Generalista
"-43,1729","-22,9068",Cephalotes minutus,GABI_00932366,"25,10580063",Área Urbanizada,Região Metropolitana,,,Não,Generalista
"-43,1729","-22,9068",Linepithema humile,GABI_00037967,"25,10580063",Área Urbanizada,Região Metropolitana,,,Não,Especialista de Área Aberta
"-43,1729","-22,9068",Camponotus melanoticus,GABI_02377060,"25,10580063",Área Urbanizada,Região Metropolitana,,,Não,Generalista
"-42,5341","-22,2887",Strumigenys saliens,GABI_00149001,"855,190979",Área Urbanizada,Região Serrana,,,Não,Especialista de Floresta
"-43,1729","-22,9068",Pheidole fabricator,GABI_00683722,"25,10580063",Área Urbanizada,Região Metropolitana,,,Não,Especialista de Floresta
"-43,2265","-22,9058",Strumigenys elongata,GABI_00930473,"28,57290077",Área Urbanizada,Região Metropolitana,,,Não,Generalista
"-44,5721","-22,4912",Neivamyrmex densepunctatus,GABI_02142625,"413,302002",Área Urbanizada,Região do Médio Paraíba,,,Não,Sem Classificação
"-43,1729","-22,9068",Cephalotes pavonii,GABI_00932893,"25,10580063",Área Urbanizada,Região Metropolitana,,,Não,Especialista de Floresta
"-43,1729","-22,9068",Mycetarotes parallelus,GABI_02368776,"25,10580063",Área Urbanizada,Região Metropolitana,,,Não,Especialista de Área Aberta
"-43,7312","-22,5255",Acromyrmex subterraneus,GABI_00561221,"420,9200134",Área Urbanizada,Região Centro-Sul Fluminense,,,Não,Especialista de Área Aberta
"-43,1729","-22,9068",Odontomachus bauri,GABI_00949494,"25,10580063",Área Urbanizada,Região Metropolitana,,,Não,Generalista
"-44,5721","-22,4912",Hylomyrma balzani,GABI_00507924,"413,302002",Área Urbanizada,Região do Médio Paraíba,,,Não,Especialista de Floresta
"-43,1729","-22,9068",Azteca chartifex,GABI_01820245,"25,10580063",Área Urbanizada,Região Metropolitana,,,Não,Especialista de Floresta
"-44,6285","-22,3698",Acromyrmex subterraneus,GABI_02406436,"2425,370117",Formação Campestre,Região do Médio Paraíba,,,Não,Especialista de Área Aberta
"-43,1729","-22,9068",Odontomachus haematodus,GABI_00683931,"25,10580063",Área Urbanizada,Região Metropolitana,,,Não,Generalista
"-43,7247","-22,5261",Neivamyrmex modestus,GABI_00680580,"445,1040039",Formação Florestal,Região Centro-Sul Fluminense,,,Não,Sem Classificação
"-43,7312","-22,5255",Crematogaster quadriformis roveretoi,GABI_00547093,"420,9200134",Área Urbanizada,Região Centro-Sul Fluminense,,,Não,Generalista
"-43,2333","-22,9",Labidus praedator,GABI_00682589,"52,23049927",Área Urbanizada,Região Metropolitana,,,Não,Especialista de Floresta
"-43,7312","-22,5255",Pheidole nitidula,GABI_00547090,"420,9200134",Área Urbanizada,Região Centro-Sul Fluminense,,,Não,Sem Classificação
"-42,5341","-22,2887",Heteroponera inermis,GABI_00515883,"855,190979",Área Urbanizada,Região Serrana,,,Não,Especialista de Floresta
"-43,6585","-22,4027",Camponotus sericeiventris,GABI_02297371,"445,0570068",Área Urbanizada,Região Centro-Sul Fluminense,,,Não,Generalista
"-43,1729","-22,9068",Cephalotes pusillus,GABI_00932065,"25,10580063",Área Urbanizada,Região Metropolitana,,,Não,Generalista
"-44,5721","-22,4912",Discothyrea sexarticulata,GABI_00519234,"413,302002",Área Urbanizada,Região do Médio Paraíba,,,Não,Especialista de Floresta
"-43,1729","-22,9068",Gnamptogenys rimulosa,GABI_00417963,"25,10580063",Área Urbanizada,Região Metropolitana,,,Não,Sem Classificação
"-43,1729","-22,9068",Ectatomma opaciventre,GABI_00529288,"25,10580063",Área Urbanizada,Região Metropolitana,,,Não,Especialista de Área Aberta
"-43,196","-22,908",Pheidole alienata,GABI_00928526,"7,072179794",Área Urbanizada,Região Metropolitana,,,Não,Sem Classificação
"-43,2086","-22,8052",Pseudomyrmex elongatus,GABI_00872763,"18,21680069",Área Urbanizada,Região Metropolitana,,,Não,Generalista
"-43,7247","-22,5261",Neivamyrmex modestus,GABI_01005629,"445,1040039",Formação Florestal,Região Centro-Sul Fluminense,,,Não,Sem Classificação
"-43,3458","-22,8844",Neivamyrmex densepunctatus,GABI_01005648,"31,31739998",Área Urbanizada,Região Metropolitana,,,Não,Sem Classificação
"-42,9569","-22,371",Megalomyrmex goeldii,GABI_00968524,"824,5689697",Formação Florestal,Região Serrana,,,Não,Especialista de Floresta
"-43,1729","-22,9068",Cephalotes frigidus,GABI_00950204,"25,10580063",Área Urbanizada,Região Metropolitana,,,Não,Generalista
"-43,2265","-22,9058",Pheidole tristis,GABI_00929097,"28,57290077",Área Urbanizada,Região Metropolitana,,,Não,Especialista de Floresta
"-43,1729","-22,9068",Leptogenys crudelis,GABI_00936492,"25,10580063",Área Urbanizada,Região Metropolitana,,,Não,Sem Classificação
"-43,1729","-22,9068",Pseudomyrmex filiformis,GABI_00562381,"25,10580063",Área Urbanizada,Região Metropolitana,,,Não,Generalista
"-43,2265","-22,9058",Hypoponera trigona,GABI_00926001,"28,57290077",Área Urbanizada,Região Metropolitana,,,Não,Especialista de Floresta
"-43,1153","-22,8859",Sericomyrmex mayri,GABI_01820029,"7,022339821",Área Urbanizada,Região Metropolitana,,,Não,Generalista
"-43,2265","-22,9058",Solenopsis corticalis,GABI_00930138,"28,57290077",Área Urbanizada,Região Metropolitana,,,Não,Sem Classificação
"-43,7312","-22,5255",Atta sexdens,GABI_00547503,"420,9200134",Área Urbanizada,Região Centro-Sul Fluminense,,,Não,Generalista
"-43,7247","-22,5261",Neivamyrmex modestus,GABI_01005566,"445,1040039",Formação Florestal,Região Centro-Sul Fluminense,,,Não,Sem Classificação
"-43,1729","-22,9068",Gnamptogenys annulata,GABI_00417913,"25,10580063",Área Urbanizada,Região Metropolitana,,,Não,Especialista de Floresta
"-43,1729","-22,9068",Brachymyrmex patagonicus,GABI_00486170,"25,10580063",Área Urbanizada,Região Metropolitana,,,Não,Especialista de Área Aberta
"-43,1729","-22,9068",Cyphomyrmex rimosus,GABI_02367817,"25,10580063",Área Urbanizada,Região Metropolitana,,,Não,Generalista
"-43,1729","-22,9068",Neivamyrmex detectus,GABI_00926959,"25,10580063",Área Urbanizada,Região Metropolitana,,,Não,Sem Classificação
"-43,1729","-22,9068",Pseudomyrmex incurrens,GABI_00499276,"25,10580063",Área Urbanizada,Região Metropolitana,,,Não,Sem Classificação
"-43,1729","-22,9068",Myrmelachista arthuri,GABI_00926817,"25,10580063",Área Urbanizada,Região Metropolitana,,,Não,Sem Classificação
"-43,2265","-22,9058",Mycetophylax morschi,GABI_00924693,"28,57290077",Área Urbanizada,Região Metropolitana,,,Não,Especialista de Área Aberta
"-44,6285","-22,3698",Oxyepoecus reticulatus,GABI_02408621,"2425,370117",Formação Campestre,Região do Médio Paraíba,,,Não,Especialista de Floresta
"-44,6285","-22,3698",Myrmelachista catharinae,GABI_02408063,"2425,370117",Formação Campestre,Região do Médio Paraíba,,,Não,Especialista de Floresta
"-43,7167","-22,5333",Linepithema neotropicum,GABI_00038590,"494,8710022",Pastagem,Região Centro-Sul Fluminense,,,Não,Generalista
"-43,241","-22,9326",Pheidole tristis,GABI_01818935,"33,86259842",Área Urbanizada,Região Metropolitana,,,Não,Especialista de Floresta
"-44,5667","-22,5",Pheidole radoszkowskii,GABI_00683158,"419,1839905",Área Urbanizada,Região do Médio Paraíba,,,Não,Generalista
"-44,6285","-22,3698",Camponotus melanoticus,GABI_02406818,"2425,370117",Formação Campestre,Região do Médio Paraíba,,,Não,Generalista
"-44,6285","-22,3698",Camponotus melanoticus,GABI_02406813,"2425,370117",Formação Campestre,Região do Médio Paraíba,,,Não,Generalista
"-43,2265","-22,9058",Neivamyrmex mars,GABI_00926146,"28,57290077",Área Urbanizada,Região Metropolitana,,,Não,Sem Classificação
"-43,1729","-22,9068",Neoponera curvinodis,GABI_00407655,"25,10580063",Área Urbanizada,Região Metropolitana,,,Não,Especialista de Floresta
"-43,1729","-22,9068",Nomamyrmex esenbeckii,GABI_00517499,"25,10580063",Área Urbanizada,Região Metropolitana,,,Não,Generalista
"-42,5","-22,1833",Procryptocerus adlerzi,GABI_00289269,"936,5780029",Pastagem,Região Serrana,,,Não,Especialista de Floresta
"-43,1729","-22,9068",Strumigenys elongata,GABI_00479933,"25,10580063",Área Urbanizada,Região Metropolitana,,,Não,Generalista
"-42,9569","-22,371",Hypoponera trigona cauta,GABI_00498797,"824,5689697",Formação Florestal,Região Serrana,,,Não,Especialista de Floresta
"-43,2833","-22,9333",Linepithema micans,GABI_00038339,"659,3140259",Pastagem,Região Metropolitana,,,Não,Generalista
"-43,1729","-22,9068",Pachycondyla lenis,GABI_00936517,"25,10580063",Área Urbanizada,Região Metropolitana,,,Não,Especialista de Floresta
"-43,1729","-22,9068",Neoponera inversa,GABI_00592806,"25,10580063",Área Urbanizada,Região Metropolitana,,,Não,Generalista
"-43,1729","-22,9068",Solenopsis saevissima,GABI_02370425,"25,10580063",Área Urbanizada,Região Metropolitana,,,Não,Generalista
"-42,5","-22,1833",Procryptocerus convergens,GABI_01851147,"936,5780029",Pastagem,Região Serrana,,,Não,Especialista de Floresta
"-42,8833","-22,7",Ectatomma brunneum,GABI_00683698,"17,16419983",Área Urbanizada,Região Metropolitana,,,Não,Generalista
"-44,6333","-22,3833",Camponotus hermanni,GABI_00561252,"2202,649902",Formação Florestal,Região do Médio Paraíba,,,Não,Sem Classificação
"-43,1729","-22,9068",Pheidole fabricator,GABI_00683410,"25,10580063",Área Urbanizada,Região Metropolitana,,,Não,Especialista de Floresta
"-43,2333","-22,9",Pheidole cordiceps,GABI_00684507,"52,23049927",Área Urbanizada,Região Metropolitana,,,Não,Sem Classificação
"-43,3248","-22,8529",Pseudomyrmex elongatus,GABI_00872773,"25,09119987",Área Urbanizada,Região Metropolitana,,,Não,Generalista
"-42,9569","-22,371",Labidus coecus,GABI_00515744,"824,5689697",Formação Florestal,Região Serrana,,,Não,Generalista
"-44,5721","-22,4912",Neivamyrmex detectus,GABI_00568174,"413,302002",Área Urbanizada,Região do Médio Paraíba,,,Não,Sem Classificação
"-43,6736","-22,7539",Camponotus rufipes,GABI_00555123,"32,78150177",Pastagem,Região Metropolitana,,,Não,Generalista
"-43,3248","-22,8529",Ectatomma edentatum,GABI_00561280,"25,09119987",Área Urbanizada,Região Metropolitana,,,Não,Generalista
"-43,1729","-22,9068",Monomorium brasiliense,GABI_01831844,"25,10580063",Área Urbanizada,Região Metropolitana,,,Não,Sem Classificação
"-43,2265","-22,9058",Eciton burchellii,GABI_00925025,"28,57290077",Área Urbanizada,Região Metropolitana,,,Não,Generalista
"-43,25","-22,9",Atta robusta,GABI_00591982,"17,53630066",Área Urbanizada,Região Metropolitana,,,Não,Sem Classificação
"-43,2265","-22,9058",Cephalotes angustus,GABI_00933730,"28,57290077",Área Urbanizada,Região Metropolitana,,,Não,Generalista
"-43,196","-22,908",Cephalotes patellaris,GABI_00933416,"7,072179794",Área Urbanizada,Região Metropolitana,,,Não,Especialista de Floresta
"-43,196","-22,908",Camponotus scissus,GABI_00923244,"7,072179794",Área Urbanizada,Região Metropolitana,,,Não,Especialista de Floresta
"-43,1729","-22,9068",Cephalotes angustus,GABI_02379066,"25,10580063",Área Urbanizada,Região Metropolitana,,,Não,Generalista
"-43,196","-22,908",Megalomyrmex goeldii,GABI_00926462,"7,072179794",Área Urbanizada,Região Metropolitana,,,Não,Especialista de Floresta
"-43,2333","-22,9",Pheidole incisa,GABI_00684518,"52,23049927",Área Urbanizada,Região Metropolitana,,,Não,Sem Classificação
"-43,1729","-22,9068",Linepithema neotropicum,GABI_00875325,"25,10580063",Área Urbanizada,Região Metropolitana,,,Não,Generalista
"-42,8833","-22,7",Labidus praedator,GABI_00683690,"17,16419983",Área Urbanizada,Região Metropolitana,,,Não,Especialista de Floresta
"-43,1729","-22,9068",Crematogaster crinosa,GABI_00498977,"25,10580063",Área Urbanizada,Região Metropolitana,,,Não,Especialista de Floresta
"-43,1729","-22,9068",Acromyrmex molestans,GABI_00935915,"25,10580063",Área Urbanizada,Região Metropolitana,,,Não,Sem Classificação
"-43,1729","-22,9068",Pheidole avia,GABI_00562385,"25,10580063",Área Urbanizada,Região Metropolitana,,,Não,Sem Classificação
"-43,7247","-22,5261",Neivamyrmex modestus,GABI_01005659,"445,1040039",Formação Florestal,Região Centro-Sul Fluminense,,,Não,Sem Classificação
"-43,7247","-22,5261",Neivamyrmex orthonotus,GABI_01005589,"445,1040039",Formação Florestal,Região Centro-Sul Fluminense,,,Não,Generalista
"-43,2265","-22,9058",Crematogaster curvispinosa,GABI_00906553,"28,57290077",Área Urbanizada,Região Metropolitana,,,Não,Generalista
"-43,1729","-22,9068",Nomamyrmex esenbeckii,GABI_00683939,"25,10580063",Área Urbanizada,Região Metropolitana,,,Não,Generalista
"-43,1729","-22,9068",Pheidole radoszkowskii,GABI_02394571,"25,10580063",Área Urbanizada,Região Metropolitana,,,Não,Generalista
"-43,196","-22,908",Hypoponera trigona,GABI_00926002,"7,072179794",Área Urbanizada,Região Metropolitana,,,Não,Especialista de Floresta
"-43,2265","-22,9058",Acromyrmex niger,GABI_00921847,"28,57290077",Área Urbanizada,Região Metropolitana,,,Não,Especialista de Área Aberta
"-42,0092","-22,6486",Cephalotes frigidus,GABI_02460767,"8,416000366",Área Urbanizada,Região das Baixadas Litorâneas,,,Não,Generalista
"-43,196","-22,908",Cyphomyrmex rimosus,GABI_00924751,"7,072179794",Área Urbanizada,Região Metropolitana,,,Não,Generalista
"-43,196","-22,908",Crematogaster crinosa,GABI_00924448,"7,072179794",Área Urbanizada,Região Metropolitana,,,Não,Especialista de Floresta
"-43,196","-22,908",Cephalotes angustus,GABI_00933736,"7,072179794",Área Urbanizada,Região Metropolitana,,,Não,Generalista
"-43,196","-22,908",Typhlomyrmex clavicornis,GABI_00930919,"7,072179794",Área Urbanizada,Região Metropolitana,,,Não,Sem Classificação
"-43,1729","-22,9068",Pheidole tijucana,GABI_01822778,"25,10580063",Área Urbanizada,Região Metropolitana,,,Não,Sem Classificação
"-43,1729","-22,9068",Pheidole jelskii,GABI_01819437,"25,10580063",Área Urbanizada,Região Metropolitana,,,Não,Generalista
"-43,196","-22,908",Camponotus sericeiventris,GABI_00922994,"7,072179794",Área Urbanizada,Região Metropolitana,,,Não,Generalista
"-43,0944","-22,8844",Neoponera apicalis,GABI_00684049,"22,71759987",Área Urbanizada,Região Metropolitana,,,Não,Especialista de Floresta
"-43,1729","-22,9068",Dinoponera quadriceps,GABI_00510648,"25,10580063",Área Urbanizada,Região Metropolitana,,,Não,Especialista de Área Aberta
"-43,1729","-22,9068",Camponotus alboannulatus nessus,GABI_00498689,"25,10580063",Área Urbanizada,Região Metropolitana,,,Não,Generalista
"-43,1729","-22,9068",Odontomachus meinerti,GABI_00949533,"25,10580063",Área Urbanizada,Região Metropolitana,,,Não,Generalista
"-43,7312","-22,5255",Neivamyrmex orthonotus,GABI_00547062,"420,9200134",Área Urbanizada,Região Centro-Sul Fluminense,,,Não,Generalista
"-43,1729","-22,9068",Linepithema neotropicum,GABI_00038610,"25,10580063",Área Urbanizada,Região Metropolitana,,,Não,Generalista
"-44,6285","-22,3698",Linepithema micans,GABI_02407861,"2425,370117",Formação Campestre,Região do Médio Paraíba,,,Não,Generalista
"-43,241","-22,9326",Acromyrmex niger,GABI_00547947,"33,86259842",Área Urbanizada,Região Metropolitana,,,Não,Especialista de Área Aberta
"-43,1729","-22,9068",Odontomachus haematodus,GABI_00683304,"25,10580063",Área Urbanizada,Região Metropolitana,,,Não,Generalista
"-43,196","-22,908",Heteroponera dolo,GABI_00925716,"7,072179794",Área Urbanizada,Região Metropolitana,,,Não,Especialista de Floresta
"-43,196","-22,908",Atta laevigata,GABI_00922251,"7,072179794",Área Urbanizada,Região Metropolitana,,,Não,Especialista de Área Aberta
"-44,6285","-22,3698",Linepithema anathema,GABI_02407807,"2425,370117",Formação Campestre,Região do Médio Paraíba,,,Não,Especialista de Área Aberta
"-43,1729","-22,9068",Camponotus cingulatus,GABI_02376268,"25,10580063",Área Urbanizada,Região Metropolitana,,,Não,Generalista
"-43,7312","-22,5255",Camponotus sericeiventris,GABI_00561272,"420,9200134",Área Urbanizada,Região Centro-Sul Fluminense,,,Não,Generalista
"-43,1729","-22,9068",Cephalotes pinelii,GABI_00928236,"25,10580063",Área Urbanizada,Região Metropolitana,,,Não,Especialista de Área Aberta
"-43,2265","-22,9058",Acromyrmex molestans,GABI_00921920,"28,57290077",Área Urbanizada,Região Metropolitana,,,Não,Sem Classificação
"-43,1729","-22,9068",Acromyrmex brunneus,GABI_00548046,"25,10580063",Área Urbanizada,Região Metropolitana,,,Não,Sem Classificação
"-43,1729","-22,9068",Cephalotes pusillus,GABI_00950357,"25,10580063",Área Urbanizada,Região Metropolitana,,,Não,Generalista
"-44,5721","-22,4912",Camponotus melanoticus,GABI_00561249,"413,302002",Área Urbanizada,Região do Médio Paraíba,,,Não,Generalista
"-43,4866","-22,4686",Atta sexdens,GABI_00547504,"645,1359863",Mosaico de usos,Região Centro-Sul Fluminense,,,Não,Generalista
"-44,6285","-22,3698",Cephalotes nilpiei,GABI_00968663,"2425,370117",Formação Campestre,Região do Médio Paraíba,,,Não,Generalista
"-43,3458","-22,8844",Neivamyrmex densepunctatus,GABI_01005642,"31,31739998",Área Urbanizada,Região Metropolitana,,,Não,Sem Classificação
"-44,6285","-22,3698",Linepithema micans,GABI_02407856,"2425,370117",Formação Campestre,Região do Médio Paraíba,,,Não,Generalista
"-43,7247","-22,5261",Neivamyrmex modestus,GABI_01005652,"445,1040039",Formação Florestal,Região Centro-Sul Fluminense,,,Não,Sem Classificação
"-43,7247","-22,5261",Neivamyrmex orthonotus,GABI_01005591,"445,1040039",Formação Florestal,Região Centro-Sul Fluminense,,,Não,Generalista
"-43,2265","-22,9058",Crematogaster crinosa,GABI_00924411,"28,57290077",Área Urbanizada,Região Metropolitana,,,Não,Especialista de Floresta
"-43,196","-22,908",Sericomyrmex opacus,GABI_00929989,"7,072179794",Área Urbanizada,Região Metropolitana,,,Não,Sem Classificação
"-43,1729","-22,9068",Myrmelachista elata,GABI_00485707,"25,10580063",Área Urbanizada,Região Metropolitana,,,Não,Sem Classificação
"-43,2667","-22,6904",Pogonomyrmex naegelii,GABI_00507886,"72,56040192",Mosaico de usos,Região Metropolitana,,,Não,Especialista de Área Aberta
"-43,1729","-22,9068",Procryptocerus adlerzi,GABI_01836132,"25,10580063",Área Urbanizada,Região Metropolitana,,,Não,Especialista de Floresta
"-43,7247","-22,5261",Neivamyrmex modestus,GABI_00680583,"445,1040039",Formação Florestal,Região Centro-Sul Fluminense,,,Não,Sem Classificação
"-44,6285","-22,3698",Myrmelachista catharinae,GABI_02408062,"2425,370117",Formação Campestre,Região do Médio Paraíba,,,Não,Especialista de Floresta
"-43,7312","-22,5255",Nylanderia fulva longiscapa,GABI_00561273,"420,9200134",Área Urbanizada,Região Centro-Sul Fluminense,,,Não,Especialista de Área Aberta
"-43,2265","-22,9058",Acromyrmex crassispinus,GABI_00921737,"28,57290077",Área Urbanizada,Região Metropolitana,,,Não,Especialista de Área Aberta
"-43,196","-22,908",Pheidole puttemansi,GABI_00928679,"7,072179794",Área Urbanizada,Região Metropolitana,,,Não,Especialista de Floresta
"-43,196","-22,908",Solenopsis saevissima,GABI_00930326,"7,072179794",Área Urbanizada,Região Metropolitana,,,Não,Generalista
"-44,6285","-22,3698",Camponotus rufipes,GABI_02406902,"2425,370117",Formação Campestre,Região do Médio Paraíba,,,Não,Generalista
"-44,6285","-22,3698",Camponotus melanoticus,GABI_02406816,"2425,370117",Formação Campestre,Região do Médio Paraíba,,,Não,Generalista
"-42,5341","-22,2887",Gnamptogenys mordax,GABI_00529242,"855,190979",Área Urbanizada,Região Serrana,,,Não,Especialista de Floresta
"-43,1729","-22,9068",Gnamptogenys continua,GABI_00561362,"25,10580063",Área Urbanizada,Região Metropolitana,,,Não,Especialista de Floresta
"-44,5667","-22,5",Procryptocerus lepidus,GABI_01851180,"419,1839905",Área Urbanizada,Região do Médio Paraíba,,,Não,Especialista de Área Aberta
"-44,5721","-22,4912",Pheidole transversostriata,GABI_00547092,"413,302002",Área Urbanizada,Região do Médio Paraíba,,,Não,Generalista
"-43,1729","-22,9068",Neivamyrmex erichsonii,GABI_00518405,"25,10580063",Área Urbanizada,Região Metropolitana,,,Não,Sem Classificação
"-43,1729","-22,9068",Pachycondyla striata,GABI_00503231,"25,10580063",Área Urbanizada,Região Metropolitana,,,Não,Generalista
"-43,2265","-22,9058",Crematogaster carinata,GABI_00906805,"28,57290077",Área Urbanizada,Região Metropolitana,,,Não,Especialista de Floresta
"-43,1729","-22,9068",Cephalotes angustus,GABI_00933740,"25,10580063",Área Urbanizada,Região Metropolitana,,,Não,Generalista
"-43,2333","-22,9",Camponotus senex,GABI_00683891,"52,23049927",Área Urbanizada,Região Metropolitana,,,Não,Generalista
"-43,1729","-22,9068",Neocerapachys splendens,GABI_00561346,"25,10580063",Área Urbanizada,Região Metropolitana,,,Não,Especialista de Floresta
"-43,196","-22,908",Discothyrea neotropica,GABI_00924895,"7,072179794",Área Urbanizada,Região Metropolitana,,,Não,Especialista de Floresta
"-44,5667","-22,5",Labidus praedator,GABI_00684372,"419,1839905",Área Urbanizada,Região do Médio Paraíba,,,Não,Especialista de Floresta
"-43,1729","-22,9068",Cephalotes depressus,GABI_00950171,"25,10580063",Área Urbanizada,Região Metropolitana,,,Não,Generalista
"-43,1729","-22,9068",Cephalotes atratus,GABI_00931473,"25,10580063",Área Urbanizada,Região Metropolitana,,,Não,Generalista
"-43,7312","-22,5255",Solenopsis helena,GABI_00547103,"420,9200134",Área Urbanizada,Região Centro-Sul Fluminense,,,Não,Especialista de Floresta
"-43,385","-22,8565",Rogeria subarmata,GABI_00507991,"24,57579994",Área Urbanizada,Região Metropolitana,,,Não,Especialista de Floresta
"-43,2265","-22,9058",Camponotus crassus,GABI_00923135,"28,57290077",Área Urbanizada,Região Metropolitana,,,Não,Generalista
"-44,6285","-22,3698",Camponotus divergens,GABI_02406759,"2425,370117",Formação Campestre,Região do Médio Paraíba,,,Não,Generalista
"-43,1729","-22,9068",Brachymyrmex admotus,GABI_02374669,"25,10580063",Área Urbanizada,Região Metropolitana,,,Não,Generalista
"-43,7247","-22,5261",Neivamyrmex modestus,GABI_00680571,"445,1040039",Formação Florestal,Região Centro-Sul Fluminense,,,Não,Sem Classificação
"-44,6285","-22,3698",Pachycondyla striata,GABI_02408651,"2425,370117",Formação Campestre,Região do Médio Paraíba,,,Não,Generalista
"-43,1729","-22,9068",Nylanderia fulva,GABI_00949574,"25,10580063",Área Urbanizada,Região Metropolitana,,,Não,Especialista de Área Aberta
"-42,9569","-22,371",Labidus coecus,GABI_00498810,"824,5689697",Formação Florestal,Região Serrana,,,Não,Generalista
"-43,1729","-22,9068",Gnamptogenys rimulosa,GABI_00521680,"25,10580063",Área Urbanizada,Região Metropolitana,,,Não,Sem Classificação
"-43,1729","-22,9068",Brachymyrmex cordemoyi,GABI_00498575,"25,10580063",Área Urbanizada,Região Metropolitana,,,Não,Generalista
"-44,103","-22,522",Strumigenys appretiata,GABI_00631828,"383,6059875",Área Urbanizada,Região do Médio Paraíba,,,Não,Especialista de Floresta
"-43,1729","-22,9068",Poneracantha rastrata,GABI_00847438,"25,10580063",Área Urbanizada,Região Metropolitana,,,Não,Especialista de Floresta
"-43,2265","-22,9058",Camponotus pallescens,GABI_00923815,"28,57290077",Área Urbanizada,Região Metropolitana,,,Não,Generalista
"-43,3306","-22,8817",Pseudomyrmex termitarius,GABI_00683498,"36,99209976",Área Urbanizada,Região Metropolitana,,,Não,Especialista de Área Aberta
"-42,8833","-22,7",Pseudomyrmex gracilis,GABI_00683695,"17,16419983",Área Urbanizada,Região Metropolitana,,,Não,Generalista
"-44,6285","-22,3698",Heteroponera mayri,GABI_02407557,"2425,370117",Formação Campestre,Região do Médio Paraíba,,,Não,Especialista de Floresta
"-41,4697","-22,1036",Odontomachus haematodus,GABI_00684152,"8,949350357",Área Urbanizada,Região Norte Fluminense,,,Não,Generalista
"-43,1729","-22,9068",Eurhopalothrix pilulifera,GABI_01658223,"25,10580063",Área Urbanizada,Região Metropolitana,,,Não,Sem Classificação
"-42,9569","-22,371",Labidus coecus,GABI_00515758,"824,5689697",Formação Florestal,Região Serrana,,,Não,Generalista
"-43,2333","-22,9",Pheidole susannae,GABI_00683175,"52,23049927",Área Urbanizada,Região Metropolitana,,,Não,Generalista
"-43,2333","-22,9",Neoponera villosa,GABI_00682893,"52,23049927",Área Urbanizada,Região Metropolitana,,,Não,Generalista
"-43,1729","-22,9068",Myrmelachista rudolphi,GABI_00926865,"25,10580063",Área Urbanizada,Região Metropolitana,,,Não,Sem Classificação
"-43,196","-22,908",Nesomyrmex spininodis,GABI_00926333,"7,072179794",Área Urbanizada,Região Metropolitana,,,Não,Generalista
"-43,1729","-22,9068",Cephalotes pusillus,GABI_00932071,"25,10580063",Área Urbanizada,Região Metropolitana,,,Não,Generalista
"-43,7312","-22,5255",Carebara urichi,GABI_02131371,"420,9200134",Área Urbanizada,Região Centro-Sul Fluminense,,,Não,Generalista
"-43,1729","-22,9068",Megalomyrmex symmetochus,GABI_00949365,"25,10580063",Área Urbanizada,Região Metropolitana,,,Não,Especialista de Floresta
"-43,1729","-22,9068",Strumigenys louisianae,GABI_00597771,"25,10580063",Área Urbanizada,Região Metropolitana,,,Não,Especialista de Floresta
"-43,1729","-22,9068",Centromyrmex gigas,GABI_00507282,"25,10580063",Área Urbanizada,Região Metropolitana,,,Não,Especialista de Área Aberta
"-43,1729","-22,9068",Camponotus rufipes,GABI_00956613,"25,10580063",Área Urbanizada,Região Metropolitana,,,Não,Generalista
"-44,5721","-22,4912",Camponotus rufipes,GABI_00561258,"413,302002",Área Urbanizada,Região do Médio Paraíba,,,Não,Generalista
"-43,1729","-22,9068",Gnamptogenys rimulosa,GABI_02432817,"25,10580063",Área Urbanizada,Região Metropolitana,,,Não,Sem Classificação
"-43,1729","-22,9068",Pachycondyla striata,GABI_02388511,"25,10580063",Área Urbanizada,Região Metropolitana,,,Não,Generalista
"-43,687","-22,769",Azteca ovaticeps,GABI_00257013,"24,28890038",Pastagem,Região Metropolitana,,,Não,Generalista
"-43,1729","-22,9068",Sericomyrmex mayri,GABI_01862754,"25,10580063",Área Urbanizada,Região Metropolitana,,,Não,Generalista
"-43,1729","-22,9068",Camponotus crassus,GABI_00498652,"25,10580063",Área Urbanizada,Região Metropolitana,,,Não,Generalista
"-43,1729","-22,9068",Cephalotes pusillus,GABI_00860909,"25,10580063",Área Urbanizada,Região Metropolitana,,,Não,Generalista
"-44,103","-22,522",Alfaria minuta,GABI_00631819,"383,6059875",Área Urbanizada,Região do Médio Paraíba,,,Não,Especialista de Floresta
"-43,1729","-22,9068",Cephalotes atratus,GABI_00931481,"25,10580063",Área Urbanizada,Região Metropolitana,,,Não,Generalista
"-43,1729","-22,9068",Neivamyrmex jerrmanni,GABI_00867376,"25,10580063",Área Urbanizada,Região Metropolitana,,,Não,Generalista
"-43,1729","-22,9068",Mycetarotes carinatus,GABI_00935845,"25,10580063",Área Urbanizada,Região Metropolitana,,,Não,Sem Classificação
"-43,196","-22,908",Camponotus canescens,GABI_00923112,"7,072179794",Área Urbanizada,Região Metropolitana,,,Não,Especialista de Floresta
"-43,1729","-22,9068",Neivamyrmex modestus,GABI_00927113,"25,10580063",Área Urbanizada,Região Metropolitana,,,Não,Sem Classificação
"-43,1729","-22,9068",Camponotus atriceps,GABI_00948990,"25,10580063",Área Urbanizada,Região Metropolitana,,,Não,Generalista
"-43,1729","-22,9068",Gnamptogenys mordax,GABI_00145244,"25,10580063",Área Urbanizada,Região Metropolitana,,,Não,Especialista de Floresta
"-43,1729","-22,9068",Pheidole rufipilis,GABI_00499113,"25,10580063",Área Urbanizada,Região Metropolitana,,,Não,Generalista
"-43,1729","-22,9068",Eciton burchellii,GABI_00683491,"25,10580063",Área Urbanizada,Região Metropolitana,,,Não,Generalista
"-43,6736","-22,7539",Linepithema angulatum,GABI_00555119,"32,78150177",Pastagem,Região Metropolitana,,,Não,Especialista de Área Aberta
"-43,1729","-22,9068",Neivamyrmex mars,GABI_00867079,"25,10580063",Área Urbanizada,Região Metropolitana,,,Não,Sem Classificação
"-44,6285","-22,3698",Acromyrmex disciger,GABI_02406424,"2425,370117",Formação Campestre,Região do Médio Paraíba,,,Não,Especialista de Área Aberta
"-42,0386","-22,6849",Pogonomyrmex naegelii,GABI_00683800,"7,573289871",Pastagem,Região das Baixadas Litorâneas,,,Não,Especialista de Área Aberta
"-44,6285","-22,3698",Mycetophylax olitor,GABI_02408026,"2425,370117",Formação Campestre,Região do Médio Paraíba,,,Não,Generalista
"-44,6285","-22,3698",Acromyrmex subterraneus,GABI_02406437,"2425,370117",Formação Campestre,Região do Médio Paraíba,,,Não,Especialista de Área Aberta
"-43,1729","-22,9068",Cephalotes pusillus,GABI_00910223,"25,10580063",Área Urbanizada,Região Metropolitana,,,Não,Generalista
"-43,7333","-22,5333",Procryptocerus schmalzi,GABI_01836240,"493,4819946",Formação Campestre,Região Centro-Sul Fluminense,,,Não,Especialista de Floresta
"-43,1729","-22,9068",Monomorium brasiliense,GABI_00482293,"25,10580063",Área Urbanizada,Região Metropolitana,,,Não,Sem Classificação
"-43,1729","-22,9068",Wasmannia auropunctata,GABI_02371040,"25,10580063",Área Urbanizada,Região Metropolitana,,,Não,Generalista
"-43,2775","-22,8751",Sericomyrmex mayri,GABI_01862766,"23,53479958",Área Urbanizada,Região Metropolitana,,,Não,Generalista
"-42,9732","-22,4179",Acromyrmex disciger,GABI_00547783,"884,8779907",Área Urbanizada,Região Serrana,,,Não,Especialista de Área Aberta
"-43,1729","-22,9068",Solenopsis goeldii,GABI_01819813,"25,10580063",Área Urbanizada,Região Metropolitana,,,Não,Sem Classificação
"-43,1729","-22,9068",Cephalotes minutus,GABI_00860828,"25,10580063",Área Urbanizada,Região Metropolitana,,,Não,Generalista
"-43,2841","-22,9727",Acromyrmex niger,GABI_00547934,"256,0669861",Área Urbanizada,Região Metropolitana,,,Não,Especialista de Área Aberta
"-43,196","-22,908",Crematogaster carinata,GABI_00924446,"7,072179794",Área Urbanizada,Região Metropolitana,,,Não,Especialista de Floresta
"-43,7312","-22,5255",Pheidole fallax,GABI_00547088,"420,9200134",Área Urbanizada,Região Centro-Sul Fluminense,,,Não,Especialista de Área Aberta
"-43,2265","-22,9058",Neivamyrmex latiscapus,GABI_00927081,"28,57290077",Área Urbanizada,Região Metropolitana,,,Não,Sem Classificação
"-43,2265","-22,9058",Camponotus personatus,GABI_00922974,"28,57290077",Área Urbanizada,Região Metropolitana,,,Não,Especialista de Área Aberta
"-43,1729","-22,9068",Cephalotes depressus,GABI_00933016,"25,10580063",Área Urbanizada,Região Metropolitana,,,Não,Generalista
"-44,5721","-22,4912",Procryptocerus schmalzi,GABI_00561212,"413,302002",Área Urbanizada,Região do Médio Paraíba,,,Não,Especialista de Floresta
"-44,5667","-22,5",Linepithema iniquum,GABI_00038181,"419,1839905",Área Urbanizada,Região do Médio Paraíba,,,Não,Generalista
"-43,196","-22,908",Strumigenys eggersi,GABI_00930455,"7,072179794",Área Urbanizada,Região Metropolitana,,,Não,Generalista
"-43,6736","-22,7539",Odontomachus haematodus,GABI_00555126,"32,78150177",Pastagem,Região Metropolitana,,,Não,Generalista
"-42,0386","-22,6849",Cyphomyrmex transversus,GABI_00509938,"7,573289871",Pastagem,Região das Baixadas Litorâneas,,,Não,Generalista
"-43,196","-22,908",Camponotus punctulatus,GABI_00923847,"7,072179794",Área Urbanizada,Região Metropolitana,,,Não,Generalista
"-43,2265","-22,9058",Pseudomyrmex laevivertex,GABI_00929587,"28,57290077",Área Urbanizada,Região Metropolitana,,,Não,Sem Classificação
"-43,1729","-22,9068",Neivamyrmex modestus,GABI_00562370,"25,10580063",Área Urbanizada,Região Metropolitana,,,Não,Sem Classificação
"-44,5721","-22,4912",Solenopsis saevissima,GABI_00547100,"413,302002",Área Urbanizada,Região do Médio Paraíba,,,Não,Generalista
"-43,7333","-22,5333",Procryptocerus convergens,GABI_01836157,"493,4819946",Formação Campestre,Região Centro-Sul Fluminense,,,Não,Especialista de Floresta
"-43,1729","-22,9068",Poneracantha mediatrix,GABI_00905701,"25,10580063",Área Urbanizada,Região Metropolitana,,,Não,Especialista de Floresta
"-43,7312","-22,5255",Mycocepurus smithii,GABI_02141605,"420,9200134",Área Urbanizada,Região Centro-Sul Fluminense,,,Não,Generalista
"-43,1729","-22,9068",Acromyrmex niger,GABI_02406432,"25,10580063",Área Urbanizada,Região Metropolitana,,,Não,Especialista de Área Aberta
"-43,1729","-22,9068",Pheidole gertrudae,GABI_02460764,"25,10580063",Área Urbanizada,Região Metropolitana,,,Não,Generalista
"-43,2265","-22,9058",Acanthognathus rudis,GABI_00921637,"28,57290077",Área Urbanizada,Região Metropolitana,,,Não,Sem Classificação
"-43,7247","-22,5261",Neivamyrmex orthonotus,GABI_01005593,"445,1040039",Formação Florestal,Região Centro-Sul Fluminense,,,Não,Generalista
"-43,1729","-22,9068",Pseudomyrmex gracilis,GABI_00503266,"25,10580063",Área Urbanizada,Região Metropolitana,,,Não,Generalista
"-44,5721","-22,4912",Oxyepoecus rastratus,GABI_00510832,"413,302002",Área Urbanizada,Região do Médio Paraíba,,,Não,Especialista de Floresta
"-43,7312","-22,5255",Brachymyrmex admotus,GABI_00561242,"420,9200134",Área Urbanizada,Região Centro-Sul Fluminense,,,Não,Generalista
"-43,196","-22,908",Sericomyrmex opacus,GABI_00929988,"7,072179794",Área Urbanizada,Região Metropolitana,,,Não,Sem Classificação
"-43,7312","-22,5255",Ectatomma edentatum,GABI_00547065,"420,9200134",Área Urbanizada,Região Centro-Sul Fluminense,,,Não,Generalista
"-43,1729","-22,9068",Camponotus melanoticus,GABI_00561340,"25,10580063",Área Urbanizada,Região Metropolitana,,,Não,Generalista
"-42,8833","-22,7",Neoponera crenata,GABI_00682786,"17,16419983",Área Urbanizada,Região Metropolitana,,,Não,Generalista
"-44,6285","-22,3698",Pheidole fimbriata,GABI_02409132,"2425,370117",Formação Campestre,Região do Médio Paraíba,,,Não,Especialista de Floresta
"-43,1729","-22,9068",Dolichoderus lutosus,GABI_00562398,"25,10580063",Área Urbanizada,Região Metropolitana,,,Não,Generalista
"-43,196","-22,908",Procryptocerus regularis,GABI_00929375,"7,072179794",Área Urbanizada,Região Metropolitana,,,Não,Especialista de Floresta
"-44,103","-22,522",Mycetarotes carinatus,GABI_00631826,"383,6059875",Área Urbanizada,Região do Médio Paraíba,,,Não,Sem Classificação
"-43,1729","-22,9068",Atta laevigata,GABI_00518872,"25,10580063",Área Urbanizada,Região Metropolitana,,,Não,Especialista de Área Aberta
"-43,1729","-22,9068",Pheidole gertrudae,GABI_00507936,"25,10580063",Área Urbanizada,Região Metropolitana,,,Não,Generalista
"-43,1729","-22,9068",Cephalotes atratus,GABI_00931483,"25,10580063",Área Urbanizada,Região Metropolitana,,,Não,Generalista
"-43,1729","-22,9068",Pheidole tijucana,GABI_00929073,"25,10580063",Área Urbanizada,Região Metropolitana,,,Não,Sem Classificação
"-43,1729","-22,9068",Labidus coecus,GABI_00683820,"25,10580063",Área Urbanizada,Região Metropolitana,,,Não,Generalista
"-43,1729","-22,9068",Pheidole fallax,GABI_00547087,"25,10580063",Área Urbanizada,Região Metropolitana,,,Não,Especialista de Área Aberta
"-43,2265","-22,9058",Camponotus vittatus,GABI_00923762,"28,57290077",Área Urbanizada,Região Metropolitana,,,Não,Generalista
"-43,2333","-22,9",Pheidole fallax,GABI_00682585,"52,23049927",Área Urbanizada,Região Metropolitana,,,Não,Especialista de Área Aberta
"-43,2333","-22,9",Pheidole cordiceps,GABI_00683535,"52,23049927",Área Urbanizada,Região Metropolitana,,,Não,Sem Classificação
"-43,1729","-22,9068",Sericomyrmex mayri,GABI_01862755,"25,10580063",Área Urbanizada,Região Metropolitana,,,Não,Generalista
"-43,4167","-22,9167",Sericomyrmex mayri,GABI_01862742,"83,70010376",Formação Florestal,Região Metropolitana,,,Não,Generalista
"-43,1729","-22,9068",Pseudomyrmex cubaensis,GABI_00949780,"25,10580063",Área Urbanizada,Região Metropolitana,,,Não,Especialista de Floresta
"-43,1729","-22,9068",Camponotus canescens,GABI_00561265,"25,10580063",Área Urbanizada,Região Metropolitana,,,Não,Especialista de Floresta
"-43,1729","-22,9068",Cyphomyrmex bicornis,GABI_00151106,"25,10580063",Área Urbanizada,Região Metropolitana,,,Não,Sem Classificação
"-43,1729","-22,9068",Dolichoderus attelaboides,GABI_00516216,"25,10580063",Área Urbanizada,Região Metropolitana,,,Não,Especialista de Floresta
"-44,6285","-22,3698",Acromyrmex niger,GABI_02406433,"2425,370117",Formação Campestre,Região do Médio Paraíba,,,Não,Especialista de Área Aberta
"-44,5667","-22,5",Pheidole rufipilis,GABI_00683166,"419,1839905",Área Urbanizada,Região do Médio Paraíba,,,Não,Generalista
"-43,1845","-22,8038",Ectatomma edentatum,GABI_00476038,"51,45299911",Área Urbanizada,Região Metropolitana,,,Não,Generalista
"-44,6285","-22,3698",Odontomachus meinerti,GABI_02408596,"2425,370117",Formação Campestre,Região do Médio Paraíba,,,Não,Generalista
"-43,2265","-22,9058",Solenopsis helena,GABI_00930345,"28,57290077",Área Urbanizada,Região Metropolitana,,,Não,Especialista de Floresta
"-43,1729","-22,9068",Crematogaster nigropilosa,GABI_02367715,"25,10580063",Área Urbanizada,Região Metropolitana,,,Não,Generalista
"-43,1729","-22,9068",Procryptocerus regularis,GABI_01836186,"25,10580063",Área Urbanizada,Região Metropolitana,,,Não,Especialista de Floresta
"-43,1729","-22,9068",Pseudomyrmex phyllophilus,GABI_00509812,"25,10580063",Área Urbanizada,Região Metropolitana,,,Não,Generalista
"-42,0386","-22,6849",Nesomyrmex echinatinodis,GABI_00507557,"7,573289871",Pastagem,Região das Baixadas Litorâneas,,,Não,Sem Classificação
"-43,7312","-22,5255",Neoponera crenata,GABI_00547068,"420,9200134",Área Urbanizada,Região Centro-Sul Fluminense,,,Não,Generalista
"-43,196","-22,908",Eciton burchellii,GABI_00925024,"7,072179794",Área Urbanizada,Região Metropolitana,,,Não,Generalista
"-43,1729","-22,9068",Acromyrmex brunneus,GABI_00483282,"25,10580063",Área Urbanizada,Região Metropolitana,,,Não,Sem Classificação
"-43,1729","-22,9068",Sericomyrmex bondari,GABI_00935993,"25,10580063",Área Urbanizada,Região Metropolitana,,,Não,Especialista de Floresta
"-44,103","-22,522",Odontomachus chelifer,GABI_00631829,"383,6059875",Área Urbanizada,Região do Médio Paraíba,,,Não,Generalista
"-43,1729","-22,9068",Cephalotes pallens,GABI_00950303,"25,10580063",Área Urbanizada,Região Metropolitana,,,Não,Especialista de Floresta
"-43,1729","-22,9068",Dorymyrmex pyramicus,GABI_02367947,"25,10580063",Área Urbanizada,Região Metropolitana,,,Não,Generalista
"-43,1907","-22,9191",Solenopsis bicolor,GABI_00509374,"101,7720032",Área Urbanizada,Região Metropolitana,,,Não,Especialista de Floresta
"-43,7312","-22,5255",Neivamyrmex modestus,GABI_00519005,"420,9200134",Área Urbanizada,Região Centro-Sul Fluminense,,,Não,Sem Classificação
"-43,1729","-22,9068",Cyphomyrmex transversus,GABI_00561355,"25,10580063",Área Urbanizada,Região Metropolitana,,,Não,Generalista
"-43,1729","-22,9068",Camponotus atriceps,GABI_02367248,"25,10580063",Área Urbanizada,Região Metropolitana,,,Não,Generalista
"-44,6386","-22,4116",Leptogenys carioca,GABI_01875052,"1983,97998",Formação Florestal,Região do Médio Paraíba,,,Não,Sem Classificação
"-43,1153","-22,8859",Crematogaster distans,GABI_00201305,"7,022339821",Área Urbanizada,Região Metropolitana,,,Não,Generalista
"-43,1729","-22,9068",Odontomachus hastatus,GABI_00561374,"25,10580063",Área Urbanizada,Região Metropolitana,,,Não,Especialista de Floresta
"-42,8796","-22,7009",Nesomyrmex asper,GABI_00507521,"23,6923008",Área Urbanizada,Região Metropolitana,,,Não,Especialista de Floresta
"-44,5667","-22,5",Pseudomyrmex gracilis,GABI_00683938,"419,1839905",Área Urbanizada,Região do Médio Paraíba,,,Não,Generalista
"-41,3267","-21,7587",Crematogaster crinosa,GABI_00201405,"10,04279995",Área Urbanizada,Região Norte Fluminense,,,Não,Especialista de Floresta
"-43,1729","-22,9068",Dorymyrmex pyramicus,GABI_02383200,"25,10580063",Área Urbanizada,Região Metropolitana,,,Não,Generalista
"-43,1729","-22,9068",Brachymyrmex heeri,GABI_02375201,"25,10580063",Área Urbanizada,Região Metropolitana,,,Não,Especialista de Floresta
"-43,1729","-22,9068",Gnamptogenys mordax,GABI_00476073,"25,10580063",Área Urbanizada,Região Metropolitana,,,Não,Especialista de Floresta
"-43,1765","-22,9073",Atta sexdens,GABI_00547506,"35,01190186",Área Urbanizada,Região Metropolitana,,,Não,Generalista
"-44,5721","-22,4912",Pseudomyrmex phyllophilus,GABI_00509809,"413,302002",Área Urbanizada,Região do Médio Paraíba,,,Não,Generalista
"-43,1729","-22,9068",Pseudomyrmex flavidulus,GABI_00499311,"25,10580063",Área Urbanizada,Região Metropolitana,,,Não,Especialista de Área Aberta
"-44,5721","-22,4912",Neivamyrmex detectus,GABI_02142626,"413,302002",Área Urbanizada,Região do Médio Paraíba,,,Não,Sem Classificação
"-43,196","-22,908",Pachycondyla impressa,GABI_00927959,"7,072179794",Área Urbanizada,Região Metropolitana,,,Não,Especialista de Floresta
"-43,1729","-22,9068",Cephalotes angustus,GABI_00498937,"25,10580063",Área Urbanizada,Região Metropolitana,,,Não,Generalista
"-42,0386","-22,6849",Mycetophylax morschi,GABI_00837537,"7,573289871",Pastagem,Região das Baixadas Litorâneas,,,Não,Especialista de Área Aberta
"-43,1729","-22,9068",Hylomyrma reitteri,GABI_00511421,"25,10580063",Área Urbanizada,Região Metropolitana,,,Não,Especialista de Floresta
"-41,9","-21,6667",Pheidole goeldii,GABI_02010957,"52,59080124",Pastagem,Região Norte Fluminense,,,Não,Sem Classificação
"-43,1729","-22,9068",Crematogaster goeldii,GABI_01836323,"25,10580063",Área Urbanizada,Região Metropolitana,,,Não,Sem Classificação
"-43,1729","-22,9068",Acromyrmex subterraneus,GABI_00561220,"25,10580063",Área Urbanizada,Região Metropolitana,,,Não,Especialista de Área Aberta
"-44,6285","-22,3698",Oxyepoecus vezenyii,GABI_02408631,"2425,370117",Formação Campestre,Região do Médio Paraíba,,,Não,Especialista de Floresta
"-43,7312","-22,5255",Camponotus cingulatus,GABI_00561256,"420,9200134",Área Urbanizada,Região Centro-Sul Fluminense,,,Não,Generalista
"-43,1729","-22,9068",Atta sexdens,GABI_00516676,"25,10580063",Área Urbanizada,Região Metropolitana,,,Não,Generalista
"-44,5721","-22,4912",Neivamyrmex mars,GABI_00680699,"413,302002",Área Urbanizada,Região do Médio Paraíba,,,Não,Sem Classificação
"-43,1729","-22,9068",Pseudoponera succedanea,GABI_00939060,"25,10580063",Área Urbanizada,Região Metropolitana,,,Não,Especialista de Floresta
"-44,6285","-22,3698",Anochetus altisquamis,GABI_02406460,"2425,370117",Formação Campestre,Região do Médio Paraíba,,,Não,Especialista de Floresta
"-43,3248","-22,8529",Odontomachus hastatus,GABI_00561304,"25,09119987",Área Urbanizada,Região Metropolitana,,,Não,Especialista de Floresta
"-41,4697","-22,1036",Atta robusta,GABI_00516681,"8,949350357",Área Urbanizada,Região Norte Fluminense,,,Não,Sem Classificação
"-42,3956","-22,6476",Linepithema neotropicum,GABI_00875337,"16,27639961",Área Urbanizada,Região das Baixadas Litorâneas,,,Não,Generalista
"-43,1729","-22,9068",Dorymyrmex brunneus,GABI_00499358,"25,10580063",Área Urbanizada,Região Metropolitana,,,Não,Especialista de Área Aberta
"-43,1729","-22,9068",Cephalotes pusillus,GABI_00932053,"25,10580063",Área Urbanizada,Região Metropolitana,,,Não,Generalista
"-43,1729","-22,9068",Procryptocerus convergens,GABI_00498959,"25,10580063",Área Urbanizada,Região Metropolitana,,,Não,Especialista de Floresta
"-43,1729","-22,9068",Heteroponera dolo,GABI_00498748,"25,10580063",Área Urbanizada,Região Metropolitana,,,Não,Especialista de Floresta
"-44,5667","-22,5",Neivamyrmex hetschkoi,GABI_00684114,"419,1839905",Área Urbanizada,Região do Médio Paraíba,,,Não,Generalista
"-44,5721","-22,4912",Strumigenys comis,GABI_02401583,"413,302002",Área Urbanizada,Região do Médio Paraíba,,,Não,Especialista de Floresta
"-43,1729","-22,9068",Camponotus novogranadensis,GABI_02377358,"25,10580063",Área Urbanizada,Região Metropolitana,,,Não,Generalista
"-44,5721","-22,4912",Atta bisphaerica,GABI_00518864,"413,302002",Área Urbanizada,Região do Médio Paraíba,,,Não,Sem Classificação
"-43,2265","-22,9058",Procryptocerus convergens,GABI_00929323,"28,57290077",Área Urbanizada,Região Metropolitana,,,Não,Especialista de Floresta
"-43,1729","-22,9068",Cephalotes patellaris,GABI_00933415,"25,10580063",Área Urbanizada,Região Metropolitana,,,Não,Especialista de Floresta
"-43,1729","-22,9068",Crematogaster curvispinosa,GABI_00514469,"25,10580063",Área Urbanizada,Região Metropolitana,,,Não,Generalista
"-43,1788","-22,8972",Atta robusta,GABI_00516882,"28,01619911",Área Urbanizada,Região Metropolitana,,,Não,Sem Classificação
"-43,1729","-22,9068",Camponotus senex,GABI_00923256,"25,10580063",Área Urbanizada,Região Metropolitana,,,Não,Generalista
"-43,1729","-22,9068",Procryptocerus adlerzi,GABI_00519353,"25,10580063",Área Urbanizada,Região Metropolitana,,,Não,Especialista de Floresta
"-44,5721","-22,4912",Octostruma stenognatha,GABI_00728490,"413,302002",Área Urbanizada,Região do Médio Paraíba,,,Não,Especialista de Floresta
"-43,7247","-22,5261",Neivamyrmex modestus,GABI_00680568,"445,1040039",Formação Florestal,Região Centro-Sul Fluminense,,,Não,Sem Classificação
"-43,7247","-22,5261",Neivamyrmex modestus,GABI_00680587,"445,1040039",Formação Florestal,Região Centro-Sul Fluminense,,,Não,Sem Classificação
"-43,1729","-22,9068",Cylindromyrmex brasiliensis,GABI_00508808,"25,10580063",Área Urbanizada,Região Metropolitana,,,Não,Especialista de Floresta
"-43,2401","-22,9306",Strumigenys saliens,GABI_01648420,"32,21210098",Área Urbanizada,Região Metropolitana,,,Não,Especialista de Floresta
"-43,7312","-22,5255",Pseudomyrmex simplex,GABI_00845023,"420,9200134",Área Urbanizada,Região Centro-Sul Fluminense,,,Não,Generalista
"-43,1729","-22,9068",Pseudomyrmex schuppi,GABI_00509726,"25,10580063",Área Urbanizada,Região Metropolitana,,,Não,Especialista de Floresta
"-43,196","-22,908",Pheidole gertrudae,GABI_00928767,"7,072179794",Área Urbanizada,Região Metropolitana,,,Não,Generalista
"-43,196","-22,908",Nesomyrmex spininodis,GABI_00926329,"7,072179794",Área Urbanizada,Região Metropolitana,,,Não,Generalista
"-43,1729","-22,9068",Gnamptogenys continua,GABI_02432799,"25,10580063",Área Urbanizada,Região Metropolitana,,,Não,Especialista de Floresta
"-43,1729","-22,9068",Pheidole fallax,GABI_02393363,"25,10580063",Área Urbanizada,Região Metropolitana,,,Não,Especialista de Área Aberta
"-43,7312","-22,5255",Acromyrmex subterraneus,GABI_01822309,"420,9200134",Área Urbanizada,Região Centro-Sul Fluminense,,,Não,Especialista de Área Aberta
"-43,1729","-22,9068",Solenopsis patagonica,GABI_00499228,"25,10580063",Área Urbanizada,Região Metropolitana,,,Não,Sem Classificação
"-43,0153","-22,6556",Pheidole laevifrons,GABI_00682739,"7,851860046",Mosaico de usos,Região Metropolitana,,,Não,Especialista de Floresta
"-44,5667","-22,5",Procryptocerus convergens,GABI_01836156,"419,1839905",Área Urbanizada,Região do Médio Paraíba,,,Não,Especialista de Floresta
"-43,2265","-22,9058",Pseudomyrmex unicolor,GABI_00929904,"28,57290077",Área Urbanizada,Região Metropolitana,,,Não,Generalista
"-43,2101","-22,9247",Pogonomyrmex naegelii,GABI_00507890,"20,57629967",Área Urbanizada,Região Metropolitana,,,Não,Especialista de Área Aberta
"-43,5558","-22,9057",Acanthostichus laticornis,GABI_00843289,"30,89010048",Área Urbanizada,Região Metropolitana,,,Não,Generalista
"-44,6285","-22,3698",Oxyepoecus reticulatus,GABI_02408620,"2425,370117",Formação Campestre,Região do Médio Paraíba,,,Não,Especialista de Floresta
"-44,6285","-22,3698",Ectatomma edentatum,GABI_02407329,"2425,370117",Formação Campestre,Região do Médio Paraíba,,,Não,Generalista
"-43,2333","-22,9",Neivamyrmex legionis,GABI_00682686,"52,23049927",Área Urbanizada,Região Metropolitana,,,Não,Especialista de Floresta
"-43,0944","-22,8844",Neivamyrmex pilosus,GABI_00684048,"22,71759987",Área Urbanizada,Região Metropolitana,,,Não,Especialista de Floresta
"-43,196","-22,908",Neivamyrmex orthonotus,GABI_00927118,"7,072179794",Área Urbanizada,Região Metropolitana,,,Não,Generalista
"-43,7247","-22,5261",Neivamyrmex modestus,GABI_01005572,"445,1040039",Formação Florestal,Região Centro-Sul Fluminense,,,Não,Sem Classificação
"-43,1729","-22,9068",Pheidole susannae,GABI_00258683,"25,10580063",Área Urbanizada,Região Metropolitana,,,Não,Generalista
"-43,7247","-22,5261",Neivamyrmex orthonotus,GABI_01005587,"445,1040039",Formação Florestal,Região Centro-Sul Fluminense,,,Não,Generalista
"-43,7247","-22,5261",Neivamyrmex orthonotus,GABI_00680550,"445,1040039",Formação Florestal,Região Centro-Sul Fluminense,,,Não,Generalista
"-43,1729","-22,9068",Camponotus coriolanus,GABI_00922827,"25,10580063",Área Urbanizada,Região Metropolitana,,,Não,Sem Classificação
"-43,1729","-22,9068",Pheidole bambusarum,GABI_00109568,"25,10580063",Área Urbanizada,Região Metropolitana,,,Não,Especialista de Floresta
"-43,1729","-22,9068",Eciton burchellii,GABI_00683324,"25,10580063",Área Urbanizada,Região Metropolitana,,,Não,Generalista
"-44,5667","-22,5",Neivamyrmex densepunctatus,GABI_00568173,"419,1839905",Área Urbanizada,Região do Médio Paraíba,,,Não,Sem Classificação
"-43,2265","-22,9058",Crematogaster lutzi,GABI_00924528,"28,57290077",Área Urbanizada,Região Metropolitana,,,Não,Especialista de Floresta
"-42,0386","-22,6849",Neoponera villosa,GABI_00682612,"7,573289871",Pastagem,Região das Baixadas Litorâneas,,,Não,Generalista
"-43,196","-22,908",Pheidole obscurior,GABI_00929058,"7,072179794",Área Urbanizada,Região Metropolitana,,,Não,Especialista de Floresta
"-43,2265","-22,9058",Pheidole wolfringi,GABI_00929115,"28,57290077",Área Urbanizada,Região Metropolitana,,,Não,Especialista de Floresta
"-44,6285","-22,3698",Acromyrmex disciger,GABI_02406425,"2425,370117",Formação Campestre,Região do Médio Paraíba,,,Não,Especialista de Área Aberta
"-43,1729","-22,9068",Azteca severini,GABI_00922538,"25,10580063",Área Urbanizada,Região Metropolitana,,,Não,Sem Classificação
"-44,6285","-22,3698",Wasmannia affinis,GABI_02410340,"2425,370117",Formação Campestre,Região do Médio Paraíba,,,Não,Generalista
"-43,2333","-22,9",Pheidole fallax,GABI_00682586,"52,23049927",Área Urbanizada,Região Metropolitana,,,Não,Especialista de Área Aberta
"-42,8833","-22,7",Pseudomyrmex termitarius,GABI_00683842,"17,16419983",Área Urbanizada,Região Metropolitana,,,Não,Especialista de Área Aberta
"-43,7312","-22,5255",Nesomyrmex echinatinodis,GABI_00507555,"420,9200134",Área Urbanizada,Região Centro-Sul Fluminense,,,Não,Sem Classificação
"-43,6736","-22,7539",Mycocepurus smithii,GABI_00555124,"32,78150177",Pastagem,Região Metropolitana,,,Não,Generalista
"-43,2265","-22,9058",Sericomyrmex mayri,GABI_00936000,"28,57290077",Área Urbanizada,Região Metropolitana,,,Não,Generalista
"-43,3823","-22,7836",Pseudomyrmex schuppi,GABI_00509727,"14,70660019",Área Urbanizada,Região Metropolitana,,,Não,Especialista de Floresta
"-43,1729","-22,9068",Cephalotes membranaceus,GABI_00508778,"25,10580063",Área Urbanizada,Região Metropolitana,,,Não,Especialista de Floresta
"-43,1729","-22,9068",Cephalotes maculatus,GABI_00950245,"25,10580063",Área Urbanizada,Região Metropolitana,,,Não,Generalista
"-43,1729","-22,9068",Dorymyrmex brunneus,GABI_00516444,"25,10580063",Área Urbanizada,Região Metropolitana,,,Não,Especialista de Área Aberta
"-44,103","-22,522",Carebara urichi,GABI_00631823,"383,6059875",Área Urbanizada,Região do Médio Paraíba,,,Não,Generalista
"-43,1729","-22,9068",Ectatomma permagnum,GABI_00515932,"25,10580063",Área Urbanizada,Região Metropolitana,,,Não,Generalista
"-43,1729","-22,9068",Pheidole piliventris,GABI_00928917,"25,10580063",Área Urbanizada,Região Metropolitana,,,Não,Sem Classificação
"-43,1729","-22,9068",Linepithema neotropicum,GABI_00875338,"25,10580063",Área Urbanizada,Região Metropolitana,,,Não,Generalista
"-43,1729","-22,9068",Pheidole obscurior,GABI_00499089,"25,10580063",Área Urbanizada,Região Metropolitana,,,Não,Especialista de Floresta
"-43,2265","-22,9058",Solenopsis globularia,GABI_00930217,"28,57290077",Área Urbanizada,Região Metropolitana,,,Não,Generalista
"-43,7312","-22,5255",Camponotus macrocephalus,GABI_00509313,"420,9200134",Área Urbanizada,Região Centro-Sul Fluminense,,,Não,Generalista
"-44,5667","-22,5",Linepithema micans,GABI_00038319,"419,1839905",Área Urbanizada,Região do Médio Paraíba,,,Não,Generalista
"-43,2265","-22,9058",Nesomyrmex tonsuratus,GABI_00926346,"28,57290077",Área Urbanizada,Região Metropolitana,,,Não,Sem Classificação
"-42,9833","-22,4333",Neivamyrmex legionis,GABI_00683618,"940,0949707",Mosaico de usos,Região Serrana,,,Não,Especialista de Floresta
"-43,1153","-22,8859",Cephalotes atratus,GABI_00860697,"7,022339821",Área Urbanizada,Região Metropolitana,,,Não,Generalista
"-43,7312","-22,5255",Azteca muelleri,GABI_00561232,"420,9200134",Área Urbanizada,Região Centro-Sul Fluminense,,,Não,Especialista de Floresta
"-44,6285","-22,3698",Linepithema micans,GABI_02407862,"2425,370117",Formação Campestre,Região do Médio Paraíba,,,Não,Generalista
"-43,1729","-22,9068",Neoponera curvinodis,GABI_02389878,"25,10580063",Área Urbanizada,Região Metropolitana,,,Não,Especialista de Floresta
"-43,1729","-22,9068",Typhlomyrmex reichenspergeri,GABI_02432569,"25,10580063",Área Urbanizada,Região Metropolitana,,,Não,Especialista de Floresta
"-44,6285","-22,3698",Strumigenys denticulata,GABI_02409970,"2425,370117",Formação Campestre,Região do Médio Paraíba,,,Não,Especialista de Floresta
"-43,196","-22,908",Holcoponera striatula,GABI_00925615,"7,072179794",Área Urbanizada,Região Metropolitana,,,Não,Especialista de Floresta
"-43,196","-22,908",Cephalotes minutus,GABI_00928164,"7,072179794",Área Urbanizada,Região Metropolitana,,,Não,Generalista
"-43,1729","-22,9068",Hypoponera foreli,GABI_02385373,"25,10580063",Área Urbanizada,Região Metropolitana,,,Não,Especialista de Floresta
"-43,1729","-22,9068",Camponotus renggeri,GABI_02378020,"25,10580063",Área Urbanizada,Região Metropolitana,,,Não,Generalista
"-43,7312","-22,5255",Carebara urichi,GABI_00547105,"420,9200134",Área Urbanizada,Região Centro-Sul Fluminense,,,Não,Generalista
"-43,1729","-22,9068",Labidus coecus,GABI_00683797,"25,10580063",Área Urbanizada,Região Metropolitana,,,Não,Generalista
"-43,2265","-22,9058",Cephalotes membranaceus,GABI_00931075,"28,57290077",Área Urbanizada,Região Metropolitana,,,Não,Especialista de Floresta
"-43,1729","-22,9068",Carebara urichi,GABI_00927881,"25,10580063",Área Urbanizada,Região Metropolitana,,,Não,Generalista
"-43,1729","-22,9068",Pheidole tristis,GABI_01822784,"25,10580063",Área Urbanizada,Região Metropolitana,,,Não,Especialista de Floresta
"-43,1729","-22,9068",Poneracantha mediatrix,GABI_02432855,"25,10580063",Área Urbanizada,Região Metropolitana,,,Não,Especialista de Floresta
"-43,7247","-22,5261",Neivamyrmex modestus,GABI_00680607,"445,1040039",Formação Florestal,Região Centro-Sul Fluminense,,,Não,Sem Classificação
"-43,1729","-22,9068",Pheidole tijucana,GABI_00892371,"25,10580063",Área Urbanizada,Região Metropolitana,,,Não,Sem Classificação
"-43,2265","-22,9058",Crematogaster distans,GABI_00924302,"28,57290077",Área Urbanizada,Região Metropolitana,,,Não,Generalista
"-43,7312","-22,5255",Tapinoma atriceps,GABI_00561238,"420,9200134",Área Urbanizada,Região Centro-Sul Fluminense,,,Não,Especialista de Floresta
"-43,1729","-22,9068",Dorymyrmex pyramicus,GABI_00516431,"25,10580063",Área Urbanizada,Região Metropolitana,,,Não,Generalista
"-43,1729","-22,9068",Dorymyrmex brunneus,GABI_00842826,"25,10580063",Área Urbanizada,Região Metropolitana,,,Não,Especialista de Área Aberta
"-44,5721","-22,4912",Eciton quadriglume,GABI_00517654,"413,302002",Área Urbanizada,Região do Médio Paraíba,,,Não,Especialista de Floresta
"-43,7312","-22,5255",Atta laevigata,GABI_00547480,"420,9200134",Área Urbanizada,Região Centro-Sul Fluminense,,,Não,Especialista de Área Aberta
"-44,5721","-22,4912",Brachymyrmex admotus,GABI_00561244,"413,302002",Área Urbanizada,Região do Médio Paraíba,,,Não,Generalista
"-43,7247","-22,5261",Neivamyrmex orthonotus,GABI_00680552,"445,1040039",Formação Florestal,Região Centro-Sul Fluminense,,,Não,Generalista
"-43,3396","-23,0006",Acromyrmex crassispinus,GABI_00547772,"12,93280029",Área Urbanizada,Região Metropolitana,,,Não,Especialista de Área Aberta
"-43,4485","-22,8477",Pheidole tijucana,GABI_02013399,"29,95289993",Campo Alagado e Área Pantanosa,Região Metropolitana,,,Não,Sem Classificação
"-43,374","-22,923",Pheidole sensitiva,GABI_01658320,"19,46920013",Área Urbanizada,Região Metropolitana,,,Não,Especialista de Floresta
"-44,5667","-22,5",Eciton quadriglume,GABI_00684369,"419,1839905",Área Urbanizada,Região do Médio Paraíba,,,Não,Especialista de Floresta
"-43,1729","-22,9068",Linepithema humile,GABI_00874894,"25,10580063",Área Urbanizada,Região Metropolitana,,,Não,Especialista de Área Aberta
"-42,0541","-22,0607",Acromyrmex coronatus,GABI_00547705,"663,2050171",Área Urbanizada,Região Serrana,,,Não,Especialista de Floresta
"-42,8796","-22,7009",Nesomyrmex tonsuratus,GABI_01658268,"23,6923008",Área Urbanizada,Região Metropolitana,,,Não,Sem Classificação
"-43,1729","-22,9068",Acromyrmex brunneus,GABI_00487193,"25,10580063",Área Urbanizada,Região Metropolitana,,,Não,Sem Classificação
"-43,3248","-22,8529",Ectatomma permagnum,GABI_00561279,"25,09119987",Área Urbanizada,Região Metropolitana,,,Não,Generalista
"-42,5341","-22,2887",Acromyrmex subterraneus,GABI_00548031,"855,190979",Área Urbanizada,Região Serrana,,,Não,Especialista de Área Aberta
"-43,196","-22,908",Neivamyrmex dorbignii,GABI_00927251,"7,072179794",Área Urbanizada,Região Metropolitana,,,Não,Generalista
"-43,1729","-22,9068",Camponotus atriceps,GABI_00956695,"25,10580063",Área Urbanizada,Região Metropolitana,,,Não,Generalista
"-43,1868","-22,5667",Labidus coecus,GABI_00482247,"74,77459717",Área Urbanizada,Região Metropolitana,,,Não,Generalista
"-43,1729","-22,9068",Pheidole diligens,GABI_02369491,"25,10580063",Área Urbanizada,Região Metropolitana,,,Não,Generalista
"-43,1729","-22,9068",Camponotus lespesii,GABI_02367318,"25,10580063",Área Urbanizada,Região Metropolitana,,,Não,Especialista de Área Aberta
"-44,103","-22,522",Camponotus crassus,GABI_00631820,"383,6059875",Área Urbanizada,Região do Médio Paraíba,,,Não,Generalista
"-43,1729","-22,9068",Pheidole fimbriata,GABI_02369511,"25,10580063",Área Urbanizada,Região Metropolitana,,,Não,Especialista de Floresta
"-43,3248","-22,8529",Mayaponera arhuaca,GABI_00561306,"25,09119987",Área Urbanizada,Região Metropolitana,,,Não,Especialista de Floresta
"-43,1729","-22,9068",Pseudomyrmex godmani,GABI_00499299,"25,10580063",Área Urbanizada,Região Metropolitana,,,Não,Especialista de Floresta
"-42,5","-22,1833",Procryptocerus regularis,GABI_01851210,"936,5780029",Pastagem,Região Serrana,,,Não,Especialista de Floresta